city,key,lat,lon,area_m2,perimeter_m,n_vertices,osm_tag_m,height_source,sv_height_m,sv_n_views,sv_n_seeds,sv_mad_m,sv_confidence,truth_m
benidorm,ed4ea94093cffe34,38.540393,-0.106393,52.1,30.9,10,41.6,osm_levels,61.177547454833984,2,1,12.077579498291016,0.2882779836654663,39.66
benidorm,a9403e9240fbafcb,38.540771,-0.106659,42.5,31.0,11,51.2,osm_levels,60.5224723815918,2,1,10.013683319091797,0.2882779836654663,54.55
benidorm,e9e50329647715af,38.546705,-0.11556,24.6,20.0,5,,default,46.40678024291992,2,1,3.2331886291503906,0.2402828186750412,2.85
benidorm,25d60e72bedfb092,38.5458,-0.111744,123.8,55.6,11,9.600000000000001,osm_levels,19.629335403442383,2,1,2.3941574096679688,0.2882779836654663,6.74
benidorm,19b1f8dc5dcfb705,38.54449,-0.121316,268.7,75.8,29,131.20000000000002,osm_levels,138.99154663085938,1,1,0.0,0.36762261390686035,133.39
benidorm,87e002f4002baefe,38.544492,-0.121317,415.9,115.1,45,131.20000000000002,osm_levels,138.70408630371094,1,1,0.0,0.36762261390686035,133.25
benidorm,32462cf06a614f98,38.545048,-0.121082,20.3,20.3,7,96.0,osm_levels,133.9483642578125,1,1,0.0,0.36762261390686035,93.53
benidorm,1f1e3b0754288aec,38.545089,-0.120993,145.4,68.6,26,99.2,osm_levels,131.993408203125,1,1,0.0,0.36762261390686035,95.81
benidorm,7efacc268f4f6510,38.545082,-0.120991,524.0,142.6,25,99.2,osm_levels,129.93609619140625,1,1,0.0,0.36762261390686035,95.23
benidorm,872a892349f998a4,38.545084,-0.120886,26.9,29.6,11,96.0,osm_levels,129.77110290527344,1,1,0.0,0.36762261390686035,92.39
benidorm,48e3e5b4b741f00b,38.54232,-0.117992,167.1,66.2,9,102.4,osm_levels,128.80894470214844,1,1,0.0,0.3188997507095337,96.35
benidorm,ab9ff0f739d3aeb1,38.54237,-0.117982,61.1,32.0,5,105.60000000000001,osm_levels,128.67869567871094,1,1,0.0,0.3188997507095337,99.14
benidorm,64e5096a34f42bea,38.542356,-0.118129,51.2,41.2,8,92.80000000000001,osm_levels,128.2671356201172,1,1,0.0,0.3188997507095337,93.99
benidorm,1322266598c82ea5,38.542339,-0.117988,410.7,103.7,22,105.60000000000001,osm_levels,127.83575439453125,1,1,0.0,0.3188997507095337,98.65
benidorm,283f78aaff1f8417,38.545781,-0.121643,438.0,103.3,25,99.2,osm_levels,103.93419647216797,1,1,0.0,0.36762261390686035,93.61
benidorm,3178993863122b60,38.545783,-0.121644,251.7,99.0,19,96.0,osm_levels,103.93419647216797,1,1,0.0,0.36762261390686035,93.13
benidorm,6b1cef830e464a54,38.544804,-0.117654,71.3,39.9,13,70.4,osm_levels,99.91346740722656,1,1,0.0,0.3188997507095337,63.75
benidorm,0b5f2bed030015ef,38.542058,-0.104732,62.3,39.8,10,57.6,osm_levels,92.09440612792969,1,1,0.0,0.3188997507095337,51.66
benidorm,e4498ae9bd62dd9f,38.542005,-0.104767,117.1,63.7,15,54.400000000000006,osm_levels,92.03909301757812,1,1,0.0,0.3188997507095337,50.8
benidorm,6bc9dbfe0a140475,38.546355,-0.123716,8.4,14.5,5,70.4,osm_levels,91.25914764404297,1,1,0.0,0.36762261390686035,72.53
benidorm,7c31d3dbaa478886,38.544724,-0.124666,17.4,21.0,7,54.400000000000006,osm_levels,88.10118865966797,1,1,0.0,0.36762261390686035,50.77
benidorm,c250fe1236fd427e,38.546535,-0.123212,8.5,18.6,6,76.80000000000001,osm_levels,85.08293151855469,1,1,0.0,0.36762261390686035,53.37
benidorm,907c0558f2847958,38.553459,-0.108284,834.8,128.7,8,,default,84.85467529296875,1,1,0.0,0.19116005301475525,8.91
benidorm,e078a1eb30f93ce8,38.546572,-0.123037,285.2,110.7,31,89.60000000000001,osm_levels,82.4959945678711,1,1,0.0,0.36762261390686035,85.99
benidorm,576f927699f64717,38.544213,-0.117029,38.7,26.0,5,89.60000000000001,osm_levels,82.16716766357422,1,1,0.0,0.36762261390686035,81.84
benidorm,b0bad90227fb1eb5,38.546563,-0.12303,507.6,114.1,25,99.2,osm_levels,82.12654876708984,1,1,0.0,0.36762261390686035,85.8
benidorm,43855731250fc3f3,38.54407,-0.116969,1631.5,184.9,17,89.60000000000001,osm_levels,79.3200912475586,1,1,0.0,0.36762261390686035,80.69
benidorm,2c168b03233d81bb,38.544136,-0.116977,522.0,127.9,18,86.4,osm_levels,79.3200912475586,1,1,0.0,0.36762261390686035,80.94
benidorm,1d9577c8f83a4851,38.546553,-0.12292,22.6,27.4,12,57.6,osm_levels,78.77522277832031,1,1,0.0,0.36762261390686035,83.39
benidorm,f8e48b053c05b08f,38.54657,-0.122868,16.4,30.4,12,48.0,osm_levels,78.2699966430664,1,1,0.0,0.36762261390686035,83.04
benidorm,7790b072834e697e,38.546824,-0.122453,45.6,28.1,5,57.6,osm_levels,78.26060485839844,1,1,0.0,0.36762261390686035,52.73
benidorm,f9483d2d864b75d3,38.546809,-0.122448,167.5,65.8,19,57.6,osm_levels,77.96463012695312,1,1,0.0,0.36762261390686035,52.7
benidorm,dded337b8654e7c9,38.539893,-0.106234,68.9,46.8,23,48.0,osm_levels,47.49144744873047,1,1,0.0,0.2576562464237213,50.88
benidorm,091d31778265cb12,38.5399,-0.10618,282.4,87.7,27,51.2,osm_levels,47.37509536743164,1,1,0.0,0.2576562464237213,48.99
benidorm,2c15b6d7310d8d2e,38.545807,-0.11178,51.2,28.7,5,9.600000000000001,osm_levels,22.050565719604492,1,1,0.0,0.3188997507095337,6.73
benidorm,93e7b9d73ae8c086,38.545361,-0.112837,62.5,37.0,7,9.600000000000001,osm_levels,20.653362274169922,1,1,0.0,0.36762261390686035,6.12
benidorm,a28cec3b1f90fcf1,38.545361,-0.112839,37.2,25.2,5,9.600000000000001,osm_levels,20.50800895690918,1,1,0.0,0.36762261390686035,6.14
benidorm,1a707d1d1b01f252,38.545344,-0.112889,36.1,25.0,5,9.600000000000001,osm_levels,18.4797306060791,1,1,0.0,0.36762261390686035,6.24
benidorm,9bdf39bb41846ee6,38.545357,-0.112895,50.2,31.0,5,9.600000000000001,osm_levels,18.40163230895996,1,1,0.0,0.36762261390686035,6.23
benidorm,b4d86bb7af94df94,38.543396,-0.109886,162.9,57.6,13,9.600000000000001,osm_levels,17.93767738342285,1,1,0.0,0.2576562464237213,6.48
benidorm,0fbaebbe41f6b1dc,38.54339,-0.10985,80.5,36.4,5,9.600000000000001,osm_levels,17.641990661621094,1,1,0.0,0.2576562464237213,6.49
benidorm,18b0cc809e7e5458,38.545501,-0.112363,53.5,32.6,7,6.4,osm_levels,16.700382232666016,1,1,0.0,0.3188997507095337,4.71
boston,c5aae9d71d0e5ffb,42.370822,-71.067046,124.4,55.1,5,,default,103.75838470458984,6,3,1.0999908447265625,0.24020791053771973,9.69
boston,dfcade9d19afdaa2,42.370878,-71.068847,2845.2,246.2,5,,default,117.46812438964844,3,3,4.280933380126953,0.22929441928863525,10.88
boston,39f6c3735213f074,42.367422,-71.070961,9618.4,725.5,45,,default,44.81937789916992,8,2,18.653417587280273,0.24037475883960724,30.8
boston,e5566a96f0f483a0,42.364552,-71.068726,1511.4,188.2,23,60.800000000000004,osm_levels,54.074527740478516,7,2,5.457254409790039,0.3542031943798065,49.91
boston,4fdeb48ec72bc2a4,42.370192,-71.071685,5194.7,411.2,17,,default,69.42597961425781,6,2,18.917818069458008,0.23608769476413727,70.72
boston,ee59415af9f72408,42.364551,-71.069287,854.9,124.9,9,51.2,osm_levels,56.91107940673828,6,2,16.318204879760742,0.6450614333152771,53.55
boston,ba2466817b006f71,42.36516,-71.068857,1073.7,131.6,5,80.0,osm_levels,53.44598388671875,6,2,1.7261238098144531,0.4538404643535614,68.72
boston,4bab26adb053e74f,42.36434,-71.068032,1751.8,216.9,11,38.400000000000006,osm_levels,48.93050765991211,6,2,1.3851356506347656,0.35598433017730713,42.13
boston,9005c61fdc0e5ece,42.365407,-71.067442,1154.9,136.5,5,80.0,osm_levels,47.489990234375,6,2,8.130306243896484,0.35598433017730713,73.78
boston,584859f6a3b6fe2d,42.366821,-71.068971,1081.2,141.6,13,,default,21.575611114501953,6,2,1.6376628875732422,0.24840393662452698,10.71
boston,f355ed2c04e6f9c3,42.369966,-71.072018,1148.9,136.0,5,80.0,osm_levels,76.34709167480469,5,2,20.91489028930664,0.3425323963165283,71.69
boston,c512c4cb00ad1ff6,42.36722,-71.074519,2551.0,277.3,18,,default,74.02554321289062,5,2,1.3564605712890625,0.23799043893814087,44.62
boston,93c0fac3e7fce7d2,42.369967,-71.073145,2921.9,356.3,30,73.60000000000001,osm_levels,65.52635192871094,5,2,5.434852600097656,0.34515759348869324,85.14
boston,b7462a70abb17bfe,42.369985,-71.07064,2453.1,202.9,5,32.0,osm_levels,61.56514358520508,5,2,19.658550262451172,0.44399017095565796,41.87
boston,b8765ca0bc8506ef,42.363691,-71.068611,1999.1,182.3,5,51.2,osm_levels,56.15899658203125,5,2,8.711044311523438,0.35757264494895935,66.58
boston,9d0357c7e7d60aa4,42.366491,-71.070392,325.5,84.5,5,,default,52.04132080078125,5,2,2.000080108642578,0.33109161257743835,10.64
boston,c5b59accb263f96c,42.367402,-71.070979,12219.6,714.8,47,16.0,osm_levels,28.130577087402344,5,2,2.058749198913574,0.4991227984428406,30.45
boston,0c964749297985c3,42.368687,-71.073222,386.1,117.1,9,,default,63.264774322509766,4,2,0.6874561309814453,0.23799043893814087,11.48
boston,390fb9191a0845b7,42.367934,-71.071962,218.4,53.1,16,,default,62.898380279541016,4,2,6.910255432128906,0.23749344050884247,23.8
boston,a42a0f17eed6b458,42.3674,-71.071747,1008.7,142.3,5,,default,56.5579719543457,4,2,13.622373580932617,0.24641980230808258,17.8
boston,0af168a68f02489d,42.364582,-71.070584,777.4,127.4,7,,default,33.878746032714844,4,2,0.8727893829345703,0.34703943133354187,1.5
boston,bf58e0c855daf5a1,42.37164,-71.068286,250.5,63.6,5,,default,30.394641876220703,4,2,3.4751768112182617,0.24110086262226105,8.82
boston,58bb52e52719f343,42.361086,-71.072098,18.6,15.8,9,,default,27.734447479248047,4,2,4.683589935302734,0.2502378225326538,13.93
boston,96920f47b1dd4812,42.371414,-71.067829,356.4,119.6,17,,default,25.281518936157227,4,2,1.2989168167114258,0.24110086262226105,30.8
boston,46bb7d61d2a096a1,42.370689,-71.068115,35.2,28.6,5,,default,20.806224822998047,4,2,2.004781723022461,0.237005814909935,3.38
boston,87650f741c6216d6,42.374841,-71.064333,670.6,142.3,13,,default,146.7886199951172,3,2,9.579452514648438,0.2311660796403885,11.52
boston,d23ec2baebfe58cc,42.370643,-71.060501,1490.6,220.4,19,,default,140.74630737304688,3,2,15.135147094726562,0.2457522600889206,30.16
boston,c34190e11d17dd57,42.369573,-71.064042,76.8,35.1,5,,default,73.96614837646484,3,2,7.635993957519531,0.25212860107421875,58.38
boston,7d5e71626d19080a,42.371014,-71.07067,2921.7,277.1,9,41.6,osm_levels,73.051513671875,3,2,15.983695983886719,0.5025641918182373,49.2
boston,6918eafecff22439,42.369854,-71.073422,517.1,95.3,9,67.2,osm_levels,71.57826232910156,3,2,4.968475341796875,0.34911206364631653,65.91
boston,b5c315ba7bf210e7,42.36654,-71.075174,3963.4,332.7,24,35.2,osm_levels,63.87854766845703,3,2,1.1287155151367188,0.338065505027771,40.62
boston,12c78b7dfa414568,42.363729,-71.06804,889.6,140.4,5,51.2,osm_levels,57.628021240234375,3,2,12.74618911743164,0.35400059819221497,63.16
boston,0bc30535aad3943e,42.361957,-71.078726,17.0,15.1,9,,default,46.24394607543945,3,2,2.8916778564453125,0.2578745186328888,13.43
boston,0ab5cfb1bfaf030c,42.369626,-71.065937,24.9,30.1,5,,default,43.82190704345703,3,2,0.6572113037109375,0.25212860107421875,10.75
boston,87611c3a3b01c2d9,42.357295,-71.07369,670.9,123.9,23,,default,15.753067970275879,3,2,5.291201591491699,0.2563702166080475,14.4
boston,dc22374a62854493,42.367895,-71.064879,2007.4,285.4,30,,default,106.49290466308594,2,2,87.0731201171875,0.2497304379940033,40.88
boston,bb6437f2c44ece5f,42.37409,-71.064636,113.2,45.5,5,,default,90.39802551269531,2,2,53.463897705078125,0.21748170256614685,13.75
boston,086d843d965122df,42.374131,-71.064503,179.4,71.0,14,,default,90.226318359375,2,2,52.19523620605469,0.21748170256614685,11.25
boston,b4c67059972d8039,42.37411,-71.064299,135.2,46.7,5,,default,87.2882080078125,2,2,48.05757522583008,0.21748170256614685,12.85
boston,d559c7c131a1bf9d,42.367184,-71.063316,865.0,382.6,5,,default,72.64122009277344,2,2,55.131778717041016,0.24991929531097412,12.63
boston,7fc50c65a4558d73,42.367193,-71.063146,838.3,343.8,5,,default,64.60292053222656,2,2,44.933624267578125,0.24991929531097412,13.51
boston,29794a312614f52e,42.370069,-71.073136,1765.3,219.1,24,73.60000000000001,osm_levels,63.75649642944336,2,2,3.8961753845214844,0.3538517653942108,85.44
boston,8c9dbfc56e22ef67,42.362626,-71.068249,3097.7,240.4,15,28.8,osm_levels,59.515899658203125,2,2,6.155128479003906,0.3555482029914856,38.85
boston,50d148afd9cb3bc9,42.367375,-71.062638,427.0,88.2,8,,default,55.11201477050781,2,2,22.935867309570312,0.2497304379940033,22.71
boston,16e98a0752bf57f8,42.337073,-71.060955,429.2,113.3,11,,default,100.50498962402344,4,1,3.2686538696289062,0.22873234748840332,9.12
boston,06c105da3c788d51,42.336413,-71.061808,11612.2,655.8,9,,default,86.44803619384766,4,1,14.785285949707031,0.22873234748840332,10.34
boston,3148095a8e033b21,42.337549,-71.063291,1121.1,235.8,9,,default,55.78384780883789,4,1,3.4323501586914062,0.2282392978668213,10.04
boston,394626463dbaa5e8,42.338137,-71.067807,2890.4,264.6,13,,default,41.46211624145508,4,1,24.161205291748047,0.2340809553861618,15.48
boston,27a8002c7cd138c1,42.339379,-71.064786,1080.6,161.4,7,9.600000000000001,osm_levels,24.0260066986084,4,1,0.8360691070556641,0.33471229672431946,10.1
boston,75d11151c9d82796,42.341209,-71.060927,4451.0,317.7,5,16.0,osm_levels,18.437829971313477,4,1,0.6568241119384766,0.3293457329273224,19.23
boston,76da83ef54221868,42.339913,-71.061373,875.0,139.7,7,,default,17.352792739868164,4,1,0.18567466735839844,0.2283494621515274,8.66
boston,69bfebd9a312b426,42.338254,-71.065891,2868.5,244.3,7,,default,5.810934543609619,4,1,0.0679173469543457,0.34880074858665466,8.04
boston,14dc79b919cac165,42.350433,-71.090234,1532.9,268.2,46,,default,252.52297973632812,3,1,5.886650085449219,0.25920143723487854,19.54
boston,6899977645d999ee,42.350767,-71.090752,1091.1,141.6,11,,default,220.6934356689453,3,1,39.79307556152344,0.257617324590683,21.95
boston,5605c1705c2630e8,42.350551,-71.088157,2998.8,485.9,66,,default,206.5814208984375,3,1,0.977752685546875,0.2556339204311371,25.3
boston,ded610f84ba45a3e,42.336435,-71.063267,797.6,117.4,7,,default,205.1575469970703,3,1,3.0709991455078125,0.22453869879245758,9.93
boston,99eae35985f35922,42.3515,-71.086149,1560.0,234.3,37,,default,176.3162384033203,3,1,11.467056274414062,0.257617324590683,19.14
boston,47591a736172e014,42.353267,-71.079419,636.4,102.0,7,,default,145.57943725585938,3,1,6.341163635253906,0.2559056878089905,28.7
boston,e0bf9ce1e733d2dd,42.353541,-71.080693,946.5,140.7,10,,default,141.781982421875,3,1,5.3183441162109375,0.2556339204311371,20.3
boston,7af0e791dc2cf663,42.354047,-71.078926,981.3,130.4,9,,default,134.737060546875,3,1,0.7080078125,0.25709056854248047,24.44
boston,522d2cd774a26707,42.374868,-71.065043,485.1,101.7,17,,default,133.50975036621094,3,1,11.543212890625,0.24287545680999756,10.57
boston,5508907ee73c1391,42.373634,-71.064229,525.2,138.8,13,,default,133.21990966796875,3,1,1.2812576293945312,0.2577299177646637,21.09
boston,f3f6b3957ebff6a1,42.354088,-71.078492,978.2,170.1,16,,default,131.24746704101562,3,1,0.7474594116210938,0.25709056854248047,24.98
boston,31552c0bbd8866ca,42.335459,-71.058131,7163.9,462.9,23,,default,122.59346771240234,3,1,1.3304290771484375,0.4121452569961548,11.9
boston,5334b7ee095467e1,42.351961,-71.084421,2586.7,351.7,50,,default,120.42109680175781,3,1,1.0727005004882812,0.2559056878089905,21.26
boston,646a63dbfb548c64,42.352859,-71.08092,474.8,89.4,5,,default,101.21441650390625,3,1,0.7462959289550781,0.25709056854248047,30.21
boston,7fd8a586e845412f,42.362084,-71.070247,2869.2,341.7,24,,default,86.36891174316406,3,1,3.629352569580078,0.2521471381187439,53.08
boston,15a1d5661aaf6cdd,42.342181,-71.061302,163.1,52.0,5,,default,83.66032409667969,3,1,0.6797142028808594,0.2328881025314331,6.95
boston,ae55f8366714e8ae,42.338013,-71.063374,1651.7,227.8,9,,default,77.93465423583984,3,1,21.623641967773438,0.473806232213974,6.88
boston,13be6b89697a5358,42.36931,-71.074596,2732.9,346.9,5,28.8,osm_levels,74.08224487304688,3,1,0.5108261108398438,0.6309654712677002,31.77
boston,dc5360b1799cf234,42.335922,-71.063102,1528.4,174.6,9,,default,71.00731658935547,3,1,0.7429046630859375,0.22873234748840332,10.88
boston,5d4091348bde09ba,42.335421,-71.063604,1677.4,165.3,5,,default,70.18944549560547,3,1,5.477668762207031,0.2293064445257187,10.41
boston,871ab321af6b7d30,42.336034,-71.063668,104.1,41.2,5,,default,69.17107391357422,3,1,0.14214324951171875,0.22873234748840332,3.31
boston,797b76234afecc14,42.373917,-71.070365,1562.6,656.3,19,,default,62.52678298950195,3,1,3.464550018310547,0.24115915596485138,23.37
boston,87d656172e2d8a4c,42.373395,-71.070094,122.5,44.8,5,,default,61.116416931152344,3,1,5.108661651611328,0.24115915596485138,6.88
boston,3f3f27742bce82b4,42.371551,-71.071742,3306.0,236.5,11,67.2,osm_levels,59.45353317260742,3,1,7.194797515869141,0.3359328508377075,74.52
boston,d0e81eb07148f077,42.339764,-71.059231,11504.3,506.8,7,,default,57.229347229003906,3,1,15.201873779296875,0.5787743330001831,10.61
boston,7fe578bf4eb5d114,42.370331,-71.071253,1058.3,130.8,5,80.0,osm_levels,56.163063049316406,3,1,11.070594787597656,0.5370067954063416,71.87
boston,cd8d122dd0e9d775,42.338803,-71.067256,1637.9,218.7,14,,default,52.995506286621094,3,1,6.052989959716797,0.23901720345020294,19.3
boston,e6d00553d4485758,42.372733,-71.069766,188.2,55.7,5,,default,52.94486999511719,3,1,4.790462493896484,0.24115915596485138,2.88
boston,c1994a1b4c8f11d5,42.360749,-71.068929,284.6,70.5,7,19.200000000000003,osm_levels,50.185699462890625,3,1,0.3728370666503906,0.35388055443763733,18.32
boston,c8cd2b55d3b71b13,42.360937,-71.069231,399.0,86.3,7,19.200000000000003,osm_levels,47.29436492919922,3,1,0.5578155517578125,0.3602101802825928,19.69
boston,b202a38688cb3693,42.364017,-71.069342,1284.8,178.2,10,25.6,osm_levels,44.66532516479492,3,1,0.849761962890625,0.3474833369255066,41.76
boston,85b5998d26728864,42.363799,-71.069565,633.2,116.2,7,,default,43.01984405517578,3,1,5.728771209716797,0.2417771816253662,50.96
boston,8a452ca2f1720d9a,42.362331,-71.070293,894.5,137.2,9,44.800000000000004,osm_levels,41.61323165893555,3,1,1.0518226623535156,0.6362266540527344,53.3
boston,97bb4a321e2126ab,42.36448,-71.077137,5343.6,310.9,5,44.800000000000004,osm_levels,36.32872772216797,3,1,0.27094268798828125,0.34095028042793274,45.33
boston,5f233302485a1da2,42.360184,-71.071053,1151.8,157.0,5,,default,32.26683807373047,3,1,11.194547653198242,0.38919079303741455,20.59
boston,e2fed0eac4e50734,42.363909,-71.077643,201.7,57.2,5,19.200000000000003,osm_levels,32.16130065917969,3,1,1.429326057434082,0.3559519946575165,22.25
boston,08d4956fd0de0ecb,42.370437,-71.069364,35.8,34.5,13,,default,32.012237548828125,3,1,2.2805185317993164,0.23504573106765747,5.04
boston,c2e67e2711bebf12,42.336051,-71.066612,5174.3,313.4,25,32.0,osm_levels,31.619382858276367,3,1,20.567108154296875,0.5097377896308899,27.73
boston,5bf54e6b5b4b271c,42.360612,-71.07127,787.4,185.7,24,19.200000000000003,osm_levels,31.298938751220703,3,1,1.1143074035644531,0.35536813735961914,19.84
boston,fb6ff572ea2926f4,42.36592,-71.068063,826.2,170.6,9,9.600000000000001,osm_levels,26.738422393798828,3,1,0.05985832214355469,0.36657270789146423,8.79
boston,82051bc067413876,42.363814,-71.066154,1606.3,193.4,21,54.400000000000006,osm_levels,26.513784408569336,3,1,0.33066558837890625,0.36657270789146423,51.74
boston,426372de3f2bd640,42.33894,-71.066217,1274.5,205.1,7,,default,23.427352905273438,3,1,0.10471153259277344,0.2283494621515274,20.63
boston,723334b635263a7c,42.37125,-71.067835,111.9,49.2,7,,default,22.893856048583984,3,1,1.546884536743164,0.23504573106765747,25.24
boston,a2c44bd62abe19dd,42.337584,-71.068214,1474.0,171.4,13,,default,20.86479377746582,3,1,1.6626663208007812,0.24962925910949707,21.88
boston,f05b64909a415750,42.369824,-71.068737,2389.6,204.7,5,41.6,osm_levels,19.827787399291992,3,1,0.06771278381347656,0.34451305866241455,54.09
boston,cf9ba6939b14db09,42.338328,-71.063403,40.9,33.1,5,,default,19.5604305267334,3,1,9.80874252319336,0.22745633125305176,4.32
boston,5d32d39fc6766e9a,42.366712,-71.067755,450.4,214.2,34,,default,17.64373207092285,3,1,2.5274200439453125,0.25660088658332825,15.88
boston,20ef9bbddf8bded7,42.365699,-71.066685,1510.8,188.9,21,51.2,osm_levels,16.54936408996582,3,1,0.9057579040527344,0.36657270789146423,51.58
boston,6e76e246515c0611,42.339596,-71.061642,285.9,76.9,9,,default,16.160179138183594,3,1,0.5458674430847168,0.21853263676166534,6.25
boston,69945554526ff7a6,42.33846,-71.066995,1517.0,190.9,10,,default,8.710978507995605,3,1,0.8587701320648193,0.2328881025314331,19.7
boston,44b0a21460e8750e,42.339973,-71.0685,289.2,73.3,7,,default,242.60516357421875,2,1,1.4861526489257812,0.24962925910949707,10.61
boston,861b78bb2f91c931,42.351116,-71.087553,676.8,130.5,22,,default,213.55294799804688,2,1,6.272529602050781,0.2556339204311371,20.58
boston,0b6010788ec40738,42.340599,-71.066874,5124.2,367.1,18,,default,186.93849182128906,2,1,45.10115051269531,0.2328881025314331,25.05
boston,e3694d4a37752741,42.334265,-71.065785,8026.1,391.6,12,,default,179.1439666748047,2,1,1.8229522705078125,0.22539985179901123,18.76
boston,6830e89748df12b7,42.339432,-71.069244,1081.6,156.7,13,,default,160.8535614013672,2,1,23.271728515625,0.24962925910949707,14.06
boston,11efe40f6cfee174,42.333545,-71.061334,102.1,41.8,5,,default,156.5889892578125,2,1,21.471267700195312,0.22905705869197845,5.95
boston,f3280911788f770a,42.373787,-71.062312,608.5,159.9,24,,default,154.2608642578125,2,1,6.333473205566406,0.2577299177646637,13.74
boston,ce5ecdf0895c4e7f,42.333045,-71.060722,11977.8,665.3,19,,default,153.6634063720703,2,1,47.69789123535156,0.5957647562026978,14.56
boston,56bebb538fe26504,42.333206,-71.067598,5411.9,309.1,7,,default,152.50234985351562,2,1,4.644378662109375,0.22539985179901123,6.61
boston,d5f9dfcd67668f76,42.353057,-71.079182,407.4,87.8,9,,default,150.90310668945312,2,1,6.934944152832031,0.2559056878089905,21.17
boston,8a1b8541142b4e5e,42.339171,-71.069147,470.4,88.8,5,,default,147.8441619873047,2,1,17.445419311523438,0.24962925910949707,12.33
boston,b17cd099083aab5e,42.374447,-71.064438,357.9,86.8,11,,default,144.08200073242188,2,1,6.101249694824219,0.23585069179534912,13.05
boston,daf0e34b3eacd97d,42.365506,-71.075795,29.4,25.0,5,,default,144.02066040039062,2,1,36.76155471801758,0.24672801792621613,9.16
boston,fcb7f381b4f1639e,42.339298,-71.067905,3345.6,487.5,29,,default,142.52755737304688,2,1,13.987464904785156,0.23453423380851746,23.51
boston,982796f55b6c0d3a,42.339528,-71.067429,985.4,158.8,10,,default,141.70501708984375,2,1,46.75933074951172,0.2328881025314331,12.7
boston,4c38397ba938e3e7,42.373976,-71.061522,1072.7,150.2,7,,default,140.63034057617188,2,1,0.0090484619140625,0.24323832988739014,27.45
boston,4a97dc04ea52ce06,42.373271,-71.061908,507.4,111.4,11,,default,138.45663452148438,2,1,17.92894744873047,0.2577299177646637,14.01
boston,71708a67211e6986,42.374671,-71.064008,351.8,76.8,5,,default,130.21412658691406,2,1,19.537036895751953,0.23585069179534912,10.14
boston,247aa9c604066428,42.336913,-71.058135,1655.3,220.2,9,,default,129.88818359375,2,1,6.024196624755859,0.22453869879245758,7.74
boston,a7bc585333565f6d,42.354217,-71.078221,414.5,101.8,8,,default,127.61154174804688,2,1,3.036479949951172,0.25709056854248047,23.84
boston,0dde3a97e6f0c93f,42.361194,-71.083576,1511.6,156.1,5,,default,124.02940368652344,2,1,1.5673942565917969,0.2595369815826416,24.86
boston,1673b141c6fc4fc7,42.352651,-71.080402,1277.9,164.7,20,,default,123.0171890258789,2,1,38.13890838623047,0.2556339204311371,21.1
boston,9727e4c698c44bb6,42.35357,-71.080382,309.5,71.2,7,,default,122.02679443359375,2,1,28.0347900390625,0.2556339204311371,25.16
boston,b3f7cfceb3535efe,42.354318,-71.077882,1529.2,169.3,16,,default,121.23500061035156,2,1,1.363677978515625,0.25709056854248047,24.99
boston,321e7aab6804ab5a,42.354407,-71.077513,873.3,134.0,13,,default,119.9303970336914,2,1,0.2421112060546875,0.25709056854248047,26.11
boston,acb20103913acffe,42.354052,-71.075163,538.7,95.6,11,,default,116.10025024414062,2,1,17.41180419921875,0.25709056854248047,22.0
boston,d14d300a6fdb19e8,42.354954,-71.075359,958.5,161.3,14,,default,115.93133544921875,2,1,1.4373893737792969,0.25709056854248047,26.36
boston,0b5975e55cf711c8,42.373033,-71.065137,116.4,48.5,7,,default,115.18218994140625,2,1,2.7619590759277344,0.23504573106765747,15.51
boston,36279bbf40c89c3a,42.353087,-71.080197,2357.6,265.7,31,,default,113.40330505371094,2,1,32.0616455078125,0.2556339204311371,23.28
boston,01787fdcb4f8c882,42.353774,-71.079717,626.2,100.4,9,,default,106.26496887207031,2,1,34.48110580444336,0.2556339204311371,23.2
boston,f59203519e71a888,42.37956,-71.070371,466.9,142.7,25,,default,104.51434326171875,2,1,8.19509506225586,0.23327624797821045,11.85
boston,0d222358a59d50af,42.374001,-71.063528,314.2,77.3,11,,default,100.68960571289062,2,1,49.28055953979492,0.23585069179534912,13.57
boston,87b0455648f3cb2b,42.336843,-71.060639,52.1,29.6,5,,default,96.69122314453125,2,1,1.6978950500488281,0.22453869879245758,3.65
boston,b71f8229248d4437,42.373812,-71.063798,296.3,76.4,11,,default,96.39337158203125,2,1,45.84836196899414,0.23585069179534912,13.88
boston,7844e29ace32d1b6,42.334326,-71.068103,17547.8,799.6,36,,default,96.00493621826172,2,1,25.096038818359375,0.22539985179901123,38.9
boston,7eece585aadd0a49,42.336488,-71.056644,6354.2,365.0,11,,default,94.74006652832031,2,1,46.12979507446289,0.4197397828102112,5.67
boston,8f1f69aa5178430b,42.354602,-71.076878,1077.4,143.8,7,60.800000000000004,osm_levels,90.25717163085938,2,1,15.725116729736328,0.3672722280025482,54.98
boston,9b34309136cd9723,42.369286,-71.07961,3584.7,250.5,5,73.60000000000001,osm_levels,89.17938995361328,2,1,2.4090194702148438,0.3559519946575165,90.78
boston,8aca9b25d102c273,42.36367,-71.080429,93.6,34.7,13,,default,87.79539489746094,2,1,17.143756866455078,0.23757636547088623,17.45
boston,3bf45e7c9f3abb09,42.334908,-71.063459,716.9,112.9,7,,default,85.76753234863281,2,1,0.10405731201171875,0.22539985179901123,10.0
boston,9cfc0f5e78f87722,42.362352,-71.081607,2198.1,210.0,12,60.800000000000004,osm_levels,85.73584747314453,2,1,2.482177734375,0.37076711654663086,73.99
boston,c1f10ba82e1e80f3,42.363611,-71.079264,4984.0,389.5,27,51.2,osm_levels,83.99627685546875,2,1,1.5580177307128906,0.33939480781555176,63.84
boston,6f1ccf8649ba248d,42.361588,-71.081333,3591.9,264.0,10,57.6,osm_levels,83.6723861694336,2,1,3.0536727905273438,0.37076711654663086,74.22
boston,5ce9077f29bcbac0,42.372769,-71.072467,4768.3,303.3,16,41.6,osm_levels,83.11186218261719,2,1,6.359722137451172,0.3332517743110657,78.35
boston,1222c7f26166d872,42.363689,-71.079665,101.3,42.0,11,64.0,osm_levels,82.04078674316406,2,1,22.515552520751953,0.33939480781555176,69.68
boston,ca41b84ee53c9962,42.363688,-71.079665,716.0,125.0,5,57.6,osm_levels,79.42095184326172,2,1,21.958349227905273,0.33939480781555176,69.55
boston,41c1c3c267f8667e,42.363688,-71.079668,1591.3,169.9,13,57.6,osm_levels,78.41698455810547,2,1,20.5452880859375,0.33939480781555176,69.09
boston,7ba55044a01f6c92,42.335522,-71.063063,1117.8,143.4,7,,default,77.27690124511719,2,1,1.1479759216308594,0.233462393283844,10.2
boston,7c0f4d8fbdf0ac83,42.355096,-71.075057,284.6,93.1,5,,default,74.63232421875,2,1,29.923364639282227,0.25709056854248047,24.66
boston,2cd9bd6370fa570f,42.363906,-71.081405,2975.7,234.0,7,38.400000000000006,osm_levels,72.31089782714844,2,1,0.41764068603515625,0.33939480781555176,56.98
boston,27a3955ec2e1d9b0,42.363907,-71.081404,2975.7,234.0,7,41.6,osm_levels,72.31089782714844,2,1,0.41764068603515625,0.33939480781555176,56.98
boston,57c609bed528a1dc,42.338514,-71.069283,2479.2,297.0,17,38.400000000000006,osm_levels,70.37763214111328,2,1,9.54295539855957,0.3566132187843323,43.03
boston,bec10ad000728f5b,42.33625,-71.067337,16.6,16.5,5,,default,67.96435546875,2,1,5.455364227294922,0.22539985179901123,5.04
boston,11d162ff72913947,42.368379,-71.073298,221.6,59.9,5,,default,67.93402099609375,2,1,6.354320526123047,0.4258955121040344,9.05
boston,1249856db236576f,42.33579,-71.063667,502.7,99.0,5,,default,67.84326171875,2,1,0.5440406799316406,0.233462393283844,13.73
boston,01eabf306f40560b,42.359776,-71.060406,6844.6,550.5,34,32.0,osm_levels,66.68028259277344,2,1,1.0594673156738281,0.369081974029541,41.73
boston,3801014f24f10f39,42.335849,-71.063955,27.1,23.9,5,,default,65.64815521240234,2,1,0.00323486328125,0.233462393283844,3.49
boston,6c6c32fc24c62e10,42.363189,-71.068579,1258.3,215.8,34,41.6,osm_levels,64.36724853515625,2,1,1.1409320831298828,0.369081974029541,65.44
boston,dea4b9c4400bf6e1,42.365739,-71.075991,3642.0,315.6,11,32.0,osm_levels,64.30825805664062,2,1,1.4515628814697266,0.6091808080673218,47.76
boston,008dda1706f2c461,42.364903,-71.079132,4602.0,357.2,19,32.0,osm_levels,63.77412414550781,2,1,11.491792678833008,0.33939480781555176,57.38
boston,02cbe2fa0741b753,42.363167,-71.068728,3176.6,287.9,26,41.6,osm_levels,62.51539993286133,2,1,3.352802276611328,0.369081974029541,64.12
boston,f962142c28c27a93,42.360833,-71.067511,1742.7,282.6,21,,default,61.973350524902344,2,1,4.0652923583984375,0.24875769019126892,27.49
boston,0c6ff7a05c8e4749,42.362966,-71.079273,3804.7,280.1,13,32.0,osm_levels,60.067665100097656,2,1,18.008270263671875,0.33939480781555176,32.73
boston,4f96ec05b64bc1ab,42.361887,-71.069624,4421.3,298.2,10,32.0,osm_levels,59.3597412109375,2,1,11.939371109008789,0.6235668659210205,59.25
boston,82ee4107e3cb2e9e,42.362232,-71.080036,2733.9,249.5,16,48.0,osm_levels,57.643333435058594,2,1,0.19873619079589844,0.37076711654663086,56.05
boston,445619635214b929,42.354715,-71.074149,634.1,101.2,11,,default,56.75122833251953,2,1,6.32878303527832,0.4673283100128174,23.74
boston,d4a3e0ce01f8f8a9,42.371498,-71.071733,1782.8,214.9,7,67.2,osm_levels,56.448699951171875,2,1,2.627382278442383,0.32290923595428467,74.54
boston,2f1f3c37759d5fe6,42.365578,-71.078332,1028.8,157.9,5,,default,53.98121643066406,2,1,0.8708400726318359,0.23757636547088623,15.36
boston,04b4a65aa55f020b,42.355192,-71.074337,432.4,83.6,9,,default,53.54637145996094,2,1,6.581563949584961,0.25709056854248047,28.8
boston,c1274db4b12ec0e7,42.337362,-71.057867,3321.5,265.7,9,,default,52.93688201904297,2,1,2.4930553436279297,0.21853263676166534,11.63
boston,f0a56ec2675caaa4,42.370257,-71.069626,280.3,78.8,11,,default,50.661155700683594,2,1,0.26390838623046875,0.23327624797821045,10.26
boston,b30056ee20c88d23,42.338722,-71.067569,213.2,62.1,5,,default,50.514305114746094,2,1,8.378852844238281,0.24962925910949707,12.68
boston,1a45be2b85802d5a,42.360739,-71.068056,618.2,99.8,12,,default,49.03327178955078,2,1,6.55638313293457,0.24875769019126892,19.14
boston,b7bf887003cd0b34,42.361593,-71.078777,17.2,15.1,9,,default,47.558433532714844,2,1,0.7549419403076172,0.2595369815826416,13.54
boston,564d7581e837f08d,42.338749,-71.060256,4905.3,664.3,5,,default,47.48461151123047,2,1,13.749784469604492,0.22379913926124573,14.79
boston,1f1231c31cc7c89f,42.363305,-71.069443,1961.9,228.4,17,,default,46.77550506591797,2,1,14.787304878234863,0.24224433302879333,105.61
boston,49c133f803a106c7,42.355194,-71.0747,1359.8,148.7,5,16.0,osm_levels,44.95854568481445,2,1,2.348461151123047,0.3672722280025482,20.59
boston,ffe275510a254dcb,42.366784,-71.070198,218.3,53.1,16,,default,44.633522033691406,2,1,0.1382007598876953,0.25299072265625,19.48
boston,973c1cf43e11509a,42.362764,-71.070127,2471.8,207.5,11,44.800000000000004,osm_levels,42.7330207824707,2,1,7.530368804931641,0.6280433535575867,76.6
boston,d659322b4d5350ab,42.368303,-71.072534,6451.5,324.0,5,16.0,osm_levels,40.89232635498047,2,1,2.7767581939697266,0.3628111183643341,17.84
boston,1ca18e0e61f33631,42.369873,-71.070192,78.1,35.6,5,,default,40.24974822998047,2,1,4.459859848022461,0.23327624797821045,2.81
boston,2b94049c2f8b0d97,42.360834,-71.068926,132.0,54.8,5,19.200000000000003,osm_levels,39.856754302978516,2,1,9.830455780029297,0.35536813735961914,19.32
boston,b6865ffb5bd3a227,42.360838,-71.069315,67.9,34.0,5,16.0,osm_levels,38.04328536987305,2,1,9.363987922668457,0.35536813735961914,16.73
boston,0bf0ee7cb89dffb1,42.363281,-71.06991,1241.9,179.3,10,28.8,osm_levels,36.975425720214844,2,1,6.519506454467773,0.3460633158683777,39.66
boston,373d19e22bbc66bc,42.355346,-71.073834,1566.5,205.1,22,16.0,osm_levels,36.58894348144531,2,1,1.0363025665283203,0.3672722280025482,25.48
boston,8498c4f83ff7cfe4,42.360784,-71.070221,170.0,60.3,8,,default,35.880775451660156,2,1,4.919321060180664,0.24875769019126892,17.79
boston,ce484b020f055735,42.363643,-71.069124,1475.3,157.9,6,48.0,osm_levels,35.38835144042969,2,1,0.35930824279785156,0.3460633158683777,63.42
boston,8573e4bfe65d2f8e,42.363688,-71.06907,1988.7,189.8,7,19.200000000000003,osm_levels,35.38835144042969,2,1,0.35930824279785156,0.3460633158683777,62.41
boston,7c0faf0ca2a05022,42.354929,-71.073344,2316.7,245.6,33,,default,34.72441101074219,2,1,3.2761964797973633,0.25709056854248047,27.37
boston,a0a9a090229fcba8,42.361336,-71.069818,431.8,84.4,5,28.8,osm_levels,33.35430908203125,2,1,11.331491470336914,0.3602101802825928,39.2
boston,5695e66fd8126b2e,42.3637,-71.077749,607.3,147.2,9,12.8,osm_levels,30.567703247070312,2,1,2.5816879272460938,0.3559519946575165,15.77
boston,34643d1b08a50a53,42.363732,-71.077813,3906.1,313.9,37,16.0,osm_levels,29.286787033081055,2,1,5.139532089233398,0.3559519946575165,21.64
boston,f0c4c470d8b95f34,42.355515,-71.07337,474.3,94.3,5,35.2,osm_levels,28.44339370727539,2,1,4.470485687255859,0.3672722280025482,35.32
boston,176c9a93e28d5489,42.364915,-71.066829,930.5,138.5,5,9.600000000000001,osm_levels,27.0645809173584,2,1,0.08442878723144531,0.369081974029541,10.39
boston,cf63d67c892e821c,42.360294,-71.071445,1019.3,250.7,44,12.8,osm_levels,24.700618743896484,2,1,5.587525367736816,0.3460633158683777,17.38
boston,2aa48a759a9a37a7,42.336211,-71.068381,2564.1,227.4,15,41.6,osm_levels,24.602113723754883,2,1,3.1605758666992188,0.32199978828430176,42.55
boston,1b176788fd166a07,42.365633,-71.065677,1467.1,223.6,25,38.400000000000006,osm_levels,23.261560440063477,2,1,0.35617828369140625,0.369081974029541,35.37
boston,186b04143c6ee0dc,42.359656,-71.070525,149.0,56.5,5,16.0,osm_levels,22.718170166015625,2,1,3.8995847702026367,0.3602101802825928,17.8
boston,7b0d462644b20455,42.356447,-71.071376,854.8,139.6,7,12.8,osm_levels,21.520092010498047,2,1,0.5493249893188477,0.3685877323150635,14.95
boston,18e081b341ac4a07,42.356224,-71.070153,529.4,110.2,14,,default,21.137571334838867,2,1,1.4241504669189453,0.2580114006996155,24.2
boston,0039f95006da21a5,42.356004,-71.071238,358.9,77.2,5,16.0,osm_levels,21.037548065185547,2,1,0.9989423751831055,0.3685877323150635,30.32
boston,c65731029bd4495b,42.356438,-71.070757,389.4,84.9,10,,default,19.22724723815918,2,1,0.5343647003173828,0.2580114006996155,10.99
boston,f2f3bd75fbc85ae0,42.356295,-71.072228,3077.6,272.2,20,,default,18.614648818969727,2,1,0.31207275390625,0.2580114006996155,20.73
boston,22b2fdd6938c55fb,42.356998,-71.072028,252.0,64.2,9,,default,18.606948852539062,2,1,0.9217367172241211,0.2580114006996155,19.45
boston,0ac5e6834f35a6b6,42.356613,-71.072252,28.3,23.3,9,,default,18.2965145111084,2,1,0.8867149353027344,0.2580114006996155,5.6
boston,7419550fa6ea726c,42.37116,-71.067614,17.2,17.0,5,,default,18.030431747436523,2,1,3.540092945098877,0.23504573106765747,12.73
boston,3903050f7157b464,42.356698,-71.072278,1790.8,331.3,37,,default,17.87286376953125,2,1,1.6839303970336914,0.2580114006996155,22.94
boston,b01838fc37e50ec7,42.356929,-71.071018,1544.5,190.0,23,,default,17.855955123901367,2,1,1.4808921813964844,0.2580114006996155,15.56
boston,42b0b0b3b1b1548e,42.356216,-71.0728,319.8,75.5,7,19.200000000000003,osm_levels,17.135894775390625,2,1,2.99173641204834,0.3685877323150635,23.52
boston,47aa7d011a8d233f,42.357264,-71.071426,209.9,62.1,7,,default,16.95965576171875,2,1,1.197812557220459,0.2580114006996155,17.01
boston,1ee3b0e715a3fef5,42.355826,-71.072364,700.4,115.8,7,,default,16.082141876220703,2,1,0.8280205726623535,0.2580114006996155,23.16
boston,a1a6a827f6abe2ff,42.359706,-71.071428,1660.2,351.0,63,12.8,osm_levels,16.080238342285156,2,1,2.259341239929199,0.3602101802825928,16.36
boston,3849c5886b0b36c2,42.357038,-71.072463,395.1,88.9,13,,default,15.982688903808594,2,1,0.15553045272827148,0.2580114006996155,24.21
boston,ba5fc6c133c8c751,42.356918,-71.072349,254.2,64.3,9,,default,15.959061622619629,2,1,0.6462106704711914,0.2580114006996155,21.66
boston,97e3bbea81d00088,42.357456,-71.070849,636.9,147.6,20,,default,15.757100105285645,2,1,0.704655647277832,0.2580114006996155,16.54
boston,9a3186bef99ddda6,42.358038,-71.071224,152.3,52.1,5,,default,15.503117561340332,2,1,2.3777246475219727,0.2580114006996155,11.94
boston,b1c9aa8aeda58f8d,42.359347,-71.070976,284.8,71.2,7,22.400000000000002,osm_levels,15.303021430969238,2,1,1.0866518020629883,0.3602101802825928,24.09
boston,3805972ee1b3a569,42.357204,-71.072474,161.9,54.2,5,,default,15.165506362915039,2,1,0.49019670486450195,0.2580114006996155,20.35
boston,0bf209771a94f263,42.357752,-71.07118,166.1,51.8,7,,default,14.965517044067383,2,1,0.7866129875183105,0.2580114006996155,14.29
boston,e16035a8c8fc86b9,42.357626,-71.072211,706.5,116.4,16,,default,14.231687545776367,2,1,0.39981651306152344,0.2580114006996155,23.12
boston,418a661a5e1f77f9,42.358309,-71.071533,1256.3,204.5,30,,default,13.534194946289062,2,1,2.5767712593078613,0.2580114006996155,19.26
boston,18ab480ca0a24d26,42.359554,-71.071863,187.0,62.4,11,12.8,osm_levels,13.345368385314941,2,1,1.5339241027832031,0.3602101802825928,14.55
boston,7cccdc527bcc0186,42.357312,-71.073685,525.4,93.0,26,9.600000000000001,osm_levels,13.188335418701172,2,1,2.5605063438415527,0.3685877323150635,14.47
boston,724d313bc4788b84,42.358423,-71.071968,363.6,76.8,16,,default,12.835766792297363,2,1,1.3488216400146484,0.2580114006996155,20.61
boston,4f5b158af9f91509,42.358609,-71.072027,604.7,99.8,7,,default,12.715386390686035,2,1,1.941462516784668,0.2580114006996155,21.38
boston,6177705ec1293d48,42.35906,-71.071562,2380.7,304.6,19,22.400000000000002,osm_levels,12.663516998291016,2,1,0.19840669631958008,0.3602101802825928,21.93
boston,4add19688c67bd03,42.357397,-71.073403,176.5,73.9,12,6.4,osm_levels,12.160244941711426,2,1,0.09182262420654297,0.3685877323150635,4.33
boston,b69eb838e35720a9,42.358066,-71.072089,1145.8,160.9,21,,default,12.072173118591309,2,1,0.07871055603027344,0.2580114006996155,23.29
boston,2943bbf9e19c4267,42.35987,-71.073036,648.9,115.4,7,6.4,osm_levels,11.596966743469238,2,1,2.7101001739501953,0.3602101802825928,9.28
boston,d46ed99de0fb06a7,42.339662,-71.06609,1269.5,145.4,5,,default,11.093144416809082,2,1,0.03075695037841797,0.2328881025314331,10.09
boston,9ee2de0f73c996c8,42.359822,-71.073072,424.2,84.2,5,,default,10.429204940795898,2,1,0.5840902328491211,0.2521471381187439,9.56
boston,09934314fde50f86,42.359959,-71.07297,228.1,69.0,8,,default,9.673030853271484,2,1,1.3163866996765137,0.2521471381187439,5.33
boston,33c8fd30ae2d9911,42.338744,-71.055555,920.8,248.7,29,,default,250.36119079589844,1,1,0.0,0.2177930772304535,10.19
boston,1d1008428d65edac,42.330494,-71.070908,807.0,146.6,7,,default,248.25173950195312,1,1,0.0,0.2209945172071457,6.96
boston,3ba0b6140c58b599,42.340731,-71.069429,2773.9,367.8,24,,default,237.95330810546875,1,1,0.0,0.2479831427335739,36.8
boston,42ceac5d46cf9792,42.344004,-71.065094,4482.4,402.7,20,,default,230.29669189453125,1,1,0.0,0.2512753903865814,22.7
boston,46e5ff58deeedba4,42.331164,-71.067404,4573.1,334.8,17,,default,228.55841064453125,1,1,0.0,0.22980520129203796,9.47
boston,4da8ee802ab94784,42.33052,-71.06689,7908.5,559.6,17,,default,227.07666015625,1,1,0.0,0.22980520129203796,9.61
boston,f123e2fe65c64805,42.340277,-71.067553,1424.6,211.4,9,,default,226.2252197265625,1,1,0.0,0.2177930772304535,24.3
boston,e1001f5223887571,42.338761,-71.071106,687.3,212.4,21,,default,221.77691650390625,1,1,0.0,0.2512753903865814,11.04
boston,ef38c2558130ef11,42.368566,-71.079601,114.3,43.1,5,,default,220.84048461914062,1,1,0.0,0.2545495629310608,10.64
boston,69f0cab5e01f6877,42.350972,-71.088039,689.3,115.1,15,,default,219.0618133544922,1,1,0.0,0.2568188011646271,22.52
boston,5030496e22b4d9e0,42.338848,-71.06988,1095.4,134.2,5,,default,212.37997436523438,1,1,0.0,0.2512753903865814,13.23
boston,0f91137ff0eb4549,42.371216,-71.057652,5333.0,352.0,11,,default,212.3365478515625,1,1,0.0,0.25853487849235535,14.33
boston,133100e857bf7007,42.331533,-71.070363,334.7,93.4,15,,default,210.6464080810547,1,1,0.0,0.5843081474304199,6.0
boston,7fd538e2526e94b3,42.332379,-71.066719,5976.3,436.1,5,,default,200.48883056640625,1,1,0.0,0.2209945172071457,5.48
boston,de7f9ecad6742578,42.330692,-71.058166,104.4,42.6,5,,default,198.774658203125,1,1,0.0,0.22980520129203796,5.99
boston,4f0e95436a0ab85a,42.332804,-71.066889,1007.4,147.1,5,,default,197.77757263183594,1,1,0.0,0.22980520129203796,6.33
boston,fb3af51ecb2b0e0a,42.333564,-71.066485,1462.8,171.2,9,,default,194.5630645751953,1,1,0.0,0.2209945172071457,6.17
boston,f6d463afedfb964d,42.331926,-71.070365,212.0,60.2,5,,default,193.8352508544922,1,1,0.0,0.2209945172071457,5.94
boston,d5c1ee1770b7efc1,42.339216,-71.068182,151.5,54.2,5,,default,184.0895538330078,1,1,0.0,0.2479831427335739,13.11
boston,add7a49cbbd389ff,42.331115,-71.06963,8480.4,505.9,22,,default,183.31365966796875,1,1,0.0,0.2209945172071457,11.55
boston,6009902a57db1286,42.371937,-71.059106,442.9,84.6,5,,default,179.88824462890625,1,1,0.0,0.25692495703697205,9.97
boston,9e85b0ed6136eb82,42.351752,-71.081869,3540.6,470.2,58,,default,171.7761993408203,1,1,0.0,0.2544490396976471,26.92
boston,092b67b0df91b0a6,42.339784,-71.060677,64.6,34.9,5,,default,168.85096740722656,1,1,0.0,0.23711960017681122,3.11
boston,758fd2d387cd5aaa,42.362685,-71.086223,291.5,71.3,9,,default,168.12200927734375,1,1,0.0,0.2574898898601532,8.8
boston,72380349aafb0e1c,42.359246,-71.085856,27.1,23.0,5,,default,167.31072998046875,1,1,0.0,0.2544490396976471,4.19
boston,83ea91c902ff7b4c,42.359698,-71.072679,23.5,22.3,5,,default,166.51278686523438,1,1,0.0,0.2514318525791168,3.51
boston,1724d0aee371ff5d,42.339619,-71.069658,170.8,56.1,9,,default,165.20887756347656,1,1,0.0,0.2512753903865814,14.19
boston,9ac2042ff18dd843,42.33969,-71.060729,45.3,28.9,5,,default,163.5937957763672,1,1,0.0,0.23711960017681122,3.11
boston,799e28e2489fdc34,42.334273,-71.066893,37.1,27.7,9,,default,162.68251037597656,1,1,0.0,0.2209945172071457,9.97
boston,c3d6efc2806924ff,42.338154,-71.070234,28.9,23.8,5,,default,158.53761291503906,1,1,0.0,0.2512753903865814,3.7
boston,cf7647af48f05410,42.331542,-71.068957,1272.1,167.7,11,,default,158.52781677246094,1,1,0.0,0.2209945172071457,6.33
boston,effcf3d64f05a17e,42.371238,-71.068885,29.4,24.8,5,,default,155.90480041503906,1,1,0.0,0.24092598259449005,3.25
boston,b1d12cbbe4e8c2d8,42.332366,-71.06924,2829.9,250.8,13,,default,155.73880004882812,1,1,0.0,0.2209945172071457,10.0
boston,7e50e9e42c59401e,42.33291,-71.06938,60.7,32.9,5,,default,155.46656799316406,1,1,0.0,0.2209945172071457,5.46
boston,5b3683fcd1c10d14,42.339583,-71.070392,135.3,47.3,5,,default,154.87742614746094,1,1,0.0,0.2512753903865814,12.84
boston,79fcf73e9ac81e67,42.37319,-71.062379,276.3,72.3,7,,default,150.19573974609375,1,1,0.0,0.25853487849235535,13.72
boston,7eb5ae01d064d4e6,42.352375,-71.079617,1528.8,191.7,25,,default,149.3083953857422,1,1,0.0,0.2544490396976471,21.4
boston,df731510311f6b3a,42.333199,-71.058655,3997.3,253.9,5,,default,148.7918243408203,1,1,0.0,0.22980520129203796,6.97
boston,e23762f11c91dbcf,42.353697,-71.080265,489.6,104.9,5,,default,148.6922607421875,1,1,0.0,0.2544490396976471,28.88
boston,96a5a5af123495eb,42.373012,-71.062253,319.5,86.4,7,,default,146.56883239746094,1,1,0.0,0.25853487849235535,12.84
boston,6ad93f4f3452421a,42.368702,-71.08002,63.7,38.6,7,,default,146.38560485839844,1,1,0.0,0.2545495629310608,5.67
boston,528824869b974f2f,42.350234,-71.096041,2362.2,267.7,35,,default,146.27928161621094,1,1,0.0,0.26158407330513,22.55
boston,6878334b3496bcc2,42.352859,-71.079596,752.9,117.9,13,,default,145.00498962402344,1,1,0.0,0.2544490396976471,21.73
boston,8757d4a89f9aae4e,42.371171,-71.078755,687.5,143.2,23,,default,144.968994140625,1,1,0.0,0.2545495629310608,13.68
boston,b99a0c32aba0f40b,42.339414,-71.069958,407.7,118.3,13,,default,141.2807159423828,1,1,0.0,0.2512753903865814,9.72
boston,c152baa718e6c522,42.361654,-71.08465,1789.0,171.3,5,,default,140.41241455078125,1,1,0.0,0.26158407330513,77.73
boston,fd4260ae3035be35,42.332994,-71.069633,3515.2,293.1,11,,default,140.22067260742188,1,1,0.0,0.2209945172071457,11.38
boston,5d75072ecf17f09d,42.361698,-71.084762,2976.0,234.3,9,,default,139.92514038085938,1,1,0.0,0.26158407330513,76.26
boston,17c9441ce32f841d,42.33803,-71.070343,288.1,68.3,5,,default,139.0665740966797,1,1,0.0,0.2512753903865814,14.95
boston,0c12a64324689bc5,42.374274,-71.064106,352.2,105.5,16,,default,138.31002807617188,1,1,0.0,0.2131664901971817,13.18
boston,483348622932dc23,42.37391,-71.064861,92.8,46.1,7,,default,137.64561462402344,1,1,0.0,0.2131664901971817,8.99
boston,4b3ab22e5b666f42,42.335098,-71.063357,116.7,44.4,5,,default,137.18936157226562,1,1,0.0,0.23711960017681122,7.26
boston,6c2443ff521cd1b4,42.360783,-71.08389,297.3,71.4,7,,default,135.53155517578125,1,1,0.0,0.26158407330513,37.29
boston,3ddf7d1093953ad3,42.333022,-71.070334,1798.1,210.8,10,,default,135.17372131347656,1,1,0.0,0.2209945172071457,16.0
boston,6fe8b7eaed8cf849,42.334971,-71.057581,3078.6,303.6,21,,default,135.09442138671875,1,1,0.0,0.2192721962928772,18.72
boston,83d0dc3341fc8190,42.334753,-71.062908,636.8,113.4,7,,default,134.0753936767578,1,1,0.0,0.23711960017681122,9.88
boston,1c786aa49e4cadbf,42.360845,-71.083696,217.0,59.1,5,,default,132.47909545898438,1,1,0.0,0.26158407330513,40.83
boston,4ba8662c6ac21930,42.333289,-71.070269,687.9,135.5,5,,default,130.51010131835938,1,1,0.0,0.2209945172071457,10.59
boston,6d70308e1b42edec,42.353441,-71.077424,878.3,140.0,18,,default,130.1757354736328,1,1,0.0,0.2573623061180115,22.59
boston,235cd8eb290933f9,42.353017,-71.077212,2431.0,287.4,43,,default,128.07774353027344,1,1,0.0,0.2573623061180115,21.18
boston,fccbcef7090d808e,42.369332,-71.078701,298.7,72.5,5,,default,128.04669189453125,1,1,0.0,0.2545495629310608,17.05
boston,39dc6f6c9eeb7a98,42.360733,-71.083641,987.8,248.4,21,,default,127.282958984375,1,1,0.0,0.26158407330513,36.7
boston,73290dac55c8a2bd,42.360659,-71.083582,296.5,159.0,9,,default,125.34166717529297,1,1,0.0,0.26158407330513,32.79
boston,abcf291cbd1732d9,42.336296,-71.058368,467.6,100.7,5,,default,122.01850891113281,1,1,0.0,0.22980520129203796,7.49
boston,3304ebaa54216bbd,42.33351,-71.068992,127.7,89.1,5,,default,121.9035415649414,1,1,0.0,0.2209945172071457,2.88
boston,fcd45aef5f62ab71,42.333276,-71.068962,241.4,95.4,7,,default,119.68988037109375,1,1,0.0,0.2209945172071457,2.7
boston,424dc816aaf16e08,42.334473,-71.058659,8554.3,462.9,11,,default,119.01190948486328,1,1,0.0,0.2192721962928772,7.87
boston,949e588f28fe6f05,42.354484,-71.077316,319.4,95.7,5,,default,114.43062591552734,1,1,0.0,0.2573623061180115,26.23
boston,c40285990983da99,42.378527,-71.069479,278.7,72.9,5,,default,112.07493591308594,1,1,0.0,0.5679678320884705,9.28
boston,1dc6998469348638,42.361851,-71.082445,69.9,35.6,6,,default,107.73163604736328,1,1,0.0,0.2574898898601532,35.14
boston,2d26022e80ff31bf,42.352753,-71.081553,497.3,121.5,16,,default,107.25899505615234,1,1,0.0,0.2573623061180115,21.22
boston,0b2746ab59e371ea,42.343867,-71.063705,3575.5,280.3,11,,default,104.73368072509766,1,1,0.0,0.2512753903865814,52.5
boston,7db8830aaf3f2fcd,42.379078,-71.069812,288.0,79.3,13,,default,103.59724426269531,1,1,0.0,0.253385990858078,10.43
boston,d21c96d43d2fc006,42.372314,-71.063796,97.2,41.1,5,,default,98.69575500488281,1,1,0.0,0.25853487849235535,9.64
boston,ae08027a5a5de0bd,42.372192,-71.062327,279.6,72.2,5,,default,95.6276626586914,1,1,0.0,0.25692495703697205,12.57
boston,30aea20710e2b52e,42.365973,-71.061172,2308.1,195.1,9,102.4,osm_levels,94.25068664550781,1,1,0.0,0.34417998790740967,155.62
boston,c322547798c3d52e,42.336545,-71.061059,145.7,54.7,5,,default,90.15830993652344,1,1,0.0,0.22980520129203796,4.38
boston,d9bccb71e8dd8e7c,42.364378,-71.081364,180.2,57.3,5,,default,85.2564697265625,1,1,0.0,0.21766285598278046,4.95
boston,e166b450a9107217,42.36449,-71.081481,677.2,107.8,15,,default,84.67530059814453,1,1,0.0,0.21766285598278046,1.79
boston,44d76776efb077f2,42.377861,-71.068796,897.8,183.6,5,,default,84.39271545410156,1,1,0.0,0.253385990858078,12.18
boston,84aa1a3b4f51b32d,42.371321,-71.067559,15.2,15.9,5,,default,84.26502990722656,1,1,0.0,0.24092598259449005,19.49
boston,7e38cdd1d6d2b62c,42.363001,-71.067286,1124.6,136.5,5,38.400000000000006,osm_levels,81.02558898925781,1,1,0.0,0.3698751628398895,46.38
boston,cc59832267c6b011,42.354648,-71.076619,353.6,96.6,9,38.400000000000006,osm_levels,77.8342056274414,1,1,0.0,0.3668840229511261,39.2
boston,133f27913047abf5,42.352761,-71.079952,419.4,83.2,11,,default,76.53016662597656,1,1,0.0,0.2568188011646271,20.55
boston,c5ed2e6f0f12b842,42.33322,-71.068555,667.9,116.0,13,,default,75.24410247802734,1,1,0.0,0.2209945172071457,7.34
boston,8ea672cfcd0f7fed,42.363997,-71.08063,340.1,83.3,5,,default,74.08805847167969,1,1,0.0,0.21766285598278046,11.34
boston,3341f12f1965f087,42.367974,-71.053191,33.6,23.5,5,32.0,osm_levels,73.29487609863281,1,1,0.0,0.31685271859169006,30.03
boston,1419c0a6671d6c3d,42.367612,-71.052873,1768.1,209.9,11,,default,72.68789672851562,1,1,0.0,0.2217969000339508,26.17
boston,f3dd0bacc75a7215,42.362977,-71.080881,386.5,70.4,17,,default,72.51376342773438,1,1,0.0,0.2574898898601532,13.87
boston,1b7e18e567cbec03,42.368027,-71.05356,26.2,20.5,5,32.0,osm_levels,71.43932342529297,1,1,0.0,0.31685271859169006,31.11
boston,e3a70426ae2df9dd,42.373536,-71.071055,33.3,23.7,5,,default,71.2481689453125,1,1,0.0,0.2131664901971817,4.61
boston,7431b49ef4241898,42.359849,-71.06092,59.1,46.7,5,57.6,osm_levels,71.01851654052734,1,1,0.0,0.3698751628398895,100.33
boston,2483cee2646c2ea9,42.372007,-71.059875,585.3,124.5,13,,default,70.76082611083984,1,1,0.0,0.25692495703697205,18.41
boston,a447480b6d2f79d7,42.332287,-71.068238,7167.7,378.1,15,,default,70.72454071044922,1,1,0.0,0.5841842889785767,7.25
boston,d0bb760af53f65fd,42.359847,-71.061101,1768.0,172.3,13,51.2,osm_levels,69.0899658203125,1,1,0.0,0.3682888150215149,102.23
boston,88b93332eaf87069,42.363621,-71.080886,271.2,59.0,17,,default,68.85910034179688,1,1,0.0,0.2574898898601532,16.16
boston,b45dd8f93936ce76,42.378144,-71.068938,1055.3,200.5,5,,default,68.23117065429688,1,1,0.0,0.2131664901971817,12.38
boston,d2b9711b34c2b407,42.353768,-71.079977,503.7,130.2,29,28.8,osm_levels,67.62273406982422,1,1,0.0,0.36766043305397034,34.73
boston,660751ff7c755947,42.33765,-71.069208,374.7,82.2,9,,default,66.9352798461914,1,1,0.0,0.2512753903865814,21.88
boston,b1acf30401d3c470,42.372229,-71.071393,4011.3,254.9,7,35.2,osm_levels,66.30921936035156,1,1,0.0,0.36197999119758606,56.59
boston,99b2dffec3cc29c4,42.372249,-71.071405,5001.4,301.2,11,35.2,osm_levels,65.91432189941406,1,1,0.0,0.36197999119758606,56.34
boston,0bb380a671daceae,42.342247,-71.064256,3179.2,420.8,6,,default,65.30208587646484,1,1,0.0,0.2479831427335739,18.04
boston,ed05d9599bc8eff8,42.339146,-71.066893,1278.1,147.0,5,,default,62.999244689941406,1,1,0.0,0.2177930772304535,27.01
boston,a8184c64ccbd1b55,42.363666,-71.078964,39.6,25.5,5,25.6,osm_levels,61.978694915771484,1,1,0.0,0.3678427040576935,30.8
boston,f3d77cd30ee7c3c7,42.36286,-71.080006,421.5,82.5,5,32.0,osm_levels,59.06632995605469,1,1,0.0,0.3678427040576935,8.17
boston,d1cb93259109c8af,42.371534,-71.070836,157.9,61.6,5,,default,58.03730773925781,1,1,0.0,0.253385990858078,3.66
boston,7ddb75843f00179c,42.363747,-71.068047,1343.4,161.3,7,,default,57.81697082519531,1,1,0.0,0.2589126229286194,62.7
boston,20e57978f337e25a,42.354393,-71.073925,554.5,109.4,13,,default,57.71015167236328,1,1,0.0,0.2568188011646271,22.91
boston,551210cde6e894a9,42.366227,-71.078508,2147.1,302.2,13,22.400000000000002,osm_levels,57.4814453125,1,1,0.0,0.3678427040576935,21.07
boston,7e910778a529f078,42.374804,-71.062902,352.4,95.6,14,,default,57.444149017333984,1,1,0.0,0.2131664901971817,12.94
boston,846744bb03646d4b,42.36243,-71.07969,52.2,29.9,5,,default,56.19515609741211,1,1,0.0,0.2574898898601532,6.8
boston,91a5f465d8fb7da3,42.353647,-71.074759,1298.4,167.0,18,,default,55.94095993041992,1,1,0.0,0.2573623061180115,22.75
boston,91a5f465d8fb7da3,42.353647,-71.074759,1298.4,167.0,18,,default,55.94095993041992,1,1,0.0,0.2573623061180115,22.75
boston,47cb8aeff16ec407,42.368325,-71.057187,3501.7,256.3,11,,default,55.3851432800293,1,1,0.0,0.2217969000339508,10.79
boston,4a521f2b3324c288,42.36094,-71.068073,401.0,82.2,11,,default,54.84745407104492,1,1,0.0,0.2586604952812195,18.2
boston,be720084492ec795,42.353417,-71.074325,414.6,90.7,5,38.400000000000006,osm_levels,54.68731689453125,1,1,0.0,0.3668840229511261,41.9
boston,da8e6202db15a522,42.360938,-71.068477,525.1,95.1,5,19.200000000000003,osm_levels,51.81795120239258,1,1,0.0,0.36951500177383423,22.0
boston,b991ac7313b47fa7,42.375335,-71.063679,539.9,93.5,5,,default,51.29903030395508,1,1,0.0,0.2217969000339508,25.14
boston,afa17a7a814de1d4,42.36423,-71.078665,434.5,83.9,5,19.200000000000003,osm_levels,50.561256408691406,1,1,0.0,0.3678427040576935,28.21
boston,d7c06f83028ecb6b,42.365632,-71.058894,1933.8,205.7,10,19.200000000000003,osm_levels,49.76243209838867,1,1,0.0,0.3698751628398895,22.7
boston,3328f974d7dce776,42.373903,-71.062675,604.0,103.3,10,,default,48.96175765991211,1,1,0.0,0.25853487849235535,16.05
boston,b37811cf68b79bbe,42.367255,-71.059398,1808.1,181.8,5,35.2,osm_levels,48.14208984375,1,1,0.0,0.3693355619907379,50.03
boston,6544efcc7b14f0d2,42.354325,-71.074313,373.3,91.2,9,25.6,osm_levels,47.77851867675781,1,1,0.0,0.3668840229511261,28.02
boston,54f2e9b64e08ad42,42.364151,-71.062779,303.0,73.4,5,16.0,osm_levels,47.66059494018555,1,1,0.0,0.3698751628398895,17.37
boston,f3598972bdcfdfb1,42.365724,-71.077791,408.8,96.3,7,16.0,osm_levels,46.815574645996094,1,1,0.0,0.3440612852573395,17.46
boston,bd848e72b4a4472b,42.364642,-71.061514,262.9,69.2,5,19.200000000000003,osm_levels,45.88593292236328,1,1,0.0,0.3698751628398895,21.71
boston,0135fef70f67fa2a,42.351115,-71.050194,1095.5,133.4,5,22.400000000000002,osm_levels,45.53445816040039,1,1,0.0,0.3132460117340088,26.46
boston,8c5c6c1d55327f88,42.374295,-71.063747,135.9,50.4,7,,default,44.75143051147461,1,1,0.0,0.2217969000339508,16.36
boston,a381b7fc3b515f9b,42.354767,-71.073953,188.3,63.8,5,19.200000000000003,osm_levels,43.128196716308594,1,1,0.0,0.36766043305397034,22.21
boston,605898a3d9c5cfaf,42.364831,-71.061719,827.0,119.2,5,19.200000000000003,osm_levels,43.01884460449219,1,1,0.0,0.3698751628398895,21.79
boston,9cfa5acb5278f8a1,42.350128,-71.051295,1742.5,205.1,13,22.400000000000002,osm_levels,42.73066329956055,1,1,0.0,0.3132460117340088,29.2
boston,2172841d0baedf6f,42.374874,-71.064554,160.7,60.0,7,,default,41.817081451416016,1,1,0.0,0.2217969000339508,13.44
boston,7c7afa9d5547ea22,42.373548,-71.063553,270.4,90.5,17,,default,41.667598724365234,1,1,0.0,0.2217969000339508,13.14
boston,c8148688c83b20dc,42.370511,-71.069939,265.2,72.2,5,,default,41.54094314575195,1,1,0.0,0.253385990858078,6.0
boston,55cbb24d7e182a2d,42.376029,-71.064741,299.7,80.5,14,,default,40.27628707885742,1,1,0.0,0.2217969000339508,5.21
boston,cec8a4274d15006f,42.374203,-71.06438,112.3,42.6,5,,default,39.63284683227539,1,1,0.0,0.2217969000339508,10.8
boston,93e6449f028b64ae,42.366036,-71.061121,3973.1,253.0,5,28.8,osm_levels,38.78096008300781,1,1,0.0,0.3698751628398895,155.5
boston,312dcbd9bc8d1bd2,42.374644,-71.06471,286.6,78.9,23,,default,38.043312072753906,1,1,0.0,0.2217969000339508,14.36
boston,1d6b52ed4f6a1fb7,42.363441,-71.077999,415.7,138.6,11,12.8,osm_levels,37.55270004272461,1,1,0.0,0.9715720415115356,14.62
boston,fe8b148afe57a2a7,42.374713,-71.065501,374.9,86.5,12,,default,37.38019561767578,1,1,0.0,0.5880157351493835,13.27
boston,3b386b5466ac3e56,42.337439,-71.068955,374.9,82.2,9,,default,36.995269775390625,1,1,0.0,0.2512753903865814,21.45
boston,e2d3fb65280491f7,42.36052,-71.070579,282.3,70.1,6,16.0,osm_levels,36.06748580932617,1,1,0.0,0.36951500177383423,16.18
boston,5efe97bac32b3755,42.374461,-71.065235,82.0,46.0,7,,default,33.77912139892578,1,1,0.0,0.2217969000339508,14.32
boston,c687d27eac2123f4,42.36033,-71.070262,109.8,62.3,9,16.0,osm_levels,33.72773361206055,1,1,0.0,0.3509053885936737,16.79
boston,786b7a2e944fa085,42.35459,-71.073213,1888.7,249.0,33,,default,33.27742004394531,1,1,0.0,0.2573623061180115,24.1
boston,03ee618b0c8233b3,42.365423,-71.064324,62.0,33.9,5,16.0,osm_levels,33.150672912597656,1,1,0.0,0.3698751628398895,17.27
boston,ea9b1cd91986c2f5,42.374344,-71.065142,104.9,44.6,7,,default,32.661197662353516,1,1,0.0,0.2217969000339508,8.22
boston,e95acb3e0e38bdb3,42.37343,-71.064813,76.7,38.8,5,,default,31.92496109008789,1,1,0.0,0.2217969000339508,19.52
boston,0a032c26c53d8c6f,42.366057,-71.062615,1426.3,184.9,5,32.0,osm_levels,31.121761322021484,1,1,0.0,0.3698751628398895,49.95
boston,d84d5274bb9f5042,42.366321,-71.062157,12650.5,479.2,15,35.2,osm_levels,30.53048324584961,1,1,0.0,0.3698751628398895,50.03
boston,dea1406057b8183c,42.371844,-71.063168,167.7,58.7,5,,default,29.74164581298828,1,1,0.0,0.2217969000339508,6.93
boston,45fa267eff25096a,42.360265,-71.070613,631.0,142.2,19,12.8,osm_levels,28.474159240722656,1,1,0.0,0.3509053885936737,15.34
boston,8be22d0f24c33633,42.371113,-71.063043,200.3,65.3,5,,default,27.374448776245117,1,1,0.0,0.2217969000339508,20.53
boston,cbaa56ded51c0b38,42.364271,-71.06557,1606.3,193.6,21,54.400000000000006,osm_levels,26.560306549072266,1,1,0.0,0.3682888150215149,52.34
boston,7a60ed5adb6dab12,42.367176,-71.063489,929.5,383.3,5,,default,26.531721115112305,1,1,0.0,0.25853487849235535,12.2
boston,2def3a63467f9b9a,42.375851,-71.065432,3592.6,296.9,7,,default,26.222373962402344,1,1,0.0,0.2217969000339508,6.12
boston,2276f292018134e1,42.366579,-71.067726,16.5,16.2,5,,default,25.68408203125,1,1,0.0,0.2530878782272339,4.37
boston,f5eb36776f337608,42.342522,-71.057471,894.4,142.1,14,19.200000000000003,osm_levels,25.55229949951172,1,1,0.0,0.33874228596687317,25.11
boston,2af7e92107d0aee7,42.363505,-71.077819,371.3,214.4,17,9.600000000000001,osm_levels,24.635238647460938,1,1,0.0,0.3440612852573395,13.86
boston,309d2411e121437b,42.361974,-71.070167,40.9,24.2,9,28.8,osm_levels,24.444189071655273,1,1,0.0,0.3509053885936737,44.59
boston,38c702d99e3c8efc,42.366774,-71.064144,23.3,20.0,5,,default,24.38976287841797,1,1,0.0,0.2589126229286194,3.58
boston,74992b9bf1340a16,42.361956,-71.06988,78.4,45.7,5,12.8,osm_levels,24.09712028503418,1,1,0.0,0.3509053885936737,22.34
boston,888b3d64ee62fa9c,42.359082,-71.070945,150.3,51.5,7,22.400000000000002,osm_levels,23.981061935424805,1,1,0.0,0.36951500177383423,23.22
boston,1f945e60d8328027,42.361964,-71.070156,747.5,101.3,9,25.6,osm_levels,23.901926040649414,1,1,0.0,0.3509053885936737,42.3
boston,1d7aab71390c56d6,42.368019,-71.064687,593.8,98.1,7,35.2,osm_levels,23.88608169555664,1,1,0.0,0.3693355619907379,35.06
boston,256c2f42fdd8635f,42.361767,-71.070178,247.8,63.2,5,16.0,osm_levels,23.832847595214844,1,1,0.0,0.3509053885936737,23.25
boston,f0bbc1d09d5b072d,42.361948,-71.069949,114.6,49.0,5,16.0,osm_levels,23.82794189453125,1,1,0.0,0.3509053885936737,22.91
boston,a3b2291b4032b493,42.368153,-71.064717,87.0,52.2,5,25.6,osm_levels,23.34735107421875,1,1,0.0,0.3693355619907379,30.52
boston,a9777317a276e0a0,42.359562,-71.07052,175.7,58.9,11,12.8,osm_levels,23.265819549560547,1,1,0.0,0.36951500177383423,15.84
boston,27f0e0f8e91db836,42.361318,-71.069632,86.4,40.3,5,19.200000000000003,osm_levels,23.152259826660156,1,1,0.0,0.36951500177383423,19.25
boston,7332660f88e7443e,42.366516,-71.065163,26.6,21.7,5,,default,21.516576766967773,1,1,0.0,0.2589126229286194,3.86
boston,532eea1909836150,42.359648,-71.070971,381.1,85.6,9,,default,21.42841148376465,1,1,0.0,0.2586604952812195,16.73
boston,52392af913b2fdb6,42.339783,-71.066373,1010.6,135.9,7,,default,20.808399200439453,1,1,0.0,0.2192721962928772,9.72
boston,49efa036782f1844,42.365334,-71.066276,717.8,119.7,10,,default,19.486572265625,1,1,0.0,0.25780215859413147,17.59
boston,bb16c4e680a4e8cb,42.361155,-71.070787,1865.2,596.6,34,9.600000000000001,osm_levels,19.442171096801758,1,1,0.0,0.36951500177383423,14.12
boston,2898e2f57517d0ef,42.367788,-71.064997,1219.3,206.7,26,32.0,osm_levels,19.419780731201172,1,1,0.0,0.3693355619907379,41.08
boston,3e2d8517da0bfaaa,42.366171,-71.067971,26.8,21.8,5,6.4,osm_levels,18.74064064025879,1,1,0.0,0.3615540862083435,4.82
boston,bd973edfcac53512,42.35651,-71.070439,732.4,116.2,15,,default,18.624780654907227,1,1,0.0,0.2586604952812195,16.67
boston,a9219c90c2595a45,42.342864,-71.064199,1083.9,142.6,5,,default,18.588193893432617,1,1,0.0,0.2512753903865814,14.45
boston,55e5d57b63673178,42.357905,-71.070955,294.4,93.8,11,,default,18.498414993286133,1,1,0.0,0.2586604952812195,11.2
boston,89a87903809f72d8,42.358041,-71.071107,104.3,41.3,7,,default,18.193553924560547,1,1,0.0,0.2586604952812195,11.88
boston,50675e96ab2a5174,42.356134,-71.071644,264.6,65.7,7,9.600000000000001,osm_levels,18.052263259887695,1,1,0.0,0.36951500177383423,7.63
boston,0f0098cc0e943dd8,42.360137,-71.071684,334.3,75.0,12,12.8,osm_levels,17.647415161132812,1,1,0.0,0.3509053885936737,18.15
boston,fe0be3e610c3c486,42.359377,-71.070604,64.5,34.9,5,12.8,osm_levels,16.554609298706055,1,1,0.0,0.3509053885936737,13.61
boston,a1c2b0f46106f63a,42.366799,-71.066257,43.6,27.1,5,,default,15.493885040283203,1,1,0.0,0.2589126229286194,8.19
boston,8cbf2f8c5919cfad,42.358645,-71.071277,310.3,71.8,11,,default,15.474570274353027,1,1,0.0,0.2586604952812195,17.17
boston,d9a157cb4e5bfb92,42.339665,-71.062545,279.0,72.2,5,,default,15.386825561523438,1,1,0.0,0.2479831427335739,8.12
boston,97f9abdcc4d2de40,42.339671,-71.062814,65.2,35.2,5,,default,15.377192497253418,1,1,0.0,0.2479831427335739,2.82
boston,3912aa12fe2d0fde,42.359177,-71.070507,586.3,128.2,17,,default,15.333264350891113,1,1,0.0,0.2456337809562683,18.31
boston,a6db16fb30e555dd,42.357589,-71.07079,82.6,35.9,7,12.8,osm_levels,14.973245620727539,1,1,0.0,0.36766043305397034,11.62
boston,defecdeaf8868a0a,42.357795,-71.071035,204.6,57.6,5,,default,14.053796768188477,1,1,0.0,0.2573623061180115,15.46
boston,25d555d19660f179,42.35777,-71.071542,1239.5,152.6,26,,default,13.520405769348145,1,1,0.0,0.2573623061180115,26.5
boston,745cfdb022390188,42.367198,-71.066201,4187.4,342.6,41,25.6,osm_levels,11.175565719604492,1,1,0.0,0.3698751628398895,31.7
boston,a8a7e52805b4b395,42.338952,-71.066636,488.3,94.4,5,,default,8.571271896362305,1,1,0.0,0.2479831427335739,24.65
chicago,7df71e974810ea3b,41.868494,-87.624699,4391.5,348.1,18,,default,153.69847106933594,5,2,38.199737548828125,0.23757365345954895,131.63
chicago,65f362d2dd285e32,41.868564,-87.624698,1437.0,204.0,14,140.8,osm_levels,140.91995239257812,4,2,22.943359375,0.3407420516014099,132.59
chicago,e3a023cf98e54535,41.876657,-87.624866,484.1,123.3,5,,default,183.39686584472656,3,2,9.690475463867188,0.22746427357196808,47.25
chicago,57717f36031a6815,41.869111,-87.624675,1352.2,226.4,17,,default,120.99156188964844,2,2,39.55025100708008,0.4505334198474884,33.65
chicago,f646deea375526a4,41.900248,-87.629019,3444.4,312.2,13,12.8,osm_levels,15.664907455444336,5,1,0.7151365280151367,0.5386055707931519,20.68
chicago,73b57784a1ba6da1,41.877185,-87.622946,763.0,364.1,5,,default,140.7323760986328,4,1,14.079879760742188,0.23872023820877075,7.5
chicago,977dd05210637310,41.876943,-87.62317,1908.5,441.4,16,,default,113.22272491455078,4,1,10.36322021484375,0.23872023820877075,16.66
chicago,c4f49fa4f5fa51da,41.869503,-87.629806,1474.4,333.7,43,9.600000000000001,osm_levels,20.34088897705078,4,1,5.043440818786621,0.33185726404190063,16.34
chicago,79517ea81e584c8b,41.900783,-87.630834,1336.9,159.7,7,32.0,osm_levels,15.975330352783203,4,1,0.5104856491088867,0.5192354321479797,36.12
chicago,5b610dca29a84262,41.884894,-87.623252,2094.2,224.5,11,134.4,osm_levels,159.10987854003906,3,1,14.218658447265625,0.3595575988292694,177.75
chicago,626d4d1d805a40fc,41.872793,-87.625471,2983.6,219.4,5,,default,135.47984313964844,3,1,2.6847076416015625,0.23489603400230408,32.39
chicago,d182e989e38f1025,41.8954,-87.628944,2888.2,291.6,21,169.60000000000002,osm_levels,132.90811157226562,3,1,0.5696945190429688,0.34940093755722046,153.02
chicago,2dd46273efac64d3,41.874023,-87.624804,1302.5,156.4,9,,default,122.26564025878906,3,1,0.9907684326171875,0.23489603400230408,55.38
chicago,425a186bf1770531,41.875228,-87.624475,131.0,49.4,5,,default,87.42622375488281,3,1,0.9521942138671875,0.23489603400230408,17.61
chicago,8bf85ab7a7e937b3,41.875076,-87.624835,6278.7,348.1,9,,default,86.28433227539062,3,1,1.8634147644042969,0.23489603400230408,60.29
chicago,31bf7f501fa8407c,41.896329,-87.630294,2455.7,194.7,12,,default,85.48442077636719,3,1,0.6991844177246094,0.2475837767124176,8.02
chicago,d0cb014a17b5a3c1,41.898607,-87.626172,1029.9,153.1,13,131.20000000000002,osm_levels,82.70008850097656,3,1,1.1302452087402344,0.3299340307712555,150.58
chicago,71ef42ff3f870c02,41.896906,-87.629402,793.2,195.9,15,80.0,osm_levels,82.57281494140625,3,1,0.6670570373535156,0.35369110107421875,81.41
chicago,12340efff6b5c3c7,41.880674,-87.621175,30.3,29.6,7,,default,81.09780883789062,3,1,3.4313316345214844,0.24933959543704987,10.34
chicago,631a394c9fdfaf31,41.900696,-87.631631,243.1,66.6,7,,default,78.32057189941406,3,1,6.506809234619141,0.24934148788452148,24.59
chicago,5d1ab3b632908c13,41.898171,-87.631734,899.1,140.9,31,102.4,osm_levels,75.61061096191406,3,1,4.964790344238281,0.5368324518203735,88.81
chicago,85983acd1c56ddfb,41.870301,-87.628275,733.2,114.3,49,89.60000000000001,osm_levels,70.22615814208984,3,1,10.558883666992188,0.3240883946418762,67.16
chicago,112aea656c5be6f7,41.878986,-87.621522,4678.6,427.8,32,,default,67.7633056640625,3,1,0.2989654541015625,0.24489359557628632,20.58
chicago,7bd4e852689a1f60,41.90102,-87.626806,842.3,116.6,5,67.2,osm_levels,65.49285888671875,3,1,4.47459602355957,0.3096877336502075,70.25
chicago,0de027c8e8b8e0a4,41.870178,-87.627849,1166.3,149.1,11,,default,63.703582763671875,3,1,0.05454254150390625,0.2321431189775467,8.71
chicago,f76092d9f1114561,41.904395,-87.632021,6015.8,403.1,12,,default,61.33964157104492,3,1,0.07025909423828125,0.24318216741085052,120.87
chicago,d79d9837993a5778,41.900343,-87.632059,1662.8,229.0,49,,default,61.187400817871094,3,1,0.55462646484375,0.24934148788452148,12.77
chicago,a0d2ec7579a3f94c,41.897994,-87.633425,2006.9,208.3,15,,default,60.426429748535156,3,1,3.297220230102539,0.246619313955307,24.17
chicago,df78f3836dd71e51,41.869031,-87.627737,125.4,46.5,5,,default,56.300537109375,3,1,4.8532257080078125,0.24191433191299438,13.22
chicago,4c14043e22a11f03,41.900108,-87.631637,300.9,72.0,17,,default,54.91355895996094,3,1,0.9439201354980469,0.256625771522522,12.48
chicago,8d765d1fa61927ce,41.901018,-87.62703,274.7,78.9,5,25.6,osm_levels,54.744083404541016,3,1,12.198734283447266,0.313873291015625,31.2
chicago,4baef45de13425a8,41.898331,-87.630561,3754.8,407.8,49,35.2,osm_levels,52.509124755859375,3,1,6.481840133666992,0.35369110107421875,40.2
chicago,3cf9e1af09dcccf8,41.879522,-87.620246,8.5,11.8,5,,default,48.25463104248047,3,1,1.298452377319336,0.24933959543704987,7.0
chicago,483a9c7a834909cc,41.898435,-87.632427,141.4,57.4,5,,default,45.1152229309082,3,1,14.257118225097656,0.25108394026756287,13.12
chicago,75f63cf355d96f99,41.898962,-87.628471,198.2,57.0,5,,default,41.12044143676758,3,1,0.975982666015625,0.23095382750034332,16.7
chicago,ba0f9a5dc32f48e5,41.898812,-87.628456,208.8,58.6,5,16.0,osm_levels,40.970863342285156,3,1,0.06472015380859375,0.34091171622276306,17.55
chicago,02057efd07284cb3,41.90295,-87.631714,321.9,81.1,9,,default,40.28699493408203,3,1,7.66534423828125,0.24318216741085052,11.29
chicago,c62a010c5a42508f,41.901009,-87.628987,251.6,86.2,10,,default,37.09739685058594,3,1,2.5238571166992188,0.21788696944713593,21.79
chicago,62ed47774003a381,41.897171,-87.630438,59.3,35.7,7,,default,36.50743103027344,3,1,3.0577220916748047,0.2475837767124176,15.4
chicago,5cbbd2864d51c392,41.901094,-87.629486,1492.4,189.2,17,,default,33.07278060913086,3,1,0.5822067260742188,0.22224360704421997,16.45
chicago,5e103866853ea0c5,41.90077,-87.629492,799.9,130.8,21,73.60000000000001,osm_levels,31.711483001708984,3,1,0.8221206665039062,0.46930578351020813,88.33
chicago,ecd81bcd7821e92a,41.899489,-87.62941,599.1,111.4,5,16.0,osm_levels,30.38321304321289,3,1,0.09573554992675781,0.313873291015625,13.98
chicago,facb5c43d5dda51b,41.899689,-87.632387,443.2,128.1,11,12.8,osm_levels,29.15165901184082,3,1,2.4075450897216797,0.3587050437927246,14.51
chicago,35f5fdeda9cf79f1,41.899343,-87.629465,554.4,129.4,12,16.0,osm_levels,28.813432693481445,3,1,2.525136947631836,0.4914170503616333,16.17
chicago,2f69cf78cd623da8,41.899599,-87.632145,36.7,24.4,5,,default,27.391796112060547,3,1,1.7594833374023438,0.2510935068130493,4.26
chicago,3af4ed89b4b032c9,41.900779,-87.628868,904.0,131.6,16,,default,25.753917694091797,3,1,0.6902523040771484,0.21788696944713593,21.79
chicago,05a448d997a71c7d,41.899414,-87.631943,163.4,51.2,5,16.0,osm_levels,25.109901428222656,3,1,0.5114917755126953,0.3587050437927246,17.6
chicago,d80aa0d86a766ecc,41.899814,-87.631939,648.2,115.0,5,,default,23.743762969970703,3,1,5.808620452880859,0.2510935068130493,15.52
chicago,387a52cbfceb9611,41.898932,-87.631568,735.9,148.5,29,,default,22.502761840820312,3,1,0.5402126312255859,0.246619313955307,13.25
chicago,b1dbb5845a2c17c6,41.89983,-87.631628,616.2,120.3,38,,default,17.984697341918945,3,1,2.313711166381836,0.24934148788452148,12.64
chicago,2424eb231778c6f7,41.89969,-87.629395,1068.3,146.3,11,12.8,osm_levels,16.979337692260742,3,1,1.4457359313964844,0.49203696846961975,27.62
chicago,a98c15fa088c398a,41.899486,-87.631786,776.2,162.7,18,,default,16.896678924560547,3,1,0.5825777053833008,0.246619313955307,17.54
chicago,612aa8266b8c1d9b,41.899564,-87.631506,76.7,40.6,5,,default,16.840429306030273,3,1,1.0963573455810547,0.2510935068130493,4.61
chicago,598d3a9d4bb298fc,41.868914,-87.629092,1501.7,349.4,51,,default,15.941180229187012,3,1,2.2459096908569336,0.24191433191299438,15.17
chicago,da6101e2ccd25633,41.900098,-87.63065,3574.1,360.9,39,35.2,osm_levels,8.643274307250977,3,1,3.53391695022583,0.3057784140110016,32.3
chicago,64a4791d0c0a0be9,41.868898,-87.629804,1496.8,351.5,51,,default,7.880870819091797,3,1,1.2481794357299805,0.22778353095054626,16.04
chicago,5b0e9bd7b86304dd,41.895907,-87.634499,1460.7,183.4,23,,default,269.14404296875,2,1,19.457473754882812,0.2500211000442505,15.93
chicago,aea4c9b6a3f3adb2,41.874961,-87.627134,5132.7,317.3,22,,default,252.6744384765625,2,1,0.37109375,0.23489603400230408,65.5
chicago,904a407e2e8edea4,41.886515,-87.620149,1619.0,167.5,25,,default,204.02243041992188,2,1,42.708038330078125,0.2543511390686035,255.83
chicago,1e130a5cb701363f,41.88631,-87.619901,8943.3,383.0,14,,default,203.5528564453125,2,1,56.014381408691406,0.2543511390686035,250.88
chicago,423b99e9411a6835,41.896887,-87.631679,1114.9,178.4,9,,default,197.94515991210938,2,1,3.7242050170898438,0.2475837767124176,31.94
chicago,46b08ccea61527ef,41.867755,-87.624657,1545.3,163.0,5,153.60000000000002,osm_levels,188.47027587890625,2,1,5.21527099609375,0.34622305631637573,152.9
chicago,425e1c23fc5dd92c,41.897041,-87.632283,2518.8,205.1,5,,default,174.03009033203125,2,1,2.6106643676757812,0.44159334897994995,106.38
chicago,6a823dc054a8d649,41.883544,-87.619294,112.7,43.3,5,,default,164.48501586914062,2,1,26.42694091796875,0.2543511390686035,11.14
chicago,eb2f66a5d247d60d,41.885242,-87.624148,1868.8,221.9,7,131.20000000000002,osm_levels,150.4690399169922,2,1,3.7701263427734375,0.3633587956428528,122.84
chicago,6168e258ec25de1a,41.88494,-87.623158,6660.6,386.6,11,134.4,osm_levels,146.00198364257812,2,1,7.350852966308594,0.3633587956428528,176.51
chicago,a8b426acbbb65d39,41.882386,-87.61974,113.1,43.0,5,,default,145.22747802734375,2,1,61.613616943359375,0.2543511390686035,4.74
chicago,35ff6cdcfa9696f5,41.877568,-87.623095,264.6,220.6,5,,default,143.78756713867188,2,1,12.339820861816406,0.23489603400230408,5.78
chicago,c5067a1bd342738b,41.872173,-87.625428,2809.5,213.1,5,,default,143.38916015625,2,1,3.0125350952148438,0.2503073215484619,19.05
chicago,38531582b888d77b,41.879568,-87.62366,5776.8,324.6,14,,default,138.4751434326172,2,1,2.78631591796875,0.24933959543704987,25.17
chicago,28325c1ec4bc6bcd,41.867009,-87.62512,460.0,89.3,10,,default,137.19345092773438,2,1,1.5998153686523438,0.2503073215484619,6.04
chicago,4e21d534336388d1,41.897444,-87.630842,3060.2,230.3,7,102.4,osm_levels,136.27999877929688,2,1,15.33843994140625,0.34940093755722046,104.17
chicago,ff58127d8b11d2a7,41.90164,-87.632545,465.3,122.8,18,,default,135.94314575195312,2,1,4.612815856933594,0.44299471378326416,16.61
chicago,a63fee32eed28b25,41.880621,-87.623506,77.4,52.6,5,,default,132.51895141601562,2,1,25.204219818115234,0.24933959543704987,14.38
chicago,1d817b46abff0c65,41.872512,-87.624783,4535.3,680.6,41,96.0,osm_levels,126.74502563476562,2,1,3.1759910583496094,0.35758188366889954,106.94
chicago,3e9102e0e181eaf3,41.863223,-87.619915,774.5,168.6,5,,default,124.54646301269531,2,1,1.8582954406738281,0.2503073215484619,5.12
chicago,effd9ae3cc0efd6c,41.873358,-87.624792,1286.5,154.2,5,76.80000000000001,osm_levels,120.99162292480469,2,1,2.0587501525878906,0.3355657756328583,87.75
chicago,c6abc9c7c3dbe82e,41.882684,-87.623598,15.1,19.0,5,,default,120.18921661376953,2,1,0.119476318359375,0.24933959543704987,1.94
chicago,718f74dbecf9ab1e,41.873579,-87.624796,1268.9,153.4,5,70.4,osm_levels,117.11357879638672,2,1,1.3922805786132812,0.3355657756328583,64.06
chicago,5196f9cd61ddd112,41.89769,-87.633412,2715.9,227.6,9,,default,113.15631103515625,2,1,28.263553619384766,0.2500211000442505,29.77
chicago,edc75f9169c39a47,41.883294,-87.622299,109.2,48.2,8,,default,110.59669494628906,2,1,11.145801544189453,0.2543511390686035,14.51
chicago,608e7d5c00a0df97,41.874186,-87.62354,24.4,22.1,5,,default,110.13247680664062,2,1,0.8954048156738281,0.24174171686172485,1.87
chicago,de94df08b1df8f58,41.86879,-87.625452,1250.7,165.9,13,118.4,osm_levels,109.63716125488281,2,1,0.8443870544433594,0.3239021897315979,112.77
chicago,f95ab34d061d94e7,41.868758,-87.625379,2511.7,201.3,5,,default,108.43821716308594,2,1,1.8607292175292969,0.226731538772583,112.27
chicago,722a68a25b0fa7ad,41.901043,-87.632234,133.5,47.9,5,,default,107.72195434570312,2,1,2.557697296142578,0.24934148788452148,4.33
chicago,196b3953c0b881e0,41.872581,-87.630949,1878.2,191.4,7,92.80000000000001,osm_levels,100.51631927490234,2,1,7.163368225097656,0.6009652018547058,96.06
chicago,44b57f4cff4317bb,41.87994,-87.621725,1051.3,130.5,5,,default,99.87825012207031,2,1,26.090656280517578,0.24933959543704987,16.51
chicago,13fcd91c0aa7a69c,41.89775,-87.628827,1761.9,173.7,7,57.6,osm_levels,99.07656860351562,2,1,6.351734161376953,0.33677923679351807,56.69
chicago,4c26c8da5724370d,41.897842,-87.629396,487.5,101.9,12,,default,97.6507568359375,2,1,3.409381866455078,0.24458065629005432,23.65
chicago,e0382d3a7542a143,41.900798,-87.63222,519.7,100.9,5,,default,94.08182525634766,2,1,1.9379425048828125,0.256625771522522,22.53
chicago,a761be9bbbea9060,41.901343,-87.631815,3868.6,272.2,8,105.60000000000001,osm_levels,91.36421203613281,2,1,6.696407318115234,0.3562021255493164,110.15
chicago,c59fbe5987475178,41.87078,-87.626421,1285.2,172.1,20,67.2,osm_levels,90.54185485839844,2,1,5.313694000244141,0.3239021897315979,24.05
chicago,ac7372a90c33cdd9,41.870312,-87.624824,2807.5,220.4,5,64.0,osm_levels,88.99542236328125,2,1,4.714794158935547,0.6337293982505798,91.81
chicago,83521174bf69ee99,41.899086,-87.62617,42.8,28.7,5,,default,88.74943542480469,2,1,6.265445709228516,0.23095382750034332,5.35
chicago,eb9677021517fe3b,41.870815,-87.627962,910.3,131.8,53,89.60000000000001,osm_levels,88.27384948730469,2,1,8.345260620117188,0.3254050612449646,78.73
chicago,e0f513fcbe505ab6,41.871646,-87.628058,3757.2,559.2,17,41.6,osm_levels,87.72032928466797,2,1,1.0733261108398438,0.3125852048397064,40.17
chicago,6768d8dde4166e15,41.898122,-87.632452,266.3,68.8,9,,default,85.47076416015625,2,1,24.710803985595703,0.2500211000442505,17.51
chicago,dfb68a34367755bb,41.870814,-87.628103,1434.6,178.9,49,,default,82.24199676513672,2,1,2.6228485107421875,0.22778353095054626,78.71
chicago,627bc60f3babef19,41.875381,-87.624843,2748.4,210.5,5,44.800000000000004,osm_levels,81.95187377929688,2,1,0.12939834594726562,0.3355657756328583,50.05
chicago,38b38c1318adc425,41.902829,-87.629504,2220.8,195.5,23,108.80000000000001,osm_levels,75.38114929199219,2,1,7.140949249267578,0.3113337755203247,97.72
chicago,56ad610031f3c1d7,41.898233,-87.63245,142.6,59.9,7,,default,69.77033996582031,2,1,21.437808990478516,0.2500211000442505,17.52
chicago,e458fee5f9113248,41.870403,-87.626405,663.7,126.9,5,25.6,osm_levels,68.73511505126953,2,1,0.141876220703125,0.3239021897315979,31.95
chicago,d1f4785f84f63736,41.868546,-87.627027,1079.9,139.6,17,25.6,osm_levels,64.33220672607422,2,1,3.290018081665039,0.3239021897315979,26.8
chicago,845e004976de310a,41.902162,-87.629459,2397.7,207.4,36,105.60000000000001,osm_levels,63.7659912109375,2,1,6.759790420532227,0.33536040782928467,89.19
chicago,1165a16b32574f8f,41.871233,-87.631122,1653.9,206.4,7,38.400000000000006,osm_levels,60.67182159423828,2,1,2.3033809661865234,0.33830946683883667,43.86
chicago,ca0c84cde6316d4d,41.898514,-87.63172,1754.7,177.9,13,102.4,osm_levels,59.521541595458984,2,1,4.451465606689453,0.35717296600341797,14.45
chicago,96a1da619546cc1f,41.898984,-87.62732,686.6,120.7,5,54.400000000000006,osm_levels,57.38470458984375,2,1,0.29492759704589844,0.3299340307712555,67.51
chicago,af767ef75c674c21,41.898439,-87.63212,55.8,30.4,5,,default,56.855873107910156,2,1,15.139142990112305,0.2500211000442505,6.62
chicago,66c1cdd55bc3cee4,41.87147,-87.631558,6311.8,563.2,27,,default,56.134735107421875,2,1,3.380859375,0.2368166297674179,8.29
chicago,d72b1a206982973c,41.897743,-87.630131,528.9,104.6,13,96.0,osm_levels,55.38763427734375,2,1,0.6172466278076172,0.35369110107421875,88.3
chicago,5303db6f7757c17d,41.902188,-87.626957,849.2,121.5,7,64.0,osm_levels,55.252601623535156,2,1,3.7492027282714844,0.3019981384277344,54.12
chicago,f404a551e7fc6264,41.900314,-87.633603,1132.0,169.2,5,44.800000000000004,osm_levels,52.86906814575195,2,1,1.2315254211425781,0.36660826206207275,41.61
chicago,fba012330138e53a,41.901636,-87.629491,1379.6,153.9,9,67.2,osm_levels,52.09524917602539,2,1,6.8429107666015625,0.33536040782928467,72.27
chicago,0715e04faa897f16,41.900126,-87.632191,825.8,170.4,31,,default,50.3965950012207,2,1,18.857830047607422,0.256625771522522,15.57
chicago,67e8337ef152c99f,41.902723,-87.626908,1040.0,140.5,11,70.4,osm_levels,49.6929931640625,2,1,1.7469615936279297,0.32602471113204956,63.11
chicago,a03cee2676fea908,41.898723,-87.627819,2140.9,226.8,11,28.8,osm_levels,46.80708312988281,2,1,3.4568042755126953,0.3425557315349579,113.11
chicago,723c6b478a657c50,41.901562,-87.630331,566.6,131.0,9,51.2,osm_levels,46.642791748046875,2,1,0.9622039794921875,0.3113337755203247,55.55
chicago,a7dc8823ffc94cda,41.898626,-87.632448,181.4,58.8,9,,default,46.54526138305664,2,1,3.4531822204589844,0.2566114068031311,13.98
chicago,74f223842e6c8460,41.898708,-87.632451,137.6,55.3,9,,default,46.46344757080078,2,1,0.08916664123535156,0.246619313955307,15.87
chicago,79216c3e390d947f,41.869642,-87.627753,138.0,48.7,5,,default,46.31635284423828,2,1,6.676034927368164,0.24191433191299438,8.54
chicago,61a648b7a5433c80,41.902036,-87.630334,738.3,144.2,9,70.4,osm_levels,45.962310791015625,2,1,9.481298446655273,0.3113337755203247,67.42
chicago,0ab1fa6cd2aefcfc,41.899093,-87.632246,188.1,57.4,12,,default,45.69475555419922,2,1,5.71088981628418,0.246619313955307,15.27
chicago,2b369030f3707ea3,41.898561,-87.632113,24.2,19.7,5,,default,45.11759948730469,2,1,5.975278854370117,0.2500211000442505,9.82
chicago,7c6bf6b0501998c2,41.903683,-87.631882,1187.3,153.1,10,19.200000000000003,osm_levels,43.65251159667969,2,1,9.021509170532227,0.33536040782928467,21.68
chicago,8eae5ea1d4138ad9,41.878858,-87.620069,531.4,123.7,10,,default,43.56369400024414,2,1,11.892781257629395,0.4497349262237549,11.52
chicago,1527b79cc8fb080e,41.898932,-87.632447,953.1,170.6,31,,default,43.300132751464844,2,1,1.9587554931640625,0.246619313955307,18.04
chicago,b0be1574e273d1b3,41.899891,-87.633153,788.5,131.2,11,19.200000000000003,osm_levels,41.846492767333984,2,1,3.746551513671875,0.3523132801055908,16.37
chicago,c6d1c67429ba1ccd,41.901191,-87.630334,823.4,126.6,5,16.0,osm_levels,41.750938415527344,2,1,1.712890625,0.3113337755203247,16.66
chicago,b0d12854d8f9282f,41.901694,-87.630344,709.8,122.1,5,35.2,osm_levels,40.864418029785156,2,1,8.807403564453125,0.3113337755203247,37.48
chicago,83e1cc531d2fd13c,41.902489,-87.631872,876.9,123.0,5,25.6,osm_levels,40.707923889160156,2,1,0.7365550994873047,0.3506467342376709,22.16
chicago,17095830a799fb18,41.898714,-87.632128,57.7,30.9,5,,default,40.29389190673828,2,1,3.2088985443115234,0.2566114068031311,7.09
chicago,d2c465b9dee15da0,41.868755,-87.628153,1950.1,248.7,9,22.400000000000002,osm_levels,39.81542205810547,2,1,5.015102386474609,0.6096233129501343,20.36
chicago,58f3dc44e5f5ad26,41.901349,-87.626951,764.6,163.1,27,22.400000000000002,osm_levels,37.30255889892578,2,1,9.979616165161133,0.3019981384277344,28.45
chicago,b57f2cba849cb55e,41.899092,-87.632123,97.2,42.2,6,,default,37.301395416259766,2,1,0.27275848388671875,0.246619313955307,13.73
chicago,c0233121c6d1f994,41.901324,-87.62954,155.1,61.5,15,12.8,osm_levels,36.655189514160156,2,1,0.4919700622558594,0.3057784140110016,15.64
chicago,ed68488bfd1cd390,41.899496,-87.632495,85.8,44.4,6,12.8,osm_levels,36.40227508544922,2,1,0.08752250671386719,0.9337353706359863,15.11
chicago,43793ce19db0bd63,41.870334,-87.631044,2026.1,233.1,16,80.0,osm_levels,32.80744934082031,2,1,1.5444469451904297,0.33830946683883667,77.54
chicago,afdba20b65ee6b41,41.902473,-87.63099,5328.4,340.1,15,16.0,osm_levels,32.298683166503906,2,1,0.9039211273193359,0.3562021255493164,18.89
chicago,28d8fe1ac2260be4,41.900901,-87.628572,133.8,52.0,5,,default,31.811946868896484,2,1,2.1211280822753906,0.21139869093894958,21.73
chicago,6479e602b1609e97,41.901017,-87.630544,170.1,54.7,5,,default,30.961803436279297,2,1,7.536994934082031,0.23475226759910583,7.55
chicago,6f8536ad44c3e30f,41.900551,-87.628036,458.9,87.0,5,12.8,osm_levels,28.56537628173828,2,1,9.377533912658691,0.3299340307712555,22.85
chicago,44afd3cbcb567011,41.898503,-87.629483,160.6,60.4,5,16.0,osm_levels,28.113588333129883,2,1,2.691316604614258,0.34940093755722046,15.23
chicago,9176bdc62244911a,41.86978,-87.630888,250.8,65.5,5,12.8,osm_levels,27.18797492980957,2,1,1.431976318359375,0.33830946683883667,11.57
chicago,844cf5424e947606,41.898934,-87.631905,733.4,141.2,21,,default,26.940677642822266,2,1,3.92818546295166,0.2500211000442505,15.66
chicago,ee77dea02ce2d937,41.898627,-87.629475,463.8,92.3,7,16.0,osm_levels,23.734355926513672,2,1,2.541748046875,0.34940093755722046,13.3
chicago,b36f5d1e20b0acaf,41.868496,-87.628823,137.5,58.6,5,12.8,osm_levels,23.357341766357422,2,1,1.6246843338012695,0.3239021897315979,11.18
chicago,863e4431ef9d9d35,41.901037,-87.630941,1132.5,141.0,5,16.0,osm_levels,20.719303131103516,2,1,0.9856786727905273,0.3506467342376709,15.46
chicago,aded37cf47413ffc,41.869239,-87.630881,297.9,70.4,5,12.8,osm_levels,12.235816955566406,2,1,0.867241382598877,0.33830946683883667,12.28
chicago,66a8589891cbd5b6,41.86849,-87.629244,137.0,58.4,5,12.8,osm_levels,11.074951171875,2,1,0.5334229469299316,0.3239021897315979,17.62
chicago,23ce7c27b5f00c0f,41.864545,-87.638175,22.4,19.2,5,,default,307.6138610839844,1,1,0.0,0.26065772771835327,11.07
chicago,a31fb8f4b5fbc4e3,41.877018,-87.6268,52.3,43.5,5,,default,300.1628723144531,1,1,0.0,0.23600153625011444,11.39
chicago,087c74d4787f868d,41.896001,-87.6309,779.5,112.1,5,,default,279.6644592285156,1,1,0.0,0.25400692224502563,11.64
chicago,c0187af32f4f7766,41.880817,-87.616298,129.6,67.1,7,,default,275.3688659667969,1,1,0.0,0.2563917338848114,4.58
chicago,e11d7144daab6b34,41.864435,-87.638635,9985.2,534.9,9,,default,270.2453918457031,1,1,0.0,0.26065772771835327,15.81
chicago,1ad165f43eafb9dc,41.865124,-87.637308,8.7,12.1,5,,default,269.986083984375,1,1,0.0,0.26065772771835327,3.13
chicago,aa6c2944df3f8994,41.895927,-87.631959,977.5,130.4,5,,default,269.5867919921875,1,1,0.0,0.23515437543392181,94.25
chicago,d216f357a09a0ad7,41.880614,-87.616392,197.5,64.3,6,,default,262.4158630371094,1,1,0.0,0.2563917338848114,4.74
chicago,6e76c3f0fd9c363d,41.865266,-87.637319,41.0,29.1,5,,default,261.9991760253906,1,1,0.0,0.26065772771835327,10.64
chicago,babf5ae0c25abef9,41.867195,-87.621621,165.3,54.6,7,214.4,osm_levels,252.59056091308594,1,1,0.0,0.35845962166786194,204.18
chicago,a3b2241cd3b903bc,41.873326,-87.643067,10114.2,437.3,9,,default,247.18890380859375,1,1,0.0,0.26065772771835327,10.02
chicago,904a407e2e8edea4,41.886515,-87.620149,1619.0,167.5,25,265.6,osm_levels,246.73046875,1,1,0.0,0.3662739098072052,255.83
chicago,436d6a55170dd700,41.882474,-87.626142,746.6,256.2,5,,default,237.71559143066406,1,1,0.0,0.25231054425239563,13.53
chicago,1135405c233e9a97,41.903375,-87.634129,2668.0,237.1,5,,default,234.4265899658203,1,1,0.0,0.23864102363586426,16.74
chicago,c6514c120a6dafb4,41.875484,-87.61642,43.2,26.5,10,,default,227.9808807373047,1,1,0.0,0.25092172622680664,5.11
chicago,1eb19a0a10b73f1f,41.876407,-87.63049,17.4,18.4,5,,default,223.03997802734375,1,1,0.0,0.24861471354961395,19.9
chicago,cda72675edf016e4,41.877145,-87.624481,28.8,22.1,6,,default,221.082763671875,1,1,0.0,0.23600153625011444,4.17
chicago,03d47a22b014895e,41.896867,-87.633672,1527.9,181.0,9,,default,212.61631774902344,1,1,0.0,0.2600131630897522,65.39
chicago,c4f5bbfeecdc8791,41.8791,-87.635625,529.7,92.4,5,214.4,osm_levels,209.56097412109375,1,1,0.0,0.3551638722419739,270.27
chicago,7171164011c3cf73,41.868378,-87.633121,1556.3,165.6,11,,default,209.36968994140625,1,1,0.0,0.26065772771835327,48.47
chicago,abde517032df77be,41.880173,-87.625726,4074.5,291.0,5,160.0,osm_levels,208.5699005126953,1,1,0.0,0.360443651676178,177.94
chicago,951b1cd087625c69,41.881152,-87.624569,25.5,23.4,5,,default,206.96197509765625,1,1,0.0,0.25231054425239563,2.9
chicago,dc91a14abf40e81e,41.878829,-87.624511,17.7,19.0,5,,default,196.2104034423828,1,1,0.0,0.23600153625011444,4.28
chicago,8fd4c4fe24e058a6,41.86178,-87.619108,3961.0,352.7,13,,default,174.14007568359375,1,1,0.0,0.249692901968956,11.0
chicago,08aa8e1bbc046bcd,41.872637,-87.64014,10319.0,412.7,9,,default,171.84571838378906,1,1,0.0,0.26065772771835327,22.13
chicago,d8cf06e188aad8b7,41.872523,-87.624411,116.6,50.4,9,,default,162.13006591796875,1,1,0.0,0.2337905466556549,19.98
chicago,93565859c881007c,41.873639,-87.626483,1417.6,157.6,5,,default,160.36422729492188,1,1,0.0,0.24296633899211884,0.7
chicago,2c375e7dccb134d0,41.883427,-87.621874,3296.5,294.0,39,,default,153.49085998535156,1,1,0.0,0.2463686466217041,34.35
chicago,4bd37cc56f2098cc,41.872732,-87.625125,332.5,154.3,5,,default,139.08641052246094,1,1,0.0,0.249692901968956,52.45
chicago,accf4efc13598be8,41.866998,-87.621285,102.7,67.6,15,172.8,osm_levels,138.28558349609375,1,1,0.0,0.35845962166786194,204.27
chicago,2b4615040cff5a01,41.895157,-87.628999,3828.3,375.8,19,,default,135.37669372558594,1,1,0.0,0.23515437543392181,17.75
chicago,9afc2a0a051bbd87,41.873218,-87.62531,88.8,48.1,5,,default,133.0348663330078,1,1,0.0,0.23600153625011444,13.52
chicago,d70af1f6ffdf16eb,41.871518,-87.626423,2497.8,219.6,12,,default,130.92230224609375,1,1,0.0,0.24296633899211884,117.63
chicago,94aea9549c124f95,41.873366,-87.624455,13.7,15.1,5,,default,129.39024353027344,1,1,0.0,0.249692901968956,79.45
chicago,596f0521ffcb6d51,41.874146,-87.627473,19.2,21.2,5,,default,128.68296813964844,1,1,0.0,0.24861471354961395,3.53
chicago,370a2e1f103ba56e,41.86239,-87.619797,328.6,74.1,5,,default,127.60498809814453,1,1,0.0,0.25092172622680664,4.03
chicago,f369ac5495cb80e8,41.90482,-87.629058,516.1,91.3,5,92.80000000000001,osm_levels,125.83680725097656,1,1,0.0,0.32980501651763916,85.25
chicago,8584bd3294a3bc5a,41.901511,-87.631859,779.2,137.0,33,105.60000000000001,osm_levels,121.58782196044922,1,1,0.0,0.3409157693386078,110.17
chicago,752d907c0f099236,41.86564,-87.620963,1421.8,160.6,8,86.4,osm_levels,113.85789489746094,1,1,0.0,0.35670414566993713,89.64
chicago,0b89405062e25713,41.866177,-87.626941,2696.4,235.9,15,64.0,osm_levels,113.71099090576172,1,1,0.0,0.3440890610218048,64.22
chicago,b0bd046ee6e244e4,41.875811,-87.637346,29.2,21.9,5,,default,112.79312133789062,1,1,0.0,0.24861471354961395,16.79
chicago,921085abbd8975ad,41.897792,-87.635316,2876.2,263.7,27,,default,110.67829132080078,1,1,0.0,0.2600131630897522,59.83
chicago,f029984ef1d0cbd9,41.8978,-87.635234,4124.3,259.0,9,,default,105.76660919189453,1,1,0.0,0.2600131630897522,59.67
chicago,d87e5b7f61c21f5a,41.89762,-87.629403,571.7,147.6,17,,default,103.63690185546875,1,1,0.0,0.25400692224502563,20.83
chicago,5721ceacd2d50fb1,41.870823,-87.627088,1711.3,166.2,5,102.4,osm_levels,100.72630310058594,1,1,0.0,0.3440890610218048,103.05
chicago,b32a9a22b43e5ef6,41.898388,-87.628943,57.3,30.5,5,,default,96.38792419433594,1,1,0.0,0.23633654415607452,3.15
chicago,86bebf39ee1e32c4,41.874904,-87.624822,2794.5,222.1,7,44.800000000000004,osm_levels,94.43390655517578,1,1,0.0,0.3339864909648895,60.72
chicago,2ed6be160ae544a0,41.897809,-87.634628,2506.6,208.7,5,,default,90.93444061279297,1,1,0.0,0.2532096207141876,18.39
chicago,ca3bcb1b376a2633,41.871103,-87.625421,1249.4,154.7,7,57.6,osm_levels,84.19673156738281,1,1,0.0,0.3037153482437134,65.21
chicago,22e360bd456d737e,41.873496,-87.628379,924.9,122.1,5,41.6,osm_levels,83.7402114868164,1,1,0.0,0.3470947742462158,54.55
chicago,62263b938a53b735,41.903763,-87.626126,1029.6,137.5,5,64.0,osm_levels,83.24236297607422,1,1,0.0,0.8545835018157959,59.43
chicago,312d61659bc8fda4,41.903377,-87.629252,583.0,108.7,22,64.0,osm_levels,82.61782836914062,1,1,0.0,0.281751811504364,60.49
chicago,c36a8ef5583ed958,41.896941,-87.629387,1298.9,146.2,5,,default,80.10282135009766,1,1,0.0,0.2600131630897522,81.25
chicago,7b6f331f50df9f59,41.902692,-87.627409,919.9,162.5,17,64.0,osm_levels,76.94470977783203,1,1,0.0,0.32980501651763916,66.09
chicago,2a9bc4dde5eef6f6,41.898458,-87.628785,2467.3,307.5,29,99.2,osm_levels,76.66493225097656,1,1,0.0,0.33762362599372864,85.36
chicago,abee5d4b973c089d,41.899391,-87.627887,1238.6,143.6,5,115.2,osm_levels,76.1986083984375,1,1,0.0,0.32224443554878235,126.25
chicago,57e7606d0ccfd3e8,41.89543,-87.630329,1434.0,181.2,9,,default,74.68274688720703,1,1,0.0,0.2600131630897522,11.59
chicago,2e85d7bba05547cb,41.897923,-87.626538,2475.8,209.8,6,41.6,osm_levels,73.78898620605469,1,1,0.0,0.32224443554878235,57.27
chicago,8984a48e7c094425,41.905228,-87.632499,2348.4,211.1,7,,default,70.9639892578125,1,1,0.0,0.2600419521331787,11.62
chicago,9f14900a2d7a1949,41.901913,-87.625602,2186.5,206.7,19,102.4,osm_levels,70.14517974853516,1,1,0.0,0.33762362599372864,101.44
chicago,8abe2810f2d57834,41.871912,-87.633262,1334.1,148.0,5,35.2,osm_levels,69.7953872680664,1,1,0.0,0.32145506143569946,47.43
chicago,ce66f8c05131d148,41.86854,-87.6273,17.1,17.9,5,,default,65.6355209350586,1,1,0.0,0.24086233973503113,4.6
chicago,13524194e02f752d,41.898143,-87.627201,497.4,90.1,5,80.0,osm_levels,64.63546752929688,1,1,0.0,0.32224443554878235,75.72
chicago,3d9a8e1c9eb511d3,41.872951,-87.628872,1998.5,227.1,7,35.2,osm_levels,63.690879821777344,1,1,0.0,0.3551638722419739,42.65
chicago,8400f6d910b03ec2,41.902481,-87.629511,849.1,142.7,13,32.0,osm_levels,63.40367889404297,1,1,0.0,0.281751811504364,32.84
chicago,bcc11edfcf6ad03f,41.898767,-87.627196,918.5,148.8,4,108.80000000000001,osm_levels,62.85979080200195,1,1,0.0,0.32224443554878235,106.67
chicago,1735d35e540d5408,41.895936,-87.630274,1515.6,218.6,13,,default,62.65603256225586,1,1,0.0,0.23515437543392181,95.28
chicago,c193f3b9860f52f3,41.898696,-87.627325,2142.6,200.5,10,108.80000000000001,osm_levels,61.63932800292969,1,1,0.0,0.32224443554878235,106.35
chicago,b835b625c6e69f87,41.902089,-87.629586,934.7,125.8,54,105.60000000000001,osm_levels,57.82669448852539,1,1,0.0,0.32980501651763916,91.16
chicago,92724fb2efd6d933,41.898522,-87.633121,225.7,96.8,13,,default,57.62944030761719,1,1,0.0,0.2600131630897522,3.19
chicago,e8eb6190e5ccf096,41.86901,-87.626374,1815.5,173.0,5,28.8,osm_levels,57.050785064697266,1,1,0.0,0.3470947742462158,40.08
chicago,32af63be0c14d61e,41.9011,-87.633204,1312.6,187.7,63,32.0,osm_levels,55.34949493408203,1,1,0.0,0.3409157693386078,30.92
chicago,daea470e4bd21afc,41.903632,-87.631032,1669.3,164.3,9,22.400000000000002,osm_levels,54.61791229248047,1,1,0.0,0.32980501651763916,35.1
chicago,497f1985cd9e087a,41.869045,-87.627039,993.9,132.7,17,86.4,osm_levels,54.595699310302734,1,1,0.0,0.3470947742462158,83.41
chicago,cd2033b70ef9f078,41.901362,-87.627466,870.1,122.0,5,73.60000000000001,osm_levels,47.5059928894043,1,1,0.0,0.32224443554878235,78.8
chicago,3a6e4db1ebf35603,41.898877,-87.629367,1542.6,167.5,20,83.2,osm_levels,47.37895965576172,1,1,0.0,0.8968591094017029,76.59
chicago,05683a255ad554b9,41.867587,-87.629224,136.6,59.4,5,,default,46.03125,1,1,0.0,0.24086233973503113,8.69
chicago,7416aec801aa7659,41.901172,-87.627389,547.7,110.6,7,16.0,osm_levels,44.636817932128906,1,1,0.0,0.32224443554878235,18.54
chicago,1581aa4e8e6aaf89,41.901698,-87.628165,14.0,15.2,5,,default,44.374725341796875,1,1,0.0,0.2308635264635086,12.86
chicago,4986a92e6195d107,41.902181,-87.627507,195.8,63.4,7,16.0,osm_levels,43.60599899291992,1,1,0.0,0.32980501651763916,20.07
chicago,be0a77f3e2464ac9,41.901342,-87.626666,300.8,87.3,13,16.0,osm_levels,42.8374137878418,1,1,0.0,0.281751811504364,19.56
chicago,a545c9ef845c1e4b,41.902494,-87.63034,858.7,130.0,25,89.60000000000001,osm_levels,42.12042236328125,1,1,0.0,0.3409157693386078,89.75
chicago,2e8ae14849be313e,41.86769,-87.629256,156.0,61.0,5,,default,41.894676208496094,1,1,0.0,0.24086233973503113,13.57
chicago,a473c57a2c399415,41.869804,-87.627758,140.7,49.3,5,,default,41.52793884277344,1,1,0.0,0.2126007378101349,8.59
chicago,4c2e473b4e478ee1,41.898557,-87.632452,98.1,49.7,5,,default,41.10755157470703,1,1,0.0,0.2532096207141876,12.98
chicago,98b761f230119771,41.867695,-87.628853,152.3,60.7,5,,default,41.06949234008789,1,1,0.0,0.24086233973503113,7.87
chicago,7762cc23f578d3aa,41.89851,-87.632133,47.3,28.7,7,,default,41.042083740234375,1,1,0.0,0.2400290071964264,13.93
chicago,193be6c16a848f4b,41.898335,-87.632416,330.5,90.4,14,,default,40.94622039794922,1,1,0.0,0.2400290071964264,16.38
chicago,1c256ee99586b02e,41.868867,-87.627736,137.2,48.5,5,,default,40.75019454956055,1,1,0.0,0.24296633899211884,8.48
chicago,b8a3bfa2893ec9d9,41.902417,-87.630381,1988.5,181.3,9,,default,39.808013916015625,1,1,0.0,0.23864102363586426,89.44
chicago,868edbd95b9dcf95,41.901158,-87.628028,949.7,125.5,5,19.200000000000003,osm_levels,39.108055114746094,1,1,0.0,0.878103494644165,19.7
chicago,375055e5f4e033d6,41.898655,-87.628518,285.9,85.4,15,12.8,osm_levels,38.09591293334961,1,1,0.0,0.32224443554878235,13.36
chicago,ac4d3d4f368b6d77,41.869529,-87.628171,1951.5,248.1,9,19.200000000000003,osm_levels,33.136680603027344,1,1,0.0,0.3440890610218048,20.99
chicago,1f97b9d6530390ec,41.898498,-87.632456,135.5,52.0,7,,default,31.94773292541504,1,1,0.0,0.2400290071964264,16.3
chicago,c8360aebb655b142,41.898531,-87.628991,1375.2,258.6,23,12.8,osm_levels,29.71346664428711,1,1,0.0,0.3628670275211334,11.42
chicago,c264f05f4dc4959a,41.90216,-87.631819,2297.0,192.6,5,25.6,osm_levels,29.676013946533203,1,1,0.0,0.8725143074989319,22.38
chicago,f50482e1d2971df8,41.867784,-87.629232,257.3,68.9,5,12.8,osm_levels,28.146686553955078,1,1,0.0,0.3440890610218048,11.39
chicago,d101143c96517c77,41.870217,-87.630106,1462.2,326.1,39,9.600000000000001,osm_levels,27.887651443481445,1,1,0.0,0.3037153482437134,15.13
chicago,297b699bdbbd6b00,41.901128,-87.628586,901.5,128.8,15,,default,26.480770111083984,1,1,0.0,0.22557111084461212,21.55
chicago,ce2522d6afd2b759,41.901669,-87.63179,765.4,134.9,21,25.6,osm_levels,26.011220932006836,1,1,0.0,0.32980501651763916,110.59
chicago,589b27ecf774f2c0,41.86773,-87.627018,1321.7,148.6,17,25.6,osm_levels,22.957738876342773,1,1,0.0,0.3440890610218048,28.71
chicago,290d1b9c6d89f6ad,41.868001,-87.629233,256.6,68.9,5,12.8,osm_levels,22.200803756713867,1,1,0.0,0.3440890610218048,11.21
chicago,3245664de3322634,41.901179,-87.631808,2324.2,209.7,19,25.6,osm_levels,20.80307388305664,1,1,0.0,0.32980501651763916,35.06
chicago,5deaea7e94b9b27b,41.876779,-87.619294,181.6,56.7,17,6.4,osm_levels,18.802656173706055,1,1,0.0,0.3339864909648895,5.0
chicago,80b2b46f49115271,41.901243,-87.62896,1212.1,139.8,5,12.8,osm_levels,17.75789451599121,1,1,0.0,0.32224443554878235,15.26
chicago,80562392c161054b,41.898337,-87.629576,238.6,63.0,9,12.8,osm_levels,17.52606201171875,1,1,0.0,0.33762362599372864,16.85
chicago,4630760971add54d,41.867982,-87.628137,1947.0,248.7,9,19.200000000000003,osm_levels,15.525961875915527,1,1,0.0,0.3440890610218048,20.47
chicago,307fa9c455cb6ccb,41.900843,-87.631629,369.4,77.2,5,16.0,osm_levels,13.008706092834473,1,1,0.0,0.32980501651763916,18.09
chicago,508a31c220cb805a,41.868115,-87.628811,257.3,69.0,5,12.8,osm_levels,10.411789894104004,1,1,0.0,0.3440890610218048,11.21
chicago,d9660fd733c53e54,41.868314,-87.629253,178.8,67.9,5,,default,9.133506774902344,1,1,0.0,0.24086233973503113,9.22
chicago,de6a59936cd4cc63,41.868005,-87.628811,256.9,68.9,5,12.8,osm_levels,7.2851881980896,1,1,0.0,0.3440890610218048,11.17
chicago,97053707ac64edcd,41.867895,-87.628809,255.8,68.8,5,12.8,osm_levels,6.616480827331543,1,1,0.0,0.3440890610218048,11.28
chicago,f4f865d39bdf0530,41.868205,-87.629238,154.4,61.6,5,,default,6.294400215148926,1,1,0.0,0.24086233973503113,3.62
chicago,4d202e83c93e35e3,41.868111,-87.629229,243.2,66.3,5,12.8,osm_levels,5.613593578338623,1,1,0.0,0.3440890610218048,11.25
chicago,abae44aa23070358,41.868692,-87.631126,3540.8,246.2,14,9.600000000000001,osm_levels,5.1546173095703125,1,1,0.0,0.32145506143569946,8.46
la_defense,209924812e6f2414,48.880034,2.265334,4116.8,373.5,36,,default,29.538118362426758,3,1,2.846467971801758,0.2584260106086731,29.63
la_defense,d44f2901fa90d64a,48.880444,2.26915,418.2,93.8,8,,default,198.68243408203125,2,1,6.326011657714844,0.2584260106086731,21.37
la_defense,263583061007eace,48.880409,2.268668,621.2,154.6,23,,default,191.197021484375,2,1,14.999702453613281,0.2584260106086731,20.43
la_defense,549efdf0255054a7,48.877427,2.260924,75.4,37.7,5,,default,181.76141357421875,2,1,5.967689514160156,0.24618014693260193,8.59
la_defense,9690082b2a2a9141,48.877783,2.260266,1888.9,194.8,9,,default,181.4388427734375,2,1,0.855438232421875,0.24618014693260193,10.19
la_defense,fda95f403cdf8ba4,48.877746,2.260607,448.5,118.6,9,,default,174.12901306152344,2,1,1.41259765625,0.24618014693260193,12.63
la_defense,494569188703e0ce,48.879794,2.268489,124.0,44.8,5,,default,166.60166931152344,2,1,13.891494750976562,0.2584260106086731,19.23
la_defense,f9ce50fe9588fbf0,48.879752,2.268746,207.6,58.0,5,,default,158.40260314941406,2,1,0.698150634765625,0.2584260106086731,22.93
la_defense,0a084e09f1e143ff,48.879557,2.267937,751.1,110.4,11,,default,153.544189453125,2,1,0.8481369018554688,0.2584260106086731,31.15
la_defense,b1bb341d901325d1,48.879819,2.267374,2956.4,492.6,55,,default,144.66372680664062,2,1,2.9572982788085938,0.2584260106086731,30.2
la_defense,056868a93b6b0339,48.878275,2.268938,1687.9,346.5,30,,default,134.1088409423828,2,1,54.76849365234375,0.2584260106086731,9.09
la_defense,f760cb354697259b,48.879131,2.264011,760.3,180.1,13,,default,133.4251251220703,2,1,8.932483673095703,0.2511845827102661,7.3
la_defense,df4bc0c971368014,48.880243,2.263766,2804.5,522.9,50,,default,131.18406677246094,2,1,42.074527740478516,0.45406660437583923,26.24
la_defense,5a5036f3f3e126fb,48.878024,2.268873,222.0,82.5,5,,default,127.90148162841797,2,1,54.359352111816406,0.2584260106086731,4.29
la_defense,ae8e70bef4a7b184,48.878777,2.264736,57.0,31.6,5,,default,127.61939239501953,2,1,1.3326950073242188,0.2511845827102661,5.0
la_defense,d36715e4066c824d,48.904302,2.264393,4285.1,452.9,32,,default,127.55970764160156,2,1,29.261978149414062,0.25527089834213257,31.74
la_defense,b674d086cdfebb07,48.879296,2.264185,503.2,113.6,5,,default,108.53973388671875,2,1,58.43818664550781,0.2511845827102661,9.47
la_defense,01e08cd0517d6eec,48.878543,2.264907,211.2,59.1,5,,default,107.67573547363281,2,1,3.760997772216797,0.2511845827102661,4.6
la_defense,5e155223715ada01,48.878338,2.265149,26.0,21.4,7,,default,103.81065368652344,2,1,3.1950111389160156,0.2511845827102661,3.39
la_defense,202b6e0b5e210b2e,48.878627,2.267126,143.3,57.7,11,,default,96.75965881347656,2,1,3.738933563232422,0.2584260106086731,7.69
la_defense,e7108b949036ca79,48.878253,2.265096,56.7,36.4,5,,default,91.60670471191406,2,1,3.1629905700683594,0.2511845827102661,4.54
la_defense,e83e2b2f7a9f94aa,48.87834,2.267263,51.0,26.0,10,,default,88.39860534667969,2,1,1.3395423889160156,0.2584260106086731,8.13
la_defense,faa33b9bad32be79,48.878829,2.265563,18.9,17.7,5,,default,77.12295532226562,2,1,58.98126220703125,0.2511845827102661,1.56
la_defense,efd57fe6ec8a2e79,48.878084,2.267064,26.2,21.6,5,,default,72.52257537841797,2,1,1.108123779296875,0.2584260106086731,4.04
la_defense,f65ad4eef06a0c48,48.878644,2.266719,136.5,52.1,9,,default,52.74870300292969,2,1,26.536367416381836,0.2584260106086731,10.71
la_defense,7be0cc8fcb54db5c,48.90409,2.263147,236.3,65.3,5,,default,49.751495361328125,2,1,25.063888549804688,0.25657930970191956,5.88
la_defense,0ff2e82c28ac6ace,48.904255,2.263317,354.7,87.4,5,,default,49.494873046875,2,1,26.93938446044922,0.25657930970191956,6.69
la_defense,d9c50df3522b29da,48.880072,2.266461,346.6,87.2,13,,default,45.597747802734375,2,1,15.94773006439209,0.2584260106086731,19.24
la_defense,09c9b87061afbaf7,48.879689,2.2665,828.9,158.9,19,,default,39.78976821899414,2,1,13.713034629821777,0.2584260106086731,27.14
la_defense,e380a9de5c4127ca,48.878583,2.266678,56.9,32.5,5,,default,32.1527099609375,2,1,6.986934661865234,0.2584260106086731,14.79
la_defense,bc0b4cb7fb6bc19a,48.879789,2.265896,623.8,148.3,17,,default,31.270488739013672,2,1,4.925471305847168,0.2584260106086731,20.44
la_defense,a2c56fb7e156dd13,48.878413,2.266577,33.5,23.5,5,,default,25.26071548461914,2,1,7.453396797180176,0.2584260106086731,3.58
la_defense,956546505323b855,48.87887,2.266099,272.9,72.0,11,,default,22.52517318725586,2,1,3.7517642974853516,0.2584260106086731,7.6
la_defense,56b4aeac283c27e4,48.878476,2.266299,32.7,23.0,5,,default,21.271202087402344,2,1,1.1103944778442383,0.2584260106086731,3.83
la_defense,17560a81dd332792,48.87848,2.26335,8.5,12.4,5,,default,242.43235778808594,1,1,0.0,0.24684880673885345,1.67
la_defense,652ae4d823d25885,48.881189,2.268979,332.2,89.3,19,,default,240.44012451171875,1,1,0.0,0.2613316476345062,12.84
la_defense,c3b8a291f4cfeac8,48.873667,2.263829,189.4,61.4,5,,default,236.06336975097656,1,1,0.0,0.650295078754425,4.84
la_defense,cd783ff7b1203849,48.881335,2.269734,1669.0,281.1,43,,default,228.37623596191406,1,1,0.0,0.2613316476345062,29.86
la_defense,ed2fafcf183a981f,48.880727,2.271388,1150.4,226.4,36,,default,221.12533569335938,1,1,0.0,0.2555203437805176,23.8
la_defense,e5b878ce630c9e18,48.880572,2.270882,37.0,31.4,7,,default,218.0740966796875,1,1,0.0,0.2555203437805176,11.89
la_defense,8604018830d6777b,48.880974,2.261487,2387.0,429.1,31,,default,217.4798126220703,1,1,0.0,0.2555203437805176,25.59
la_defense,7d01b0526ba2ed2c,48.869877,2.27278,1058.4,188.9,9,,default,214.1807403564453,1,1,0.0,0.256816029548645,33.33
la_defense,3eaf414bfd3b756c,48.880803,2.270566,1591.1,202.1,5,,default,213.08900451660156,1,1,0.0,0.2555203437805176,31.77
la_defense,8351751fb41a81c6,48.880386,2.262513,1027.6,207.0,29,,default,212.82862854003906,1,1,0.0,0.2555203437805176,18.7
la_defense,afda911e5866c708,48.880133,2.263043,643.9,147.2,12,,default,209.96194458007812,1,1,0.0,0.2555203437805176,26.38
la_defense,a0c1b9dd8626d0a5,48.880816,2.269723,1709.2,284.7,32,,default,206.62014770507812,1,1,0.0,0.2555203437805176,22.6
la_defense,b80d8529705e9285,48.872423,2.2723,54.6,33.3,9,,default,205.73580932617188,1,1,0.0,0.256816029548645,5.14
la_defense,2654bc15d41e1dd5,48.877771,2.263842,334.1,74.3,5,,default,200.6033172607422,1,1,0.0,0.24684880673885345,13.18
la_defense,fdb6b3ac700bffe9,48.880174,2.270506,26.1,20.8,5,,default,196.09254455566406,1,1,0.0,0.2555203437805176,11.32
la_defense,1e7e1e04b30fa54c,48.880297,2.27032,824.6,223.1,36,,default,195.53665161132812,1,1,0.0,0.2555203437805176,17.5
la_defense,8781fb8b44d06852,48.880213,2.269266,63.2,32.2,5,,default,192.9076385498047,1,1,0.0,0.2613316476345062,6.86
la_defense,585110fb86035a3e,48.880119,2.268128,357.3,83.6,10,,default,186.9430389404297,1,1,0.0,0.2555203437805176,19.88
la_defense,ca1dc2ffee7c5693,48.880176,2.267233,25.8,21.2,5,,default,185.4254608154297,1,1,0.0,0.2613316476345062,3.97
la_defense,72b3db97b24d934b,48.879939,2.270267,187.8,61.7,14,,default,180.43338012695312,1,1,0.0,0.2555203437805176,15.34
la_defense,3d3dcfb398e9dfd4,48.877596,2.269677,9.7,12.8,5,,default,175.65298461914062,1,1,0.0,0.2613316476345062,3.42
la_defense,f5f17cb1eae0fff0,48.879886,2.270568,446.8,135.0,20,,default,174.61602783203125,1,1,0.0,0.2555203437805176,15.84
la_defense,68a2d45ff212d089,48.877643,2.269504,25.4,21.9,5,,default,171.72552490234375,1,1,0.0,0.2613316476345062,3.64
la_defense,822687393495a3be,48.878357,2.268012,711.3,127.2,18,,default,167.91769409179688,1,1,0.0,0.2613316476345062,7.69
la_defense,1184c7b32e63ec01,48.879658,2.269985,32.3,28.0,5,,default,165.32481384277344,1,1,0.0,0.2555203437805176,27.61
la_defense,01faab46ae670b33,48.879687,2.269718,339.1,81.4,5,,default,165.25706481933594,1,1,0.0,0.2555203437805176,24.31
la_defense,3933cda2c2f97e68,48.87749,2.269586,22.0,19.1,5,,default,162.06710815429688,1,1,0.0,0.2613316476345062,4.5
la_defense,7e2ca277971597a0,48.877309,2.264253,58.8,28.0,9,,default,160.3746337890625,1,1,0.0,0.24684880673885345,9.71
la_defense,d59817bb92336fe5,48.878468,2.265946,114.7,48.3,13,,default,142.41017150878906,1,1,0.0,0.2555203437805176,8.33
la_defense,bf9d21ae73d0ae97,48.873348,2.263846,235.4,61.4,5,,default,139.36422729492188,1,1,0.0,0.2455114722251892,4.51
la_defense,63926d4ab4321080,48.877937,2.264711,227.1,64.0,11,,default,132.9672393798828,1,1,0.0,0.24684880673885345,6.09
la_defense,e3687736b6d10d87,48.882211,2.26288,4114.9,613.7,61,,default,114.35456085205078,1,1,0.0,0.2555203437805176,26.64
la_defense,646e9284b5e7c60e,48.877867,2.265078,58.5,28.0,9,,default,112.5719985961914,1,1,0.0,0.24684880673885345,5.65
la_defense,8641e92d9b942851,48.87848,2.265141,81.2,32.7,12,,default,104.5616455078125,1,1,0.0,0.24684880673885345,5.44
la_defense,02e61d91efa4924d,48.880034,2.264426,1057.8,204.6,21,,default,93.50894165039062,1,1,0.0,0.2555203437805176,28.49
la_defense,fd2158a3d27e430c,48.871727,2.270159,67.3,32.9,5,,default,88.77783203125,1,1,0.0,0.256816029548645,8.63
la_defense,2897737e4672e2e5,48.871758,2.270055,18.9,22.3,5,,default,86.80792236328125,1,1,0.0,0.256816029548645,0.12
la_defense,066333366e736e98,48.88059,2.266689,453.7,154.4,26,,default,79.58051300048828,1,1,0.0,0.2613316476345062,22.55
la_defense,ff2a423498573c5e,48.880353,2.266659,453.9,106.2,10,,default,74.1021957397461,1,1,0.0,0.2613316476345062,30.22
la_defense,4b186e747ff8be61,48.904641,2.262775,84.6,53.0,5,,default,70.87740325927734,1,1,0.0,0.2550664246082306,10.0
la_defense,d2cb068a7afdb20a,48.878506,2.264474,203.6,51.1,17,,default,70.26818084716797,1,1,0.0,0.24684880673885345,9.98
la_defense,394b106e05508f30,48.879233,2.26465,123.4,45.4,5,,default,68.64883422851562,1,1,0.0,0.2555203437805176,9.52
la_defense,22e05513cf797349,48.904712,2.263083,993.0,133.3,5,,default,67.9141616821289,1,1,0.0,0.2550664246082306,12.11
la_defense,2da4d535ba9c8d35,48.881598,2.265916,164.6,52.5,6,,default,64.77494049072266,1,1,0.0,0.2613316476345062,8.21
la_defense,2d739c5a7cb8152c,48.880764,2.266116,132.6,62.7,11,,default,57.03780746459961,1,1,0.0,0.2613316476345062,7.06
la_defense,096028c5fc2ffbdd,48.880634,2.265919,184.4,55.7,5,,default,50.96751403808594,1,1,0.0,0.2613316476345062,23.25
la_defense,ddf461d24de0c87a,48.880401,2.266093,926.5,147.0,10,,default,47.082557678222656,1,1,0.0,0.2613316476345062,23.91
la_defense,1ac01691ef769368,48.882457,2.264482,838.9,174.2,15,,default,44.01408004760742,1,1,0.0,0.2613316476345062,17.02
la_defense,6700ce8e80f6014c,48.879944,2.266076,45.1,26.9,5,,default,42.556297302246094,1,1,0.0,0.2613316476345062,7.34
la_defense,d69461bfcaff3ccb,48.907342,2.261938,926.2,164.7,12,22.400000000000002,osm_levels,38.91157913208008,1,1,0.0,0.3643805980682373,26.31
la_defense,2b4178fc360a5ba1,48.907036,2.261679,231.0,78.2,9,19.200000000000003,osm_levels,37.40211868286133,1,1,0.0,0.3643805980682373,26.43
la_defense,c9874c58d21e0ad1,48.905777,2.261153,398.6,80.3,5,,default,34.606998443603516,1,1,0.0,0.2550664246082306,9.62
la_defense,96db1a995deaa431,48.880659,2.265696,177.0,58.8,11,,default,34.30241775512695,1,1,0.0,0.2613316476345062,8.71
la_defense,dd486929816c81e3,48.880759,2.264643,679.7,130.4,5,19.200000000000003,osm_levels,32.18865966796875,1,1,0.0,0.35264113545417786,15.87
la_defense,799bd85953ac9218,48.880994,2.264247,216.5,61.9,5,19.200000000000003,osm_levels,32.13334655761719,1,1,0.0,0.35264113545417786,15.68
la_defense,0813ea13e20cda84,48.880474,2.265677,250.9,87.2,13,,default,32.07870864868164,1,1,0.0,0.2613316476345062,27.11
la_defense,0e2d84915a1d953e,48.880517,2.265442,162.4,52.5,9,,default,31.285186767578125,1,1,0.0,0.2613316476345062,11.79
la_defense,96a6c0fa47b20c14,48.906249,2.263802,348.8,75.5,5,22.400000000000002,osm_levels,24.175874710083008,1,1,0.0,0.36811888217926025,29.76
la_defense,15e60f12d4bf925c,48.904934,2.26297,1532.1,164.6,9,19.200000000000003,osm_levels,20.960073471069336,1,1,0.0,0.36811888217926025,20.04
la_defense,7ae9612c9a2180a2,48.882244,2.266122,12908.0,1557.0,182,,default,20.402484893798828,1,1,0.0,0.24684880673885345,32.22
la_defense,faa08e37899d2af2,48.878048,2.266759,29.1,22.0,5,,default,19.914051055908203,1,1,0.0,0.2555203437805176,6.23
la_defense,3efacb13c035238c,48.878928,2.265564,27.0,19.3,7,6.4,osm_levels,18.658367156982422,1,1,0.0,0.35264113545417786,4.6
la_defense,3cc797161c1f36ec,48.878761,2.265946,24.0,18.2,7,6.4,osm_levels,18.270034790039062,1,1,0.0,0.36502906680107117,3.85
madrid_cuatro_torres,f61691c0d64c5da5,40.472362,-3.683434,722.9,120.9,5,67.2,osm_levels,96.389892578125,3,2,10.576141357421875,0.3028029799461365,59.09
madrid_cuatro_torres,901d9a86ae89fe96,40.478985,-3.6806,228.5,67.3,5,,default,202.6495361328125,2,2,31.399375915527344,0.22880487143993378,4.04
madrid_cuatro_torres,543bfe2f19f287f4,40.467676,-3.68979,2989.8,392.0,11,,default,97.61444091796875,4,1,13.734840393066406,0.23887385427951813,42.08
madrid_cuatro_torres,a056db89ef7c032d,40.474177,-3.680337,3384.0,840.4,7,,default,27.727243423461914,4,1,8.20524787902832,0.20985573530197144,6.55
madrid_cuatro_torres,73f88b0a79e1c27e,40.471701,-3.68276,24242.4,722.1,16,,default,27.71212387084961,4,1,3.0233497619628906,0.2158193141222,52.37
madrid_cuatro_torres,3a4face463ac7cd5,40.471507,-3.680212,657.5,111.8,7,,default,9.50201416015625,4,1,1.3854222297668457,0.22917020320892334,4.71
madrid_cuatro_torres,b2ec3faf39064d47,40.468889,-3.695631,2751.3,223.3,5,,default,178.04635620117188,3,1,42.28509521484375,0.2545803487300873,24.59
madrid_cuatro_torres,e5921deea0bf59de,40.466596,-3.685568,342.0,115.4,15,,default,155.06675720214844,3,1,4.407318115234375,0.22373990714550018,10.24
madrid_cuatro_torres,6f45e7cf38082398,40.464022,-3.686206,775.3,120.7,5,32.0,osm_levels,58.57941818237305,3,1,6.241424560546875,0.6664114594459534,38.56
madrid_cuatro_torres,3a64b5f627a9529c,40.469279,-3.687871,584.2,123.4,5,32.0,osm_levels,52.4312629699707,3,1,0.5143890380859375,0.32041335105895996,32.06
madrid_cuatro_torres,dde2d28def036f1d,40.471967,-3.682874,2156.7,386.2,6,,default,52.18457794189453,3,1,0.7298660278320312,0.21238408982753754,27.05
madrid_cuatro_torres,9dc2b9594611481a,40.474364,-3.681974,2246.6,692.7,6,,default,37.55097198486328,3,1,9.311749458312988,0.4132683277130127,6.26
madrid_cuatro_torres,42d9b549d20b4a34,40.468546,-3.687991,1961.7,226.7,7,28.8,osm_levels,35.54845428466797,3,1,0.693572998046875,0.32041335105895996,28.84
madrid_cuatro_torres,fe9add95083a650e,40.471659,-3.680985,1910.8,182.8,5,,default,18.52781867980957,3,1,0.5923328399658203,0.2223832756280899,8.46
madrid_cuatro_torres,77e1215f96a6c476,40.467539,-3.688285,1202.4,201.9,8,35.2,osm_levels,15.459468841552734,3,1,0.15769577026367188,0.32041335105895996,43.7
madrid_cuatro_torres,448234d9cce7652c,40.480909,-3.686748,730.7,156.0,11,51.2,osm_levels,12.140626907348633,3,1,3.5204877853393555,0.30708611011505127,56.58
madrid_cuatro_torres,3a19b6f5d8a33435,40.481179,-3.686707,614.6,179.3,19,35.2,osm_levels,4.824084758758545,3,1,0.6031594276428223,0.28198006749153137,39.16
madrid_cuatro_torres,d959c248661203c2,40.466753,-3.684991,168.8,52.7,10,,default,184.72360229492188,2,1,4.894378662109375,0.4285387694835663,11.86
madrid_cuatro_torres,4fed4b9b228b6401,40.468669,-3.681723,158.9,63.9,22,,default,142.03465270996094,2,1,5.1435089111328125,0.23387303948402405,8.96
madrid_cuatro_torres,fdea2a9ca1cb7e43,40.47605,-3.681715,165.2,56.7,7,,default,79.20906066894531,2,1,1.2900924682617188,0.2171073853969574,7.55
madrid_cuatro_torres,1dfe2a7df9add71f,40.464402,-3.683918,606.8,119.7,25,,default,76.99315643310547,2,1,19.259843826293945,0.22082923352718353,16.49
madrid_cuatro_torres,c76ec861616f960c,40.467642,-3.68679,299.2,89.5,9,35.2,osm_levels,75.0564193725586,2,1,5.2222137451171875,0.325279176235199,33.88
madrid_cuatro_torres,ac1a5833feae4013,40.469769,-3.68629,179.1,69.1,11,38.400000000000006,osm_levels,72.37055206298828,2,1,1.1640167236328125,0.31512343883514404,43.33
madrid_cuatro_torres,b04a96c2041fe4a4,40.464717,-3.68447,230.5,75.5,13,,default,66.23094940185547,2,1,17.216949462890625,0.22082923352718353,9.88
madrid_cuatro_torres,7d0f826a59430625,40.463108,-3.688288,584.8,111.8,16,35.2,osm_levels,44.544464111328125,2,1,14.690688133239746,0.3434462547302246,34.59
madrid_cuatro_torres,bd4cf6ee35ef517a,40.465979,-3.685436,411.7,97.3,7,22.400000000000002,osm_levels,42.38878631591797,2,1,4.832294464111328,0.3422620892524719,22.6
madrid_cuatro_torres,3bb6d9ce1abac1c3,40.474561,-3.680643,3876.8,1005.5,5,,default,36.3421630859375,2,1,16.175439834594727,0.37608805298805237,6.77
madrid_cuatro_torres,686348a794095584,40.472173,-3.681104,351.3,105.0,5,,default,32.61243438720703,2,1,1.9975566864013672,0.19573992490768433,21.44
madrid_cuatro_torres,f0c3ccc9ccb49989,40.480887,-3.686413,149.4,52.5,5,54.400000000000006,osm_levels,28.458271026611328,2,1,2.3073158264160156,0.2975878119468689,57.02
madrid_cuatro_torres,985eec71aa2f57e9,40.473665,-3.679715,413.0,81.7,5,,default,28.236244201660156,2,1,9.168351173400879,0.4089759290218353,10.91
madrid_cuatro_torres,12e9392a2af4acac,40.480738,-3.686493,229.4,61.4,5,38.400000000000006,osm_levels,26.1717472076416,2,1,7.763547897338867,0.3038274645805359,36.78
madrid_cuatro_torres,47e8979bcaacb238,40.471586,-3.680965,1158.5,150.4,7,9.600000000000001,osm_levels,21.942962646484375,2,1,0.21584796905517578,0.30105531215667725,6.45
madrid_cuatro_torres,8ae53098a29770f8,40.481566,-3.68661,1471.5,163.0,12,,default,20.972034454345703,2,1,3.399716377258301,0.18631789088249207,17.54
madrid_cuatro_torres,a0572172c19b2c4e,40.473252,-3.67965,1490.0,233.4,19,9.600000000000001,osm_levels,19.993656158447266,2,1,6.2670135498046875,0.31015342473983765,10.71
madrid_cuatro_torres,cb3a5fa5713c9aa6,40.480812,-3.687045,102.0,43.4,5,6.4,osm_levels,16.644670486450195,2,1,0.4704704284667969,0.5726287364959717,7.78
madrid_cuatro_torres,0513a18787222e91,40.481054,-3.686168,130.9,46.8,5,9.600000000000001,osm_levels,16.381010055541992,2,1,0.3090343475341797,0.2975878119468689,13.58
madrid_cuatro_torres,ed5210b86413b39e,40.480997,-3.686328,700.6,142.3,9,32.0,osm_levels,16.30057716369629,2,1,3.925751209259033,0.2975878119468689,36.93
madrid_cuatro_torres,7f4f93e084e27346,40.47332,-3.679647,853.7,168.2,13,12.8,osm_levels,15.35902214050293,2,1,0.7565407752990723,0.31015342473983765,10.64
madrid_cuatro_torres,13f524ac4ebe80d3,40.471428,-3.680579,569.2,149.8,13,,default,15.105827331542969,2,1,1.8171677589416504,0.2476016730070114,5.06
madrid_cuatro_torres,4bbc23207b8d9e30,40.481103,-3.686183,353.6,125.4,13,6.4,osm_levels,14.794578552246094,2,1,0.5402750968933105,0.2975878119468689,11.27
madrid_cuatro_torres,63bd494e0f9f3f05,40.472918,-3.679892,621.0,112.0,5,6.4,osm_levels,14.532989501953125,2,1,0.26247072219848633,0.31015342473983765,3.88
madrid_cuatro_torres,339b7acff55168e0,40.466752,-3.688388,590.3,90.6,9,,default,14.267309188842773,2,1,0.8494014739990234,0.613427996635437,116.9
madrid_cuatro_torres,221fcee60cfc2094,40.480776,-3.686821,459.8,92.7,5,9.600000000000001,osm_levels,13.25466251373291,2,1,0.00539398193359375,0.3198430836200714,17.46
madrid_cuatro_torres,f021bf5d9beca765,40.481314,-3.686478,113.5,43.7,5,12.8,osm_levels,4.543471336364746,2,1,3.071136236190796,0.5001804828643799,16.91
madrid_cuatro_torres,d283029985da2cdc,40.457412,-3.678255,1510.0,157.3,7,,default,244.20651245117188,1,1,0.0,0.24263986945152283,11.74
madrid_cuatro_torres,d4515fdf684b7e05,40.478453,-3.694404,532.2,96.6,7,,default,236.5081329345703,1,1,0.0,0.2268386036157608,4.39
madrid_cuatro_torres,9242da9da57d352e,40.478601,-3.686698,132.8,46.9,5,,default,232.17495727539062,1,1,0.0,0.2195223867893219,4.48
madrid_cuatro_torres,658a7de33d16673a,40.46216,-3.688625,1356.0,174.6,12,,default,225.73385620117188,1,1,0.0,0.24263986945152283,32.08
madrid_cuatro_torres,756c268c2a5df7af,40.488007,-3.681634,3852.7,250.3,11,,default,211.73629760742188,1,1,0.0,0.17553523182868958,15.4
madrid_cuatro_torres,d30c71c7edda0e4e,40.477969,-3.67513,392.7,79.5,5,,default,191.90379333496094,1,1,0.0,0.19710054993629456,49.83
madrid_cuatro_torres,d62c53e47483eda5,40.477583,-3.691181,363.3,88.1,6,,default,189.0876922607422,1,1,0.0,0.20926235616207123,8.41
madrid_cuatro_torres,4852a8ca4a064109,40.456646,-3.690884,436.0,101.9,18,,default,180.732421875,1,1,0.0,0.24263986945152283,42.93
madrid_cuatro_torres,22fbbd6b837c4786,40.456866,-3.690862,438.0,101.1,17,,default,176.5395050048828,1,1,0.0,0.24263986945152283,43.2
madrid_cuatro_torres,deab853a56190bb9,40.457087,-3.690841,442.4,101.8,21,,default,172.3123321533203,1,1,0.0,0.24263986945152283,42.53
madrid_cuatro_torres,593fd52a1000ab34,40.485009,-3.681889,785.6,112.7,5,,default,168.89651489257812,1,1,0.0,0.5251122713088989,8.09
madrid_cuatro_torres,187067f5cd96fa37,40.457311,-3.690818,450.8,102.6,18,,default,168.0950469970703,1,1,0.0,0.24263986945152283,41.93
madrid_cuatro_torres,ed81feeb0002513b,40.468645,-3.681082,160.2,54.6,9,,default,153.02769470214844,1,1,0.0,0.2409820705652237,8.29
madrid_cuatro_torres,469df64ae5dda1af,40.468566,-3.680704,220.7,62.5,5,,default,140.1604766845703,1,1,0.0,0.24953094124794006,10.57
madrid_cuatro_torres,9078e3a6970129f1,40.476653,-3.678386,4601.1,374.1,34,,default,139.6834259033203,1,1,0.0,0.23808735609054565,44.16
madrid_cuatro_torres,e0c81ad91fce70a1,40.468754,-3.680682,136.6,47.3,5,,default,138.83363342285156,1,1,0.0,0.24953094124794006,12.33
madrid_cuatro_torres,c5d13e6cf0588c2a,40.469686,-3.695117,1347.2,147.2,5,,default,129.88040161132812,1,1,0.0,0.25434961915016174,23.45
madrid_cuatro_torres,0d44e87c0afd6c0d,40.467479,-3.677715,1120.6,172.7,11,,default,129.68096923828125,1,1,0.0,0.24953094124794006,20.16
madrid_cuatro_torres,48b2e4e29340ffc9,40.468911,-3.680703,150.0,51.1,7,,default,129.23992919921875,1,1,0.0,0.24567240476608276,9.29
madrid_cuatro_torres,1f1572545b3ca0c0,40.478467,-3.684986,632.4,129.4,5,,default,126.71865844726562,1,1,0.0,0.606726884841919,8.88
madrid_cuatro_torres,6c76f8f4a55f8daf,40.459949,-3.690667,324.2,96.5,9,76.80000000000001,osm_levels,125.55885314941406,1,1,0.0,0.3466283679008484,79.6
madrid_cuatro_torres,4efca43776ac3795,40.479528,-3.680113,741.5,139.8,5,,default,106.17167663574219,1,1,0.0,0.19710054993629456,7.25
madrid_cuatro_torres,a00567522281bea2,40.467812,-3.694491,1414.2,291.0,15,,default,105.29515838623047,1,1,0.0,0.25986799597740173,18.43
madrid_cuatro_torres,f2443d34d0a4f387,40.47457,-3.677961,888.0,213.4,17,,default,102.39698028564453,1,1,0.0,0.23808735609054565,5.22
madrid_cuatro_torres,8f31fbd1e1eb976f,40.476835,-3.682688,6850.6,367.8,19,,default,99.7169189453125,1,1,0.0,0.19612742960453033,9.77
madrid_cuatro_torres,0cc9ef6e5257bb5c,40.474223,-3.678109,358.4,84.5,5,,default,98.25596618652344,1,1,0.0,0.23808735609054565,7.58
madrid_cuatro_torres,17ceb54026934720,40.467002,-3.689985,1274.0,143.3,5,96.0,osm_levels,94.70707702636719,1,1,0.0,0.3712400197982788,118.32
madrid_cuatro_torres,d34f8721f76711cf,40.472103,-3.683542,270.6,66.0,5,67.2,osm_levels,90.91956329345703,1,1,0.0,0.8560670018196106,61.2
madrid_cuatro_torres,1fc5870710229d43,40.479356,-3.699612,1232.5,153.3,9,51.2,osm_levels,83.84029388427734,1,1,0.0,0.32405513525009155,44.48
madrid_cuatro_torres,9bdb797930aa077f,40.476534,-3.681533,1037.8,171.2,26,,default,81.5732421875,1,1,0.0,0.19612742960453033,17.74
madrid_cuatro_torres,97407176c04b619c,40.477749,-3.700151,504.3,135.0,25,51.2,osm_levels,81.53361511230469,1,1,0.0,0.32405513525009155,46.93
madrid_cuatro_torres,004d18d91eaba95d,40.486736,-3.684194,360.1,106.3,21,,default,80.5501480102539,1,1,0.0,0.17553523182868958,21.27
madrid_cuatro_torres,56c46f140388c7a3,40.474724,-3.679027,358.4,84.4,5,,default,78.40723419189453,1,1,0.0,0.23808735609054565,7.95
madrid_cuatro_torres,4117f83e6ce3d558,40.478688,-3.68072,126.3,45.1,5,,default,74.45809173583984,1,1,0.0,0.23808735609054565,4.89
madrid_cuatro_torres,965d1144a3fc6d7e,40.465005,-3.690434,2652.4,354.0,44,,default,74.38724517822266,1,1,0.0,0.25434961915016174,42.0
madrid_cuatro_torres,3b919e7060bc8eee,40.474193,-3.678761,641.1,136.8,5,,default,71.37718200683594,1,1,0.0,0.23808735609054565,7.67
madrid_cuatro_torres,ca9abfc86ddefb12,40.463974,-3.682971,598.6,110.1,7,38.400000000000006,osm_levels,70.2555923461914,1,1,0.0,0.34026411175727844,36.03
madrid_cuatro_torres,ce257988b69828a0,40.479549,-3.684726,141.8,47.8,5,,default,70.03284454345703,1,1,0.0,0.2195223867893219,4.93
madrid_cuatro_torres,97cbf33f903f33f5,40.463852,-3.687061,956.6,139.2,5,35.2,osm_levels,66.65149688720703,1,1,0.0,0.34026411175727844,33.65
madrid_cuatro_torres,4552df4fac8b4a70,40.462264,-3.688048,372.1,100.0,13,32.0,osm_levels,62.46017074584961,1,1,0.0,0.3466283679008484,27.95
madrid_cuatro_torres,b27316b47bbbfaf5,40.467291,-3.686671,1157.4,149.5,13,35.2,osm_levels,60.91978454589844,1,1,0.0,0.30629828572273254,33.65
madrid_cuatro_torres,eb44222011ea60e5,40.463873,-3.684947,1785.3,278.5,16,,default,58.001930236816406,1,1,0.0,0.24263986945152283,16.95
madrid_cuatro_torres,8ddacba5f48bcf78,40.475007,-3.680267,4801.0,1200.8,5,,default,47.81143569946289,1,1,0.0,0.19535240530967712,6.77
madrid_cuatro_torres,6c38593cab57ff2f,40.466108,-3.690727,1052.2,148.0,7,80.0,osm_levels,41.65858459472656,1,1,0.0,0.3712400197982788,79.13
madrid_cuatro_torres,a4ee2c2e6b1416db,40.463789,-3.690739,4213.4,289.8,5,35.2,osm_levels,36.895851135253906,1,1,0.0,0.3466283679008484,49.58
madrid_cuatro_torres,edcb3db69e6698c5,40.462054,-3.687987,49.7,71.0,9,25.6,osm_levels,36.60020065307617,1,1,0.0,0.3466283679008484,25.96
madrid_cuatro_torres,38b26b36ec10b5b7,40.462088,-3.688023,327.9,76.1,10,32.0,osm_levels,36.29063415527344,1,1,0.0,0.3466283679008484,27.27
madrid_cuatro_torres,3c6afe0c741694cb,40.468222,-3.68798,360.9,80.9,5,25.6,osm_levels,32.40562057495117,1,1,0.0,0.32394859194755554,28.66
madrid_cuatro_torres,19c23a184c0e2de3,40.48054,-3.688464,56.4,29.3,7,,default,32.210289001464844,1,1,0.0,0.20926235616207123,11.32
madrid_cuatro_torres,805cd8b9e1fb4f12,40.466697,-3.688085,1272.4,143.2,5,12.8,osm_levels,29.706317901611328,1,1,0.0,0.32394859194755554,115.56
madrid_cuatro_torres,4fa59e2a92eb8832,40.480513,-3.688306,1414.2,218.2,14,22.400000000000002,osm_levels,26.83722686767578,1,1,0.0,0.29894623160362244,31.98
madrid_cuatro_torres,beaa87f9da524554,40.46671,-3.688168,1270.7,143.0,5,57.6,osm_levels,26.314115524291992,1,1,0.0,0.32394859194755554,116.9
madrid_cuatro_torres,d9b1e9fc7936fd16,40.481118,-3.684628,653.3,114.1,9,,default,24.937103271484375,1,1,0.0,0.19710054993629456,7.41
madrid_cuatro_torres,2e58a929f0c2623f,40.463564,-3.688639,817.4,132.9,5,28.8,osm_levels,24.14746856689453,1,1,0.0,0.34026411175727844,32.99
madrid_cuatro_torres,3e74974cc9b6351e,40.465582,-3.688206,288.9,60.7,17,,default,22.94402503967285,1,1,0.0,0.20347359776496887,40.23
madrid_cuatro_torres,a432a6189925798a,40.473527,-3.679368,614.3,101.8,5,,default,22.351627349853516,1,1,0.0,0.23808735609054565,11.05
madrid_cuatro_torres,7bd316ff85e05a2a,40.481149,-3.688071,277.5,84.6,11,16.0,osm_levels,21.617746353149414,1,1,0.0,0.3666015863418579,23.84
madrid_cuatro_torres,e92405e0422d33dc,40.48104,-3.688268,436.3,97.0,9,12.8,osm_levels,20.625064849853516,1,1,0.0,0.3666015863418579,21.79
madrid_cuatro_torres,b6b6ae0fec264403,40.479127,-3.701255,1213.1,151.7,9,51.2,osm_levels,17.515779495239258,1,1,0.0,0.8486140370368958,43.59
madrid_cuatro_torres,938f3b01e890f8be,40.480838,-3.688102,820.0,135.9,17,,default,12.243814468383789,1,1,0.0,0.20926235616207123,16.29
madrid_cuatro_torres,1e9fc666d8e234d1,40.481046,-3.686589,108.3,44.6,10,41.6,osm_levels,11.416413307189941,1,1,0.0,0.28157222270965576,43.69
madrid_cuatro_torres,d116c81655133eb8,40.466703,-3.688121,1274.2,143.3,5,32.0,osm_levels,10.903443336486816,1,1,0.0,0.30629828572273254,116.46
madrid_cuatro_torres,ab1de4289baa6bfe,40.481002,-3.686481,7157.2,438.9,18,54.400000000000006,osm_levels,9.81964111328125,1,1,0.0,0.3136034309864044,54.94
madrid_cuatro_torres,ba50c2cd59e92e09,40.481635,-3.687184,1665.1,290.3,20,25.6,osm_levels,0.0,1,1,0.0,0.32405513525009155,25.32
miami,fefc8342248253ce,25.766973,-80.160616,85.9,40.4,13,,default,201.36343383789062,3,3,110.29000854492188,0.23719049990177155,6.44
miami,0cf8430858c31199,25.775856,-80.188203,610.3,115.3,9,41.6,osm_levels,42.46686553955078,5,2,42.46686553955078,0.34735822677612305,38.7
miami,fb40ce13fe0c821e,25.782654,-80.18998,541.6,96.8,11,,default,293.83721923828125,4,2,7.8748626708984375,0.2262343168258667,165.28
miami,f00aa457833303d6,25.779162,-80.187529,11193.9,488.1,15,,default,147.48292541503906,4,2,3.159271240234375,0.22843241691589355,11.93
miami,f08b38b661e6435f,25.779045,-80.186806,3192.9,440.6,29,,default,128.69244384765625,3,2,2.8653717041015625,0.22843241691589355,15.48
miami,f11ef2dca4eb182c,25.771869,-80.168355,87.5,37.6,5,,default,125.15514373779297,3,2,2.460235595703125,0.23037956655025482,3.54
miami,45787e4a79da98e7,25.774713,-80.168857,2739.5,230.1,15,,default,116.18233489990234,3,2,65.47538757324219,0.3965674936771393,9.89
miami,8bdf721a603c85a6,25.77489,-80.169658,670.9,121.6,16,,default,105.5036849975586,3,2,54.19317626953125,0.3862224519252777,6.97
miami,b07808ed42e0e0b1,25.775674,-80.171039,5773.5,321.2,13,,default,95.20613861083984,3,2,65.90592193603516,0.38600921630859375,11.38
miami,323cce044149c6f0,25.747863,-80.175588,1742.6,184.9,13,,default,43.194091796875,3,2,3.4256668090820312,0.4982200562953949,14.1
miami,faf0e077174ebba1,25.774912,-80.1856,47.2,27.7,5,,default,2.1852641105651855,3,2,2.1852641105651855,0.25777390599250793,7.46
miami,bd5e95e394672da9,25.746619,-80.174357,101.8,42.8,7,,default,146.34307861328125,2,2,97.71796417236328,0.21017679572105408,4.24
miami,8f0dddaf4c5b5ae4,25.745767,-80.193214,59.6,31.1,5,,default,97.45510864257812,2,2,40.4405403137207,0.20583398640155792,4.15
miami,e6748d3b1aa82964,25.774836,-80.189321,9685.2,509.7,23,,default,78.53607177734375,2,2,64.17958068847656,0.4482128620147705,13.55
miami,1354fd6362f4dd95,25.776887,-80.170504,144.0,51.8,7,,default,42.804534912109375,2,2,5.104331970214844,0.25149112939834595,6.7
miami,57ffa9d6dd5d7b21,25.77789,-80.188821,1878.0,203.5,9,35.2,osm_levels,0.0,2,2,0.0,0.36868661642074585,38.89
miami,c473a1e9b86f6cd4,25.779224,-80.179264,14043.9,531.5,21,,default,78.02700805664062,4,1,26.419248580932617,0.3361065983772278,13.91
miami,ea5c8573c1ebd561,25.775367,-80.190077,400.1,85.4,5,,default,244.27490234375,3,1,8.144485473632812,0.3767693042755127,9.99
miami,31399651e6befff6,25.790741,-80.178292,391.5,88.5,11,,default,195.53977966308594,3,1,51.97346496582031,0.23337768018245697,6.25
miami,7e50f281b257c306,25.790296,-80.179309,100.7,42.0,5,,default,194.16659545898438,3,1,2.249969482421875,0.22678065299987793,8.48
miami,ecac9c6d479fa326,25.79081,-80.178081,417.4,102.9,17,,default,193.5958709716797,3,1,4.985870361328125,0.4427632987499237,4.77
miami,fc1e4521e581f6f3,25.789834,-80.179315,39.2,26.4,5,,default,187.12149047851562,3,1,0.8451309204101562,0.4112890660762787,5.3
miami,78aafde373bbd61f,25.789728,-80.178345,247.0,64.2,5,,default,183.92654418945312,3,1,1.0594711303710938,0.238800048828125,7.43
miami,c47c3c62f6a6a6ae,25.79048,-80.179005,3078.8,383.9,33,,default,171.8904571533203,3,1,15.401168823242188,0.23337768018245697,40.93
miami,bd46c3a9ca87a664,25.776987,-80.188656,1218.3,142.4,5,160.0,osm_levels,160.2456512451172,3,1,12.089370727539062,0.4944643974304199,168.18
miami,1adfa339fec4eebd,25.79078,-80.178525,428.2,90.8,15,,default,148.02537536621094,3,1,57.76228332519531,0.3563109338283539,9.73
miami,cf7400e0e28bb3ae,25.776504,-80.189085,1310.2,148.4,5,160.0,osm_levels,142.06954956054688,3,1,0.9692230224609375,0.3368053436279297,168.06
miami,c38de2931e958629,25.789696,-80.179034,19.2,18.7,5,,default,131.1731719970703,3,1,31.914398193359375,0.23337768018245697,3.64
miami,ffa122c8c847ec7d,25.776686,-80.188905,8477.8,573.9,16,,default,128.5367889404297,3,1,2.5850563049316406,0.44393396377563477,41.34
miami,60d1a497c08ea215,25.77898,-80.176928,1992.0,274.4,5,,default,98.31623077392578,3,1,7.0550384521484375,0.23422375321388245,8.66
miami,ece4041cb6a75462,25.782415,-80.166079,278.4,83.2,11,,default,96.67745208740234,3,1,8.980941772460938,0.23422375321388245,8.0
miami,644ab6dce23075da,25.782092,-80.166609,225.6,72.2,9,,default,95.09149169921875,3,1,6.976802825927734,0.23422375321388245,12.46
miami,fafc5efa49e8b1ae,25.776069,-80.188254,816.7,118.9,5,57.6,osm_levels,93.15459442138672,3,1,0.11730194091796875,0.34187793731689453,59.45
miami,9b5e6313932d3c3f,25.778568,-80.177882,1030.8,177.4,13,,default,75.88494110107422,3,1,0.00775909423828125,0.23760449886322021,7.43
miami,0fceacf5bc3712e6,25.775884,-80.188476,354.3,76.2,7,,default,62.572513580322266,3,1,16.739788055419922,0.23931455612182617,38.33
miami,632f493e19a5d8d3,25.775563,-80.188133,1069.0,138.7,5,99.2,osm_levels,59.82579803466797,3,1,1.9292030334472656,0.3328973054885864,106.37
miami,1edf6fe2e6e84097,25.776012,-80.188966,1472.1,163.6,7,,default,58.041107177734375,3,1,2.305929183959961,0.2491518259048462,17.38
miami,d1bc667740997d94,25.778765,-80.178236,435.7,86.4,7,,default,54.16999053955078,3,1,1.9743824005126953,0.41408997774124146,7.97
miami,e24ce5846107deee,25.778024,-80.175757,463.9,117.9,9,,default,42.214542388916016,3,1,2.6628990173339844,0.43631818890571594,4.71
miami,a2327ce5f112a8b3,25.777888,-80.176038,155.8,56.1,5,,default,40.44535446166992,3,1,2.868732452392578,0.23422375321388245,4.33
miami,a3900ccf11dbd398,25.777865,-80.175388,191.4,57.6,5,,default,39.380470275878906,3,1,7.6140336990356445,0.23422375321388245,4.21
miami,300c46128e82a02a,25.777516,-80.180154,4899.4,292.5,7,,default,27.624103546142578,3,1,1.6505374908447266,0.23760449886322021,10.03
miami,cd063b779e617b21,25.77645,-80.178189,2790.9,236.5,13,,default,17.221960067749023,3,1,3.9079623222351074,0.23344945907592773,29.84
miami,cdf59c7af14ff30e,25.774717,-80.191488,6688.5,331.4,16,,default,262.6103820800781,2,1,4.28173828125,0.2491518259048462,38.51
miami,71b1d2161a50b284,25.780125,-80.1636,359.6,85.9,9,,default,262.25860595703125,2,1,57.83685302734375,0.2580987513065338,10.8
miami,0030516aaa95a63a,25.77215,-80.168882,1071.0,138.3,5,,default,257.2706604003906,2,1,13.694313049316406,0.2580987513065338,6.44
miami,bcbc17ddf26e8964,25.780015,-80.163872,970.5,204.2,41,,default,256.296875,2,1,56.85752868652344,0.2580987513065338,11.31
miami,bcc9b0f051be85b1,25.78011,-80.164159,933.1,157.4,19,,default,252.9498291015625,2,1,56.845909118652344,0.47310853004455566,11.89
miami,1fc23614feeeb214,25.775546,-80.190106,662.8,119.1,9,,default,250.89089965820312,2,1,8.055992126464844,0.23576372861862183,70.72
miami,2dc0b1fb7e6af4f3,25.779666,-80.164068,138.2,53.0,5,,default,248.04647827148438,2,1,49.829490661621094,0.2580987513065338,6.25
miami,b16fddace39033fb,25.774733,-80.191012,1747.2,217.3,5,,default,248.02645874023438,2,1,2.47076416015625,0.2491518259048462,19.94
miami,197df875d925c7ea,25.775003,-80.190658,1630.7,167.8,5,,default,246.538818359375,2,1,28.78765869140625,0.2491518259048462,25.06
miami,62954727ce3588d3,25.766848,-80.156978,55.8,36.6,5,,default,245.29989624023438,2,1,14.999351501464844,0.24311664700508118,6.16
miami,38c3b0ba2f323af4,25.780002,-80.163201,288.0,91.1,13,,default,243.6055450439453,2,1,45.49696350097656,0.2580987513065338,9.69
miami,17d5068a53a6d635,25.7748,-80.190651,752.1,134.7,5,,default,229.205810546875,2,1,0.8810806274414062,0.2491518259048462,8.57
miami,0c9d8d4455662061,25.784534,-80.176362,264.2,65.7,5,,default,221.40090942382812,2,1,56.02600860595703,0.23422375321388245,7.5
miami,a8359b56385f96de,25.772917,-80.170762,16565.3,576.4,17,,default,217.0730438232422,2,1,6.5230255126953125,0.2580987513065338,10.25
miami,b9650354eccd4091,25.775287,-80.16755,17628.3,673.4,19,,default,212.02743530273438,2,1,90.04471588134766,0.46870678663253784,17.38
miami,e9c04f2a88bc37f7,25.784726,-80.176583,3278.0,294.1,21,,default,210.26947021484375,2,1,51.89563751220703,0.23422375321388245,17.0
miami,6f9b205dc0244f21,25.790366,-80.177463,365.1,84.4,9,,default,178.53863525390625,2,1,50.306785583496094,0.23455235362052917,4.93
miami,49e88e697d1bf9dc,25.790847,-80.166204,668.1,156.3,23,,default,163.0086669921875,2,1,70.09498596191406,0.23422375321388245,15.17
miami,dd791abe5893b277,25.782066,-80.166438,202.2,71.6,17,,default,159.59439086914062,2,1,67.688232421875,0.23344945907592773,7.98
miami,7c4d314907edfb18,25.79754,-80.186237,2190.0,269.9,13,,default,155.29397583007812,2,1,84.99687957763672,0.44235116243362427,49.8
miami,d6c00513e1524e72,25.781714,-80.167384,241.9,74.9,17,,default,150.1943359375,2,1,63.21211242675781,0.23344945907592773,13.43
miami,0ff7caab4696ffaf,25.781536,-80.167826,290.5,82.7,15,,default,147.27981567382812,2,1,63.3559455871582,0.23344945907592773,9.99
miami,74e366a83f42d33f,25.781857,-80.167478,99.1,43.1,7,,default,145.2276611328125,2,1,71.02848052978516,0.23344945907592773,8.52
miami,339e15d4042d0c00,25.781397,-80.16803,31.9,22.9,9,,default,144.0714874267578,2,1,60.93766403198242,0.23344945907592773,2.41
miami,5b135a64932791fe,25.773879,-80.189389,4001.8,260.3,12,,default,138.60800170898438,2,1,27.75914764404297,0.2491518259048462,16.31
miami,3aa94e958eedc797,25.781699,-80.167894,358.7,104.0,12,,default,137.37100219726562,2,1,71.927001953125,0.23344945907592773,11.11
miami,363c3d1e157e1980,25.782449,-80.166252,269.7,71.9,7,,default,137.36033630371094,2,1,96.43057250976562,0.23344945907592773,10.16
miami,ac877904bfe4c6b7,25.779659,-80.163409,557.0,128.2,32,,default,134.7194061279297,2,1,45.15858840942383,0.2580987513065338,10.94
miami,9c685d7fb8dd5446,25.779304,-80.175921,38.6,22.8,9,,default,118.64192199707031,2,1,4.653408050537109,0.23422375321388245,16.2
miami,fae00de7226f5a98,25.779585,-80.163109,902.0,158.7,38,,default,118.54623413085938,2,1,41.352203369140625,0.2580987513065338,11.7
miami,f031526729766cd3,25.779234,-80.176127,29.6,19.9,9,,default,114.6677474975586,2,1,5.129631042480469,0.23422375321388245,15.96
miami,d283261327ab5059,25.778224,-80.186642,171.1,53.5,5,,default,113.60336303710938,2,1,3.474681854248047,0.21936273574829102,12.55
miami,f2fd400af991f8da,25.794134,-80.194495,1246.6,165.0,11,,default,109.87222290039062,2,1,0.017688751220703125,0.22943705320358276,6.46
miami,b45780eec7ec9d43,25.777763,-80.186825,37.9,29.1,6,,default,105.29718017578125,2,1,3.3629417419433594,0.21936273574829102,2.58
miami,98591ff2ab7d0659,25.788618,-80.195847,1739.0,186.9,9,,default,93.66991424560547,2,1,1.5678176879882812,0.22600266337394714,7.17
miami,e6aaa157a6cad750,25.778219,-80.180352,474.0,89.9,5,,default,80.67578125,2,1,0.4485435485839844,0.4165682792663574,9.31
miami,6bf5c7c171f3273b,25.787164,-80.194417,859.0,136.5,8,,default,71.77395629882812,2,1,2.0111923217773438,0.39647427201271057,5.08
miami,68256f07aff34200,25.777914,-80.173758,2022.6,235.6,10,,default,68.86674499511719,2,1,39.53112030029297,0.24514025449752808,12.51
miami,8ad8f01845c15888,25.778945,-80.177903,1010.6,175.6,13,,default,58.24596405029297,2,1,0.39813804626464844,0.23422375321388245,7.53
miami,8fc0a4c634ab98a7,25.775214,-80.176944,5935.5,327.8,17,,default,37.83308029174805,2,1,1.0732688903808594,0.44105443358421326,14.06
miami,e24850b1509f2980,25.77476,-80.178254,235.4,58.6,10,,default,37.015480041503906,2,1,0.49149513244628906,0.24311664700508118,6.61
miami,2d963643b940cd6f,25.776205,-80.18606,422.9,82.6,5,,default,32.03354263305664,2,1,7.792354583740234,0.21936273574829102,14.68
miami,a94e843d48984c35,25.776121,-80.185965,71.4,34.2,5,,default,26.913740158081055,2,1,2.0143203735351562,0.21936273574829102,8.33
miami,1d9f24b38a44eaf0,25.78136,-80.187947,16003.3,455.8,34,,default,25.923173904418945,2,1,6.597635269165039,0.238800048828125,43.77
miami,f08cf65ed2982d9d,25.778357,-80.183648,21.7,19.3,5,,default,21.645822525024414,2,1,11.630754470825195,0.238800048828125,0.52
miami,28dea9511e8f464f,25.76816,-80.184342,68.6,46.4,5,,default,21.340085983276367,2,1,8.054975509643555,0.2532734274864197,49.32
miami,7c40effa1acaf199,25.785386,-80.187901,638.5,183.9,15,19.200000000000003,osm_levels,19.569202423095703,2,1,12.86544132232666,0.3411429524421692,32.0
miami,fdb618bba6cdf068,25.767062,-80.18429,1863.5,202.2,11,,default,14.657611846923828,2,1,4.131646633148193,0.21002086997032166,67.95
miami,323728966e775373,25.76732,-80.183488,982.2,139.8,5,,default,13.224913597106934,2,1,1.4930944442749023,0.21002086997032166,19.22
miami,804f45268eac8e2e,25.766953,-80.183525,171.5,61.7,7,,default,11.850521087646484,2,1,0.13251018524169922,0.21002086997032166,37.02
miami,9ec5e53dc5c032a5,25.767054,-80.184864,1407.2,201.6,7,,default,11.3823823928833,2,1,7.963794231414795,0.21002086997032166,14.29
miami,7cf0c2e61c025edc,25.771238,-80.188507,2085.3,188.0,5,28.8,osm_levels,7.9107770919799805,2,1,1.1132595539093018,0.36181914806365967,43.11
miami,2bcb0c524f1e860d,25.771302,-80.186789,957.3,141.9,14,19.200000000000003,osm_levels,6.865928649902344,2,1,0.967785120010376,0.36181914806365967,25.05
miami,faaf92365a0672b5,25.778928,-80.19007,194.3,57.1,7,,default,296.50146484375,1,1,0.0,0.2036321461200714,6.0
miami,efc63af111a21da0,25.773772,-80.192139,2065.1,200.1,9,,default,280.6602478027344,1,1,0.0,0.2518874406814575,11.32
miami,41f0ae68bcb656c9,25.772377,-80.168475,916.4,124.4,5,,default,264.65240478515625,1,1,0.0,0.2570677101612091,5.68
miami,ee714d93614beefa,25.74513,-80.174162,605.4,113.2,17,,default,259.2271728515625,1,1,0.0,0.16986800730228424,16.43
miami,c0ec174784cf3459,25.77762,-80.190864,3902.3,296.4,24,,default,243.9626007080078,1,1,0.0,0.2518874406814575,34.02
miami,b48fac9ea99217d3,25.790339,-80.177208,322.4,93.9,17,,default,238.63331604003906,1,1,0.0,0.23102836310863495,5.29
miami,b8b8ecbe58c4512c,25.773792,-80.191598,1207.7,179.9,9,,default,235.505859375,1,1,0.0,0.2518874406814575,9.93
miami,fe3690be7fe98082,25.782504,-80.166407,181.0,72.0,9,,default,231.82273864746094,1,1,0.0,0.24436596035957336,7.2
miami,cef5b5c2264b3b59,25.789822,-80.167137,298.7,76.8,9,,default,224.13539123535156,1,1,0.0,0.2459145486354828,11.22
miami,4b183e95016ab9ec,25.782604,-80.16651,323.6,84.3,11,,default,222.5452423095703,1,1,0.0,0.24436596035957336,5.67
miami,592a7a7e107f5249,25.775434,-80.191395,1322.0,168.7,9,,default,220.14730834960938,1,1,0.0,0.24641621112823486,7.46
miami,267e7c9736ab6728,25.782334,-80.167038,180.2,58.0,12,,default,219.0738067626953,1,1,0.0,0.24436596035957336,11.46
miami,5461babf6b80bb6b,25.789778,-80.16731,313.2,97.2,11,,default,217.27438354492188,1,1,0.0,0.2459145486354828,13.28
miami,a20ac9677bb98b9c,25.780599,-80.162746,106.1,46.6,9,,default,216.4857177734375,1,1,0.0,0.2570677101612091,6.5
miami,2d23dcd260331f36,25.78202,-80.167502,181.7,60.1,13,,default,216.21981811523438,1,1,0.0,0.24436596035957336,6.77
miami,988bff3c857c6229,25.780521,-80.162787,104.0,44.6,8,,default,215.8358612060547,1,1,0.0,0.2570677101612091,6.39
miami,3667aca3043a82d9,25.781895,-80.167759,135.3,47.7,5,,default,212.7315216064453,1,1,0.0,0.24436596035957336,7.55
miami,59a494811a35fcea,25.783391,-80.19016,5216.4,297.6,16,204.8,osm_levels,209.712890625,1,1,0.0,0.31377148628234863,197.35
miami,33021cabebe3a633,25.782312,-80.167261,189.0,61.7,10,,default,208.86233520507812,1,1,0.0,0.24436596035957336,11.75
miami,09efca0c4b0f1d96,25.780291,-80.189712,1891.3,180.8,9,,default,208.44970703125,1,1,0.0,0.21964003145694733,58.31
miami,a1b877e726082295,25.773969,-80.191389,1044.1,131.4,10,,default,198.44395446777344,1,1,0.0,0.2518874406814575,13.88
miami,5eb5f40f65d0ddaf,25.773981,-80.190872,651.9,110.2,7,,default,198.1535186767578,1,1,0.0,0.2518874406814575,10.0
miami,a0968414ca666d9d,25.773243,-80.190444,476.9,89.4,5,,default,194.70654296875,1,1,0.0,0.24641621112823486,50.48
miami,1ce047f7773c2c0d,25.780163,-80.164504,805.3,125.6,13,,default,188.866455078125,1,1,0.0,0.2570677101612091,12.43
miami,8a2dd5e19a0102c1,25.770162,-80.163411,3879.6,272.4,9,,default,182.54873657226562,1,1,0.0,0.6481226682662964,8.64
miami,6cd2be19e681e605,25.779536,-80.16373,139.4,50.6,7,,default,180.76943969726562,1,1,0.0,0.2570677101612091,7.92
miami,c51f8c298fa76e1c,25.779403,-80.16345,78.6,35.9,5,,default,161.4506072998047,1,1,0.0,0.2570677101612091,6.97
miami,204b1acf32b45e78,25.773644,-80.189654,202.2,63.3,5,,default,158.6468963623047,1,1,0.0,0.24641621112823486,9.26
miami,f3a8ec2f4189ae9a,25.773969,-80.191022,455.2,100.4,7,,default,156.69476318359375,1,1,0.0,0.2518874406814575,12.8
miami,04de45aba0de73d7,25.773984,-80.191162,520.5,98.6,5,,default,137.47462463378906,1,1,0.0,0.2518874406814575,21.5
miami,33b0318104fca44d,25.773973,-80.191053,227.4,86.1,5,,default,136.19419860839844,1,1,0.0,0.2518874406814575,13.6
miami,9b4ef554667a696d,25.795449,-80.193063,1628.3,166.0,11,,default,135.47879028320312,1,1,0.0,0.23788917064666748,7.46
miami,523b270e8921149c,25.773966,-80.190991,227.8,88.1,7,,default,133.86607360839844,1,1,0.0,0.2518874406814575,12.4
miami,c97cbdff83640d17,25.774043,-80.190938,129.2,55.7,5,,default,131.9068145751953,1,1,0.0,0.2518874406814575,9.79
miami,383e3ce6844ed015,25.774044,-80.190878,131.4,56.0,5,,default,129.96286010742188,1,1,0.0,0.2518874406814575,8.03
miami,f87826b0fc4bf8bb,25.774047,-80.190817,138.6,56.5,5,,default,127.94192504882812,1,1,0.0,0.2518874406814575,9.11
miami,c888cc39e419aa4a,25.774058,-80.190746,156.2,55.6,5,,default,125.62793731689453,1,1,0.0,0.2518874406814575,11.63
miami,148d486ee12df437,25.777246,-80.172006,5632.4,307.2,5,,default,123.91400909423828,1,1,0.0,0.2459145486354828,14.03
miami,a9d9c8d7da9418d0,25.774066,-80.190669,141.5,52.7,5,,default,123.32234191894531,1,1,0.0,0.2518874406814575,13.07
miami,7feabbe7283f0cb3,25.794921,-80.193768,1278.6,147.3,8,,default,118.4501724243164,1,1,0.0,0.23788917064666748,13.84
miami,10998a00699d1e0f,25.757503,-80.190075,1063.9,150.6,5,,default,117.07274627685547,1,1,0.0,0.16986800730228424,29.93
miami,49d3fca8bb36c247,25.758249,-80.189255,110.1,42.1,5,,default,114.25837707519531,1,1,0.0,0.44901904463768005,4.54
miami,7f9afbf538b02f10,25.788546,-80.19347,1480.4,163.2,5,112.0,osm_levels,109.97252655029297,1,1,0.0,0.33984166383743286,108.72
miami,c3a7dbcc28e33d37,25.773062,-80.188249,8303.5,376.4,5,,default,101.33354187011719,1,1,0.0,0.24641621112823486,75.18
miami,5fb1001deb76deaa,25.782197,-80.165551,351.4,93.2,7,,default,98.9061050415039,1,1,0.0,0.2225329428911209,9.34
miami,78a4904f35ac6ac4,25.782379,-80.193075,11363.5,469.4,21,,default,98.57817840576172,1,1,0.0,0.23723827302455902,48.93
miami,c9bb0ae143a8e640,25.781939,-80.166178,317.3,80.3,11,,default,95.53195190429688,1,1,0.0,0.2225329428911209,4.96
miami,e647049a0fa4c41a,25.77766,-80.175281,106.5,48.5,7,,default,95.11585998535156,1,1,0.0,0.2459145486354828,4.79
miami,860116705e3c9048,25.782243,-80.16599,57.4,30.5,5,,default,94.91804504394531,1,1,0.0,0.2225329428911209,8.53
miami,6c66634b71a5c5f6,25.752981,-80.196931,1249.3,184.4,5,,default,94.67462921142578,1,1,0.0,0.1923004388809204,9.43
miami,556a68ad1fb5c9e3,25.773902,-80.187999,3251.1,232.0,12,128.0,osm_levels,93.66484832763672,1,1,0.0,0.3520231544971466,138.48
miami,acd9f24310333439,25.744379,-80.153183,106.2,41.6,5,,default,92.56244659423828,1,1,0.0,0.182282954454422,5.96
miami,4a3c2fad9a43e303,25.751861,-80.15326,127.6,49.1,5,,default,92.02159881591797,1,1,0.0,0.13660839200019836,3.92
miami,3d5fab7de48e4a5f,25.773126,-80.167452,250.6,63.6,5,,default,89.04337310791016,1,1,0.0,0.2418673187494278,7.43
miami,50110882aaa9ba3a,25.790169,-80.185732,3971.8,273.6,7,,default,87.67652130126953,1,1,0.0,0.6064890623092651,97.02
miami,8a2ab7471d39d2ce,25.789823,-80.166971,441.8,120.2,11,,default,87.35801696777344,1,1,0.0,0.2225329428911209,11.98
miami,1a0f4b73e381b122,25.781405,-80.167693,246.4,70.8,15,,default,87.14783477783203,1,1,0.0,0.2225329428911209,9.09
miami,8ef5cd2c8a08611e,25.775976,-80.189951,1796.0,245.1,17,115.2,osm_levels,82.76082611083984,1,1,0.0,0.3520231544971466,131.68
miami,6de1e48f1f6a21da,25.787771,-80.195663,7511.0,353.4,12,,default,79.8247299194336,1,1,0.0,0.23788917064666748,15.96
miami,ab94adb8f811dfba,25.778756,-80.177933,1143.2,136.9,5,,default,76.59014892578125,1,1,0.0,0.2459145486354828,24.54
miami,74b73e1290f14251,25.77695,-80.189159,577.4,94.9,20,,default,69.10479736328125,1,1,0.0,0.21964003145694733,43.45
miami,815bcdb4ba5e850f,25.775704,-80.189321,4059.4,296.7,13,,default,67.28351593017578,1,1,0.0,0.21964003145694733,23.43
miami,649c6c89e45fc4b5,25.757507,-80.197194,22.6,21.3,7,,default,67.12309265136719,1,1,0.0,0.1923004388809204,12.03
miami,0dabb1be6e9c1434,25.756967,-80.19814,17.4,16.8,5,,default,63.677555084228516,1,1,0.0,0.1923004388809204,11.48
miami,224786cc0c07a85f,25.757114,-80.197992,312.6,79.4,9,,default,63.49941635131836,1,1,0.0,0.1923004388809204,4.75
miami,fc440963fe07e6b9,25.756261,-80.19218,62.4,33.3,5,,default,57.363162994384766,1,1,0.0,0.1923004388809204,15.93
miami,f4374a4151944699,25.756298,-80.192199,36.9,28.7,5,,default,57.352745056152344,1,1,0.0,0.1923004388809204,17.8
miami,5ff1fad01b42e7e9,25.779379,-80.162894,657.7,124.4,13,,default,49.67429733276367,1,1,0.0,0.2570677101612091,11.3
miami,921e85e5b6c79526,25.754003,-80.199081,348.8,83.4,5,,default,45.06498718261719,1,1,0.0,0.1923004388809204,7.54
miami,17c8b7dc90c58bb8,25.779151,-80.175536,593.1,221.0,6,,default,43.4189338684082,1,1,0.0,0.24436596035957336,15.38
miami,8b819d3bdd72e84b,25.77873,-80.190694,883.8,154.3,21,51.2,osm_levels,41.56985855102539,1,1,0.0,0.3711259365081787,47.12
miami,6e6cd80bb72d0300,25.778531,-80.190176,405.4,85.1,7,28.8,osm_levels,39.20267105102539,1,1,0.0,0.3711259365081787,44.48
miami,67f9d788815d2d84,25.778524,-80.189579,4068.2,400.1,13,25.6,osm_levels,37.818946838378906,1,1,0.0,0.3711259365081787,39.47
miami,0a1499f7c1b17afe,25.775605,-80.173633,429.0,88.0,13,,default,36.97895050048828,1,1,0.0,0.2418673187494278,8.12
miami,a574f0e8ec8daaea,25.772895,-80.188005,1344.3,160.7,5,60.800000000000004,osm_levels,36.62166213989258,1,1,0.0,0.3520231544971466,75.77
miami,a74a4355ec614067,25.776828,-80.170965,963.2,154.9,9,,default,35.59199523925781,1,1,0.0,0.2459145486354828,9.1
miami,ca3552412a4c2194,25.775275,-80.178171,181.8,54.3,5,,default,35.0692253112793,1,1,0.0,0.24436596035957336,8.74
miami,351dcfd24edc5093,25.776955,-80.171262,516.1,128.8,5,,default,35.04586410522461,1,1,0.0,0.2459145486354828,7.57
miami,130de38e05783d11,25.776779,-80.171585,50.7,30.5,7,,default,34.46083450317383,1,1,0.0,0.2459145486354828,4.4
miami,1d64555d2427f477,25.753704,-80.197543,1904.4,204.0,5,70.4,osm_levels,33.86561965942383,1,1,0.0,0.2747149169445038,52.73
miami,1701529b20476010,25.786034,-80.186289,2969.1,240.1,7,19.200000000000003,osm_levels,21.087162017822266,1,1,0.0,0.35224536061286926,22.32
miami,5813533eceda07b7,25.786023,-80.186258,8249.0,374.2,5,16.0,osm_levels,18.097387313842773,1,1,0.0,0.35224536061286926,22.24
miami,c28fede4971f53be,25.767064,-80.184151,3558.2,331.4,15,67.2,osm_levels,17.458263397216797,1,1,0.0,0.24266858398914337,67.5
miami,9a060c071b0816b8,25.766963,-80.183582,118.4,60.0,5,,default,15.509415626525879,1,1,0.0,0.2501737177371979,40.76
miami,e932297809b8a0af,25.765281,-80.184101,755.3,123.4,7,,default,12.831013679504395,1,1,0.0,0.16986800730228424,97.75
miami,4bf4cef290b578bc,25.767974,-80.183901,2880.2,325.0,17,60.800000000000004,osm_levels,12.569156646728516,1,1,0.0,0.366247296333313,54.75
miami,948dc8d3d54cdd69,25.769531,-80.191685,3045.1,243.3,10,,default,11.48583984375,1,1,0.0,0.2501737177371979,124.12
miami,24d02946f1d26b2b,25.770423,-80.18927,2287.4,267.9,20,48.0,osm_levels,9.392531394958496,1,1,0.0,0.366247296333313,56.25
miami,8a21e618e558057e,25.773688,-80.186128,217.4,61.2,5,,default,9.243217468261719,1,1,0.0,0.2501737177371979,8.35
miami,ab70339350e77bec,25.785283,-80.188041,5567.4,505.3,27,6.4,osm_levels,9.09467601776123,1,1,0.0,0.33004051446914673,29.25
miami,0af6fe9bd37ec960,25.776033,-80.189821,832.9,129.3,9,,default,7.622415542602539,1,1,0.0,0.2501737177371979,127.97
miami,2927caeac1bbbe93,25.759011,-80.19037,2230.0,209.1,13,,default,5.766479969024658,1,1,0.0,0.2586252987384796,4.49
miami,8fc795d571e1307a,25.766403,-80.185759,1775.5,190.0,19,25.6,osm_levels,5.218358993530273,1,1,0.0,0.35739102959632874,35.42
miami,9d525700e6fa9e56,25.767144,-80.184574,127.4,61.7,5,,default,3.3720364570617676,1,1,0.0,0.2501737177371979,61.12
miami,6d22048d6ed41029,25.772264,-80.190653,4029.7,270.6,25,44.800000000000004,osm_levels,0.0,1,1,0.0,0.3711259365081787,40.63
miami,3e9231ee4289a0cc,25.773022,-80.189599,7626.9,431.5,16,22.400000000000002,osm_levels,0.0,1,1,0.0,0.3711259365081787,48.89
miami,0fa730cf1cc04238,25.773928,-80.191754,530.3,109.9,5,41.6,osm_levels,0.0,1,1,0.0,0.3711259365081787,44.52
miami,05abe1188afb0a5b,25.774081,-80.190475,501.5,97.0,7,35.2,osm_levels,0.0,1,1,0.0,0.3711259365081787,43.06
miami,7ee0ecee096dbaee,25.772139,-80.162867,39.9,25.4,5,,default,0.0,1,1,0.0,0.6059096455574036,6.4
prague_pankrac,56649a3946959ea1,50.049193,14.438148,934.4,122.8,5,80.0,osm_levels,113.14077758789062,3,1,1.2833633422851562,0.3410242199897766,76.25
prague_pankrac,46097fc6cf68a101,50.049205,14.435933,3134.9,267.1,9,96.0,osm_levels,71.63082885742188,3,1,13.000663757324219,0.5282201170921326,105.71
prague_pankrac,537db343ac340c34,50.0509,14.439352,285.5,81.2,13,,default,59.50224685668945,3,1,1.3771095275878906,0.2337900698184967,16.21
prague_pankrac,a9d81131511d5cd6,50.051473,14.440526,743.2,123.1,5,32.0,osm_levels,54.51217269897461,3,1,5.983024597167969,0.5966573357582092,37.24
prague_pankrac,847018fc9b7b40f6,50.048594,14.432706,1011.5,203.0,13,16.0,osm_levels,14.884281158447266,3,1,1.114330768585205,0.34216195344924927,11.64
prague_pankrac,d77259e810daf867,50.050813,14.438146,3762.8,562.7,29,,default,13.458837509155273,3,1,9.813056945800781,0.36426427960395813,23.48
prague_pankrac,81fb12ae1817e3ff,50.050146,14.443182,9261.2,414.8,9,,default,102.05599975585938,2,1,1.6675834655761719,0.2337900698184967,18.16
prague_pankrac,ddbcdcd36d3a1eb9,50.04938,14.43633,944.0,123.5,5,,default,82.69054412841797,2,1,12.274673461914062,0.23760360479354858,106.42
prague_pankrac,2d309dc696d6082f,50.052313,14.439536,187.3,57.0,7,25.6,osm_levels,67.19127655029297,2,1,5.439668655395508,0.3270276188850403,26.48
prague_pankrac,acc48a59c7c40f6d,50.050375,14.436164,2012.6,204.6,9,99.2,osm_levels,56.57847595214844,2,1,2.303314208984375,0.3394337296485901,113.35
prague_pankrac,4bd2211f0140e1d9,50.048834,14.430589,167.6,55.7,5,,default,19.513277053833008,2,1,1.992218017578125,0.2370223104953766,10.87
prague_pankrac,16d5764831a3fb4c,50.047557,14.43174,1010.0,203.7,13,28.8,osm_levels,15.792128562927246,2,1,8.09134578704834,0.9016009569168091,25.0
prague_pankrac,ec0629a3ac6d54ed,50.05442,14.427016,162.8,51.3,5,,default,125.96826171875,1,1,0.0,0.2334975004196167,12.66
prague_pankrac,295e2546642206c7,50.052245,14.437734,534.1,128.2,5,41.6,osm_levels,78.02223205566406,1,1,0.0,0.32379665970802307,37.47
prague_pankrac,fc41ed04949bb37e,50.052081,14.440285,1916.5,285.4,11,22.400000000000002,osm_levels,62.65266418457031,1,1,0.0,0.327446848154068,24.15
prague_pankrac,f3fe7af8705418e6,50.050863,14.440777,333.4,198.3,8,28.8,osm_levels,57.19066619873047,1,1,0.0,0.34136319160461426,23.58
prague_pankrac,88ef815c428cf26c,50.047709,14.428867,159.3,56.2,19,16.0,osm_levels,26.36121368408203,1,1,0.0,0.34363871812820435,14.68
prague_pankrac,1f905f806f0a3dc9,50.048301,14.429027,252.8,64.4,5,25.6,osm_levels,21.358097076416016,1,1,0.0,0.34363871812820435,26.74
prague_pankrac,7c7e8cf0bad718f6,50.047613,14.433992,3099.1,526.7,60,28.8,osm_levels,12.39094352722168,1,1,0.0,0.9060999155044556,25.52
prague_pankrac,6962af275648233b,50.04827,14.43061,3141.1,241.5,9,6.4,osm_levels,8.415963172912598,1,1,0.0,0.34363871812820435,16.38
prague_pankrac,3f324a94f7f85756,50.049172,14.44381,3774.8,247.0,5,22.400000000000002,osm_levels,1.7755552530288696,1,1,0.0,0.34136319160461426,28.52
prague_pankrac,611a224822c987a2,50.047738,14.432407,1010.0,203.7,13,28.8,osm_levels,1.7670981884002686,1,1,0.0,0.3406852185726166,24.89
seattle,ebe8a316396d5737,47.598613,-122.336472,1955.7,245.4,5,,default,104.71084594726562,4,2,5.17041015625,0.2508305311203003,12.95
seattle,ade6df4cad1e5a40,47.597566,-122.333687,3967.9,267.0,5,,default,73.52912902832031,4,1,6.688079833984375,0.24567455053329468,25.18
seattle,562ef7fed1df2c3d,47.59599,-122.333573,1554.9,194.0,5,32.0,osm_levels,53.70965576171875,4,1,5.123012542724609,0.35570451617240906,37.69
seattle,4ede69885b0e2bdd,47.595067,-122.333721,804.0,115.1,9,,default,34.328372955322266,4,1,0.5491561889648438,0.24783293902873993,18.04
seattle,043041ff49d239db,47.594555,-122.333682,1900.4,174.9,7,,default,27.94175148010254,4,1,2.1884098052978516,0.2438197284936905,6.11
seattle,083370c72b347f95,47.593276,-122.332269,16736.7,533.4,7,,default,27.55573844909668,4,1,0.9351119995117188,0.2438197284936905,16.18
seattle,4170067e2ea46dc0,47.595136,-122.331658,49401.7,879.0,44,,default,27.291412353515625,4,1,5.858731269836426,0.2467656284570694,59.95
seattle,0ae822553728f027,47.59337,-122.333683,1581.0,160.9,7,16.0,osm_levels,19.766523361206055,4,1,0.8941726684570312,0.4804760217666626,19.29
seattle,3f9f16d6ea750c3f,47.648474,-122.331728,2420.5,225.3,12,,default,189.24560546875,3,1,1.3516921997070312,0.2532420754432678,14.77
seattle,28d278c668db183d,47.647131,-122.332574,209.6,64.5,5,,default,162.16680908203125,3,1,8.292648315429688,0.24952729046344757,4.49
seattle,f6970bf2a8a39cc8,47.646908,-122.3391,965.1,177.2,7,,default,152.01406860351562,3,1,2.6911544799804688,0.45771580934524536,10.53
seattle,4ff160cc3293973f,47.646267,-122.333662,58.3,35.2,5,,default,150.4638214111328,3,1,0.4548492431640625,0.24952729046344757,8.82
seattle,26d95bcee257217d,47.646072,-122.333367,786.0,138.3,9,,default,147.15789794921875,3,1,1.013397216796875,0.2492009401321411,13.07
seattle,e22888df555a35cc,47.645903,-122.333402,901.2,148.8,17,,default,145.67041015625,3,1,0.9377517700195312,0.2492009401321411,13.17
seattle,6071f207789c2fe9,47.645632,-122.337054,250.6,66.5,5,,default,145.11184692382812,3,1,0.5576095581054688,0.2532420754432678,7.99
seattle,740751af563ab6dd,47.645362,-122.337089,60.3,31.8,5,,default,143.24632263183594,3,1,0.550811767578125,0.2532420754432678,4.96
seattle,25b18f6614102380,47.647372,-122.340878,1247.9,170.5,9,,default,141.74090576171875,3,1,2.5981903076171875,0.4447336494922638,15.64
seattle,ad97258cd3c1f8cd,47.645706,-122.33759,365.5,85.3,9,,default,140.28489685058594,3,1,4.5008087158203125,0.24952729046344757,6.67
seattle,125583896eb168eb,47.593738,-122.324247,2255.7,200.9,7,,default,130.63705444335938,3,1,5.059326171875,0.2438197284936905,12.97
seattle,ce0aa27851c11541,47.648278,-122.342388,728.6,113.3,5,,default,120.40679931640625,3,1,2.2024917602539062,0.24613887071609497,12.84
seattle,9d2dc5d82db50d39,47.597855,-122.33096,4291.8,319.8,28,,default,110.91107940673828,3,1,5.095100402832031,0.24227489531040192,79.13
seattle,9a6d5f1ae0f70a53,47.597753,-122.331039,1479.7,219.5,13,,default,110.24482727050781,3,1,4.428852081298828,0.24227489531040192,80.47
seattle,0db7aa6596059b78,47.636935,-122.328807,349.0,87.2,5,,default,105.76146697998047,3,1,3.7603912353515625,0.25604698061943054,7.37
seattle,5eb10ef0c1f7f9eb,47.63719,-122.32877,789.0,140.7,15,,default,105.09548950195312,3,1,0.9546127319335938,0.25604698061943054,5.13
seattle,11305c1f4d1b1df9,47.635414,-122.32773,994.8,158.8,9,,default,101.78307342529297,3,1,1.4417266845703125,0.2589804530143738,8.74
seattle,c22152598cf631e3,47.598314,-122.336145,29.7,22.8,5,,default,87.275146484375,3,1,8.798179626464844,0.24595195055007935,3.48
seattle,464a733063f499f4,47.596679,-122.331585,47.4,32.9,5,,default,85.5120849609375,3,1,3.3840789794921875,0.24783293902873993,4.19
seattle,47f6ddcac2738aaf,47.596537,-122.332236,77.1,49.5,5,,default,72.70867919921875,3,1,2.3618392944335938,0.24227489531040192,4.62
seattle,3a27a6b27a691d4d,47.631076,-122.34189,1906.0,213.6,15,,default,65.36906433105469,3,1,2.1807479858398438,0.24099719524383545,33.83
seattle,a180f37ef2da6214,47.633283,-122.339832,653.3,116.0,5,,default,65.35054779052734,3,1,7.9387664794921875,0.24613386392593384,11.01
seattle,c4eb1c1ffbdc6837,47.59631,-122.333683,1028.9,135.1,6,22.400000000000002,osm_levels,64.24066162109375,3,1,0.00145721435546875,0.5387440323829651,29.3
seattle,c49492ce0d516b5c,47.597028,-122.336596,567.6,101.5,19,,default,63.19746780395508,3,1,23.498172760009766,0.24595195055007935,13.8
seattle,6d8dba18e7e425c7,47.631316,-122.341355,1176.4,142.7,9,,default,61.554908752441406,3,1,0.06525802612304688,0.3719137907028198,10.88
seattle,657358f61e8e0901,47.596989,-122.337199,218.4,77.9,5,,default,52.674354553222656,3,1,0.5258350372314453,0.24700811505317688,5.45
seattle,31a389bf52e9dfae,47.634381,-122.339662,1177.4,144.0,5,22.400000000000002,osm_levels,51.97855758666992,3,1,7.351367950439453,0.35161980986595154,31.27
seattle,e6e79ec42c1cd25f,47.630554,-122.340279,18.9,17.9,5,,default,50.51801681518555,3,1,2.3598098754882812,0.24099719524383545,2.62
seattle,7c0f3f3cfdaa049a,47.597475,-122.334702,4323.1,309.7,8,22.400000000000002,osm_levels,48.17683029174805,3,1,2.5882911682128906,0.35135993361473083,29.52
seattle,8bd20fa2ab291659,47.593946,-122.331778,759.4,171.4,9,,default,45.511314392089844,3,1,1.8846473693847656,0.2438197284936905,29.01
seattle,414b961449a06e79,47.596888,-122.335194,1628.2,218.9,17,,default,43.89720153808594,3,1,0.3949851989746094,0.24595195055007935,19.58
seattle,0793123517f0ba43,47.592252,-122.330707,503.3,182.7,5,,default,38.622005462646484,3,1,3.8332557678222656,0.2372768521308899,53.53
seattle,637e4a7b09024e24,47.629988,-122.339604,1254.5,138.3,9,35.2,osm_levels,37.55623245239258,3,1,0.1118316650390625,0.34428170323371887,46.05
seattle,005f3d25650d5520,47.62754,-122.340574,3491.5,337.2,20,25.6,osm_levels,35.99384689331055,3,1,5.369129180908203,0.34865179657936096,23.16
seattle,4446c16b2a844242,47.594848,-122.333679,1046.6,137.4,5,16.0,osm_levels,32.51255798339844,3,1,1.4738483428955078,0.3540470600128174,19.3
seattle,6814032e8a2f9f03,47.594031,-122.333728,944.8,128.0,5,22.400000000000002,osm_levels,24.60355567932129,3,1,0.09231185913085938,0.3483138978481293,26.79
seattle,398cbc6a2daa9e51,47.592709,-122.333719,1602.5,219.6,9,28.8,osm_levels,24.57763671875,3,1,12.3985013961792,0.5093958377838135,29.2
seattle,f5757f618cc759b7,47.593997,-122.333761,1183.8,157.8,7,,default,23.80260467529297,3,1,0.0072574615478515625,0.2438197284936905,26.6
seattle,d68f129cb095aff7,47.593639,-122.333687,829.6,127.2,5,22.400000000000002,osm_levels,21.51103401184082,3,1,0.34230804443359375,0.3483138978481293,20.69
seattle,797d661f20a06239,47.591333,-122.332712,41955.6,946.8,31,,default,14.082951545715332,3,1,2.790225028991699,0.2372768521308899,65.06
seattle,c5201917babfba11,47.647419,-122.332096,54.8,32.4,5,,default,179.3822479248047,2,1,3.4991302490234375,0.2532420754432678,5.88
seattle,93cb5fa65cc5b249,47.641178,-122.329128,358.4,83.9,18,,default,149.29696655273438,2,1,2.8934402465820312,0.2532420754432678,11.43
seattle,e95eac7015d08357,47.59612,-122.324652,834.6,121.6,7,,default,145.67129516601562,2,1,1.7840957641601562,0.24982959032058716,6.41
seattle,e41808c21ffa0792,47.639252,-122.328945,159.5,55.8,11,,default,129.214111328125,2,1,3.1622695922851562,0.2589804530143738,13.73
seattle,b9820b4db18efc63,47.638424,-122.329237,91.0,39.5,9,,default,123.86688232421875,2,1,2.922618865966797,0.2589804530143738,8.11
seattle,67fb913b012bef59,47.634975,-122.327528,379.4,86.6,5,,default,121.12222290039062,2,1,13.624530792236328,0.25591838359832764,7.95
seattle,b06fcffaa3e1418b,47.602728,-122.3356,942.3,123.3,5,,default,120.21243286132812,2,1,22.224628448486328,0.24815672636032104,18.1
seattle,550b7922b5b23e28,47.634867,-122.327562,200.7,77.4,7,,default,120.01907348632812,2,1,13.325946807861328,0.25591838359832764,7.86
seattle,420e55f227608fdb,47.601574,-122.335733,144.4,55.5,7,,default,107.87948608398438,2,1,17.247486114501953,0.24815672636032104,12.5
seattle,c93df9173b3c2eed,47.597674,-122.332081,1207.1,144.3,8,86.4,osm_levels,103.47100067138672,2,1,2.6880035400390625,0.3522742986679077,81.77
seattle,be7a12552c2bd220,47.593436,-122.326624,7519.5,380.8,10,,default,95.47825622558594,2,1,5.254009246826172,0.24537451565265656,8.21
seattle,37d219d93e04f340,47.597861,-122.332431,6617.9,336.5,9,,default,94.44258117675781,2,1,3.3781204223632812,0.24227489531040192,78.9
seattle,905f4d6e411191d5,47.625848,-122.341645,4232.4,361.6,18,,default,68.850830078125,2,1,1.2430763244628906,0.4542679190635681,60.91
seattle,0fff85416928e5ee,47.626043,-122.341666,1880.6,200.7,10,48.0,osm_levels,68.27384948730469,2,1,3.019947052001953,0.35154932737350464,64.08
seattle,35818c1ff7270f6a,47.596451,-122.333685,390.7,108.6,5,25.6,osm_levels,65.22149658203125,2,1,1.513580322265625,0.3522742986679077,27.44
seattle,284004de3cd8c00b,47.595164,-122.330582,10139.2,491.5,20,,default,64.73468780517578,2,1,1.4363460540771484,0.24982959032058716,64.27
seattle,20d294eafa8b3a8f,47.598675,-122.335203,2023.8,185.4,7,28.8,osm_levels,63.819725036621094,2,1,4.1783905029296875,0.3545096218585968,36.09
seattle,fe844bc960428c7f,47.622975,-122.334838,1119.7,146.2,16,99.2,osm_levels,56.89216232299805,2,1,1.8082771301269531,0.35202091932296753,90.53
seattle,1dd60cf23e28f2b7,47.598074,-122.333686,1121.3,140.5,5,22.400000000000002,osm_levels,53.45173645019531,2,1,5.695533752441406,0.3528687357902527,27.42
seattle,ee6c60deb1ffd11d,47.622415,-122.333806,530.8,117.7,8,89.60000000000001,osm_levels,51.25711441040039,2,1,0.1749420166015625,0.35202091932296753,59.11
seattle,0bad44cf63d63bb2,47.592196,-122.332341,1582.7,217.6,5,,default,50.169403076171875,2,1,35.13323211669922,0.22644078731536865,37.36
seattle,35f269a48dcb40e6,47.623617,-122.334842,566.6,97.6,5,44.800000000000004,osm_levels,50.00918960571289,2,1,1.06585693359375,0.35202091932296753,59.1
seattle,c7aa393da300c5e7,47.629902,-122.34163,1275.7,180.6,5,19.200000000000003,osm_levels,49.59416961669922,2,1,0.22764015197753906,0.34349560737609863,34.17
seattle,5d1a60a097250ba8,47.626336,-122.339405,1195.2,154.8,8,,default,49.164710998535156,2,1,1.9050731658935547,0.24608451128005981,9.32
seattle,e67980a570244cc5,47.623617,-122.334853,3039.6,236.5,13,,default,48.47504806518555,2,1,0.41193389892578125,0.24641463160514832,57.72
seattle,3dca7bae10d413b2,47.623617,-122.33484,2854.6,226.2,9,41.6,osm_levels,47.92351531982422,2,1,0.9634685516357422,0.35202091932296753,57.74
seattle,845a0854531a6cbc,47.630305,-122.340304,273.1,95.2,15,,default,46.63545227050781,2,1,0.1293659210205078,0.24044692516326904,6.61
seattle,f045f2cd7dcfdaef,47.628337,-122.341409,2432.7,203.2,5,,default,40.90216827392578,2,1,0.9517555236816406,0.24044692516326904,9.95
seattle,ce9b108fcab0b1b0,47.593268,-122.331082,10082.3,456.9,11,28.8,osm_levels,39.021644592285156,2,1,7.02696418762207,0.3298512101173401,21.87
seattle,cee28a56ad5cec8d,47.625294,-122.3364,4189.2,357.0,21,19.200000000000003,osm_levels,37.23460388183594,2,1,5.093479156494141,0.35202091932296753,31.82
seattle,5d0227f6888b5898,47.629096,-122.340283,85.8,37.4,7,,default,34.39447784423828,2,1,0.07411003112792969,0.24044692516326904,6.96
seattle,db73b77e3660832f,47.626368,-122.335931,38.9,27.5,5,,default,31.536144256591797,2,1,2.2371702194213867,0.24641463160514832,5.52
seattle,9d9c013cc68ed065,47.628571,-122.339823,293.0,69.6,5,,default,30.400598526000977,2,1,0.2962913513183594,0.24044692516326904,7.97
seattle,ee62e5006b2d8da3,47.625225,-122.335445,2983.2,240.0,5,41.6,osm_levels,29.50699806213379,2,1,5.041723251342773,0.35202091932296753,57.42
seattle,48a955e4bd942ea1,47.591227,-122.331433,694.9,138.4,6,,default,28.331398010253906,2,1,0.8134756088256836,0.22644078731536865,82.26
seattle,5d1df1f5626ddd0b,47.591042,-122.333367,1120.9,133.6,11,,default,27.304885864257812,2,1,0.2620229721069336,0.22644078731536865,23.84
seattle,6dd8e982edd15c00,47.591389,-122.333322,1373.5,155.0,8,,default,24.75244903564453,2,1,0.06876468658447266,0.22644078731536865,22.94
seattle,25d41d11c85016f2,47.591115,-122.332749,6964.2,888.8,41,,default,22.21417999267578,2,1,1.4446477890014648,0.22644078731536865,67.45
seattle,12d5f5468b6b8ccc,47.626729,-122.334903,1087.9,170.1,28,,default,15.224689483642578,2,1,2.8766231536865234,0.24641463160514832,11.34
seattle,a467525e68338b17,47.628427,-122.329989,10623.4,626.9,68,,default,6.871632099151611,2,1,3.8624653816223145,0.44770026206970215,29.74
seattle,e2e28d2ee268f874,47.585217,-122.354471,945.8,150.8,17,,default,310.8678894042969,1,1,0.0,0.25787633657455444,14.62
seattle,564ffbcd0983cfb4,47.585557,-122.354545,767.0,112.1,5,,default,306.77252197265625,1,1,0.0,0.25787633657455444,15.81
seattle,3e726338e48ca559,47.585705,-122.353893,388.9,79.7,5,,default,292.7657165527344,1,1,0.0,0.25787633657455444,13.33
seattle,dd20182b51ccbf82,47.585243,-122.353492,440.8,75.2,17,,default,291.6023864746094,1,1,0.0,0.25787633657455444,14.92
seattle,6c71a4d72869fa67,47.584506,-122.373915,681.6,120.7,7,,default,285.0536193847656,1,1,0.0,0.21286582946777344,10.57
seattle,0e5b749e2439e514,47.606446,-122.339879,1496.5,156.1,5,,default,268.52294921875,1,1,0.0,0.2584754228591919,53.22
seattle,bda621e823a262c4,47.651618,-122.328888,40.8,27.3,5,,default,228.95126342773438,1,1,0.0,0.25630414485931396,3.01
seattle,c5be09863e67035a,47.651605,-122.329334,88.5,41.3,5,,default,228.457275390625,1,1,0.0,0.6819131970405579,4.2
seattle,280ded10a0e7f1de,47.58668,-122.334716,2548.7,209.3,9,,default,223.24790954589844,1,1,0.0,0.22108153998851776,7.37
seattle,c3f44dd830b88df3,47.65102,-122.329856,197.9,73.0,10,,default,222.361572265625,1,1,0.0,0.25630414485931396,4.05
seattle,20040daa32d14bc5,47.587431,-122.334693,1637.7,163.3,7,,default,196.720458984375,1,1,0.0,0.22108153998851776,5.89
seattle,66bda75e9d022b53,47.591866,-122.327564,8.5,13.3,5,,default,183.3839111328125,1,1,0.0,0.25894901156425476,1.43
seattle,fd30c3771af6bd39,47.597674,-122.323414,425.1,85.4,5,,default,176.89549255371094,1,1,0.0,0.24383960664272308,12.24
seattle,5e581739d9e8dd1f,47.649542,-122.331172,837.8,127.6,7,,default,175.2191619873047,1,1,0.0,0.24209775030612946,15.03
seattle,e94e0270e163d526,47.593711,-122.341187,200.2,60.6,5,,default,167.9755401611328,1,1,0.0,0.24899186193943024,8.12
seattle,3bde91f875454ec3,47.593694,-122.341069,99.9,50.6,5,,default,166.8055877685547,1,1,0.0,0.24899186193943024,4.53
seattle,a8ebd6feb7bedc88,47.598531,-122.329902,4854.1,330.7,16,,default,164.12489318847656,1,1,0.0,0.2524738609790802,22.55
seattle,123e7f2a2c119032,47.64804,-122.332191,1935.0,314.4,40,,default,158.0841064453125,1,1,0.0,0.24209775030612946,10.02
seattle,c7dc1d771e594195,47.648873,-122.343786,322.3,70.5,7,,default,156.33924865722656,1,1,0.0,0.25630414485931396,4.58
seattle,4a65fdb75ffe7663,47.598078,-122.330981,896.8,146.3,21,,default,154.78602600097656,1,1,0.0,0.2524738609790802,77.78
seattle,5ee32ffad5c0c4e6,47.64135,-122.329114,198.1,60.2,5,,default,142.1245574951172,1,1,0.0,0.25630414485931396,10.99
seattle,8582bcc33cce5dac,47.641686,-122.329191,399.0,83.7,9,,default,138.14761352539062,1,1,0.0,0.25630414485931396,6.42
seattle,185125e592c25063,47.58993,-122.335483,1959.8,192.9,7,,default,131.81857299804688,1,1,0.0,0.22108153998851776,9.84
seattle,904419a7844e8506,47.589912,-122.336217,2702.2,215.0,8,,default,131.75537109375,1,1,0.0,0.22108153998851776,18.98
seattle,60666aca3ed6a399,47.649033,-122.344989,293.1,71.6,11,,default,128.8544464111328,1,1,0.0,0.25630414485931396,13.98
seattle,cf984b7f474514eb,47.637596,-122.328814,151.7,51.4,9,,default,115.2583236694336,1,1,0.0,0.25630414485931396,15.48
seattle,3c3320fe493791b2,47.586908,-122.331694,1194.9,196.7,7,,default,111.28457641601562,1,1,0.0,0.22108153998851776,7.19
seattle,46306425f81b2e35,47.584048,-122.367854,466.0,91.1,9,,default,110.3427963256836,1,1,0.0,0.25787633657455444,7.17
seattle,21b2d34b27b77adf,47.622678,-122.341947,373.5,120.1,9,83.2,osm_levels,108.01898193359375,1,1,0.0,0.35896408557891846,58.4
seattle,d3e0c406dc1b57a0,47.6376,-122.329126,191.6,59.5,7,,default,106.88860321044922,1,1,0.0,0.261656790971756,11.66
seattle,87fd3ee5a27899ca,47.622645,-122.341938,1911.5,196.5,9,70.4,osm_levels,106.88565826416016,1,1,0.0,0.35896408557891846,57.28
seattle,12d92f6b791f74a5,47.588888,-122.333703,4607.8,301.6,13,,default,104.76985168457031,1,1,0.0,0.22108153998851776,9.64
seattle,3818e06ffe97d4ee,47.642866,-122.342898,1192.9,159.6,9,,default,96.68831634521484,1,1,0.0,0.25630414485931396,9.07
seattle,8f446b9d36eae096,47.602479,-122.335374,969.6,125.1,5,,default,95.42121887207031,1,1,0.0,0.2524738609790802,27.38
seattle,937cf9a297888451,47.590809,-122.335689,1447.1,207.5,11,,default,93.36241912841797,1,1,0.0,0.22108153998851776,7.13
seattle,03f5705f6ab78fc9,47.625711,-122.345291,1524.3,190.5,7,,default,83.97115325927734,1,1,0.0,0.25127485394477844,9.66
seattle,2600ae7f31064a1b,47.626079,-122.344543,703.1,116.9,5,,default,80.29180908203125,1,1,0.0,0.25127485394477844,10.93
seattle,7a45215a299b23d8,47.626085,-122.34409,406.3,103.0,15,,default,77.42684173583984,1,1,0.0,0.25127485394477844,9.22
seattle,5539bf65941eaf99,47.588695,-122.380864,738.1,143.8,21,,default,76.3593521118164,1,1,0.0,0.20137131214141846,16.77
seattle,11a19fbe09494754,47.58642,-122.329703,165.4,60.0,5,,default,72.60477447509766,1,1,0.0,0.23180001974105835,5.85
seattle,96a9e5c8c445fe8d,47.595959,-122.331636,1261.3,148.4,9,,default,72.25592041015625,1,1,0.0,0.24071018397808075,63.59
seattle,fff08eedd52fe5be,47.587678,-122.331663,166.1,56.5,5,,default,67.79674530029297,1,1,0.0,0.22108153998851776,6.76
seattle,fa87f406a4ef7f77,47.590812,-122.334733,3363.7,311.4,14,,default,66.2838363647461,1,1,0.0,0.22108153998851776,10.48
seattle,613a1c511e004855,47.590319,-122.325436,2185.7,193.4,9,,default,63.202056884765625,1,1,0.0,0.22108153998851776,14.63
seattle,6aa964007de6b4bc,47.630796,-122.341378,333.3,92.6,9,,default,62.89143753051758,1,1,0.0,0.24089418351650238,8.84
seattle,b1faa8d8ddfb6948,47.630678,-122.327922,193.1,63.6,9,,default,60.31602478027344,1,1,0.0,0.261656790971756,14.99
seattle,7637ce0da43d38e8,47.62517,-122.339056,4700.3,286.4,15,22.400000000000002,osm_levels,59.15608596801758,1,1,0.0,0.35896408557891846,31.14
seattle,e8c4382b1cbd2368,47.622963,-122.334843,1339.6,163.8,23,28.8,osm_levels,58.700439453125,1,1,0.0,0.35896408557891846,90.46
seattle,440fc028a28b5f9f,47.630382,-122.328342,834.2,120.6,7,32.0,osm_levels,53.416893005371094,1,1,0.0,0.37379539012908936,24.66
seattle,a70fce0134f6ab75,47.622447,-122.333877,1653.8,183.7,14,54.400000000000006,osm_levels,52.025691986083984,1,1,0.0,0.35896408557891846,58.91
seattle,582b90cfe46d05bd,47.630338,-122.328379,1805.5,196.4,56,25.6,osm_levels,50.623844146728516,1,1,0.0,0.37379539012908936,24.43
seattle,8d9d3f314442e555,47.625014,-122.336739,1342.6,143.4,9,19.200000000000003,osm_levels,47.56718063354492,1,1,0.0,0.35896408557891846,57.62
seattle,0d1629d333244d2a,47.589252,-122.330826,5042.2,449.8,5,,default,47.277713775634766,1,1,0.0,0.23180001974105835,17.57
seattle,41ea3297de21bd4f,47.626217,-122.33786,56.6,34.4,9,,default,47.03629684448242,1,1,0.0,0.25127485394477844,2.17
seattle,a68342342b57bf1f,47.624228,-122.336484,3268.7,253.9,17,19.200000000000003,osm_levels,44.486480712890625,1,1,0.0,0.3450777232646942,27.43
seattle,b070a8090426c5c8,47.630295,-122.330058,82.4,36.8,5,,default,44.39141845703125,1,1,0.0,0.261656790971756,5.42
seattle,6a74f70a1c4bfe23,47.625392,-122.336407,938.6,137.8,7,44.800000000000004,osm_levels,43.00447082519531,1,1,0.0,0.35896408557891846,31.82
seattle,167ce58b47ac2f01,47.625422,-122.336468,2499.9,210.0,7,38.400000000000006,osm_levels,42.495296478271484,1,1,0.0,0.35896408557891846,31.93
seattle,a7a3052671ee2050,47.625435,-122.336482,2705.6,216.3,5,28.8,osm_levels,42.32808303833008,1,1,0.0,0.35896408557891846,31.88
seattle,2dd8a7a254de2a55,47.629966,-122.330018,278.9,71.4,5,,default,39.60592269897461,1,1,0.0,0.261656790971756,11.02
seattle,8393930df99f1404,47.589866,-122.331878,680.7,106.4,5,,default,39.58258056640625,1,1,0.0,0.23180001974105835,6.61
seattle,75af34432a1ec7f6,47.589273,-122.332483,9599.5,465.3,15,19.200000000000003,osm_levels,38.43682861328125,1,1,0.0,0.3158307671546936,16.73
seattle,97ceebe511d52b53,47.628234,-122.340734,592.6,101.8,5,12.8,osm_levels,38.25516128540039,1,1,0.0,0.3428567051887512,16.82
seattle,9e4cd952be79e07a,47.629855,-122.330411,888.8,133.9,24,,default,35.8759880065918,1,1,0.0,0.261656790971756,10.75
seattle,9ccfe4530d2ad8ea,47.591767,-122.334861,2422.1,290.4,21,12.8,osm_levels,33.462650299072266,1,1,0.0,0.3158307671546936,11.79
seattle,6f0244403054f700,47.629479,-122.329516,21.6,21.5,5,,default,30.74726104736328,1,1,0.0,0.261656790971756,7.71
seattle,4c463b181fe82ede,47.590944,-122.331645,411.4,90.5,8,,default,28.130102157592773,1,1,0.0,0.23180001974105835,63.85
seattle,28f7b46958c96b2a,47.595162,-122.332695,9966.6,490.5,20,,default,27.17537498474121,1,1,0.0,0.23180001974105835,61.62
seattle,7996b2b1b4107ca7,47.592056,-122.331635,16.4,17.5,5,,default,22.697988510131836,1,1,0.0,0.22108153998851776,9.77
seattle,5e3184f0e3b05a6f,47.627582,-122.336633,1316.6,147.0,5,,default,21.694698333740234,1,1,0.0,0.25127485394477844,18.91
seattle,9e32de5b2c0ad0a1,47.592103,-122.33267,41.7,33.1,5,,default,21.06865692138672,1,1,0.0,0.23180001974105835,9.59
seattle,d2b37221e7a03bcf,47.592061,-122.332666,48.6,32.7,5,,default,20.385778427124023,1,1,0.0,0.22108153998851776,2.18
seattle,f9a486eddf1fbdef,47.627587,-122.336619,2765.9,218.3,14,9.600000000000001,osm_levels,20.142324447631836,1,1,0.0,0.35896408557891846,18.84
seattle,fbab010bfb520614,47.591981,-122.332972,803.1,118.3,11,,default,19.408485412597656,1,1,0.0,0.22108153998851776,23.28
seattle,205fdb2f5e340d1e,47.594248,-122.388369,692.2,114.6,25,22.400000000000002,osm_levels,18.852807998657227,1,1,0.0,0.27680784463882446,21.99
seattle,7f97127fee030b01,47.626362,-122.333146,4687.5,407.4,43,25.6,osm_levels,9.067008018493652,1,1,0.0,0.3450777232646942,25.79
seattle,834fd632f9ef83f0,47.628808,-122.331813,1557.5,204.7,19,,default,8.534563064575195,1,1,0.0,0.261656790971756,10.99
