city,photo,tower,dist_m,width_deg,osm_angle_deg,prominence_deg,photo_m,osm_m,n_other_photos,other_photos_median_m,truth_m
miami,p4,242,1687,0.397,4.338,1.053,133.1,130.0,1,165.2,131.04
miami,p4,308,1279,0.397,6.821,1.657,175.7,155.0,5,168.8,168.17
miami,p4,309,1347,0.397,6.356,2.737,68.6,152.0,4,99.2,168.23
miami,p4,428,1655,0.985,8.046,0.043,253.8,236.0,6,242.6,236.66
miami,p4,437,1357,0.397,6.851,0.03,68.3,165.0,6,186.9,168.59
miami,p4,440,1288,1.526,7.21,0.359,170.4,165.0,5,188.0,168.52
miami,p4,487,1856,1.224,4.468,0.007,178.0,147.0,9,140.8,144.84
miami,p4,496,1847,1.367,5.844,0.317,194.8,191.0,3,199.4,183.25
miami,p4,497,1585,1.208,5.264,0.159,174.6,148.0,8,150.9,146.18
miami,p4,506,1485,0.795,5.69,0.0,149.2,150.0,7,143.2,138.45
miami,p4,508,1643,0.89,8.004,0.0,155.2,233.0,9,239.1,234.85
miami,p4,510,2245,0.397,3.619,0.007,115.5,144.0,3,142.8,143.16
miami,p4,529,1366,1.335,3.435,1.833,87.6,84.0,2,93.4,82.38
miami,p4,530,1438,0.413,5.164,0.194,186.6,132.0,2,144.2,131.53
miami,p4,533,2304,2.193,4.721,0.069,148.9,192.3,5,211.6,161.88
miami,p4,548,2648,2.638,5.673,0.434,251.0,265.0,7,241.0,252.18
miami,p4,549,1289,1.398,5.452,2.017,82.6,125.0,6,104.6,106.51
miami,p4,552,1799,3.512,6.188,0.096,211.1,197.0,9,200.7,198.26
miami,p4,556,1583,1.748,5.239,0.276,115.9,147.2,8,132.1,137.37
miami,p21,227,615,1.909,11.581,1.846,128.4,128.0,6,111.8,106.37
miami,p21,506,745,5.42,11.242,0.0,143.2,150.0,7,149.2,138.45
miami,p21,552,1062,0.23,10.404,1.213,205.6,197.0,9,200.7,198.26
miami,p71,8,1195,2.898,3.208,2.706,101.8,97.0,5,92.3,95.18
miami,p71,9,1213,2.238,4.62,2.892,143.4,128.0,7,124.7,126.81
miami,p71,10,1168,2.861,5.673,3.946,160.7,146.0,8,143.9,147.49
miami,p71,24,1569,0.367,4.264,0.533,112.1,147.0,2,130.7,136.31
miami,p71,56,1386,0.44,6.137,0.761,195.0,179.0,5,182.8,187.86
miami,p71,226,849,1.101,1.889,1.11,61.8,58.0,1,65.7,60.08
miami,p71,227,866,2.531,6.46,3.963,112.8,128.0,6,112.3,106.37
miami,p71,308,843,0.88,8.432,0.758,182.4,155.0,5,168.8,168.17
miami,p71,309,905,0.55,7.674,1.789,134.1,152.0,4,76.7,168.23
miami,p71,428,1084,1.394,10.761,0.059,241.6,236.0,6,243.8,236.66
miami,p71,437,918,2.201,8.37,0.696,194.3,165.0,6,182.7,168.59
miami,p71,440,848,1.614,9.042,0.611,195.7,165.0,5,185.3,168.52
miami,p71,484,1423,1.137,1.727,0.312,81.7,72.9,6,82.0,67.58
miami,p71,487,1238,2.238,5.399,0.028,144.1,147.0,9,140.8,144.84
miami,p71,497,998,0.44,6.745,0.608,146.4,148.0,8,154.8,146.18
miami,p71,506,947,4.182,7.219,0.0,137.5,150.0,7,149.2,138.45
miami,p71,508,1074,1.247,10.701,0.0,222.0,233.0,9,239.1,234.85
miami,p71,518,1040,1.871,2.438,0.435,81.7,74.3,1,59.3,70.66
miami,p71,530,990,0.954,5.885,0.348,134.4,132.0,2,170.2,131.53
miami,p71,533,1799,0.55,5.155,0.101,243.4,192.3,5,173.2,161.88
miami,p71,537,1449,1.908,3.57,0.104,179.4,120.4,0,,116.92
miami,p71,540,1128,1.284,2.497,0.609,81.7,79.2,2,82.9,78.78
miami,p71,548,2041,1.101,6.567,3.018,215.5,265.0,7,251.0,252.18
miami,p71,549,914,3.375,5.937,0.0,49.8,125.0,6,104.6,106.51
miami,p71,552,1238,2.972,7.683,0.214,200.3,197.0,9,201.6,198.26
miami,p71,556,972,7.007,6.877,0.452,131.6,147.2,8,130.4,137.37
miami,p84,123,2056,1.717,0.306,0.306,115.7,71.0,2,115.4,67.87
miami,p84,243,2120,1.288,2.916,0.045,121.3,168.0,2,129.4,18.91
miami,p84,244,2154,1.202,2.871,0.005,149.5,168.0,2,146.7,162.0
miami,p84,273,1807,3.297,3.578,1.798,163.9,173.0,3,162.0,161.98
miami,p84,303,1991,0.094,2.465,2.465,169.2,145.7,0,,143.33
miami,p84,304,1934,2.387,3.135,0.67,164.4,165.9,2,167.9,164.03
miami,p84,516,1786,0.902,1.78,1.474,118.0,115.5,2,113.8,107.19
miami,p84,542,2167,0.498,2.866,2.866,171.4,168.5,2,181.9,27.91
miami,p123,123,1736,2.119,0.363,0.363,116.3,71.0,2,115.1,67.87
miami,p123,243,1806,1.47,3.423,0.06,128.6,168.0,2,125.8,18.91
miami,p123,244,1838,1.355,3.363,0.009,146.0,168.0,2,148.4,162.0
miami,p123,273,1488,4.066,4.343,2.176,162.0,173.0,3,162.7,161.98
miami,p123,304,1617,2.882,3.748,0.394,168.1,165.9,2,166.1,164.03
miami,p123,516,1466,1.05,2.168,1.805,115.2,115.5,2,115.2,107.19
miami,p123,542,1851,0.401,3.354,3.354,182.3,168.5,2,176.5,27.91
miami,p124,5,2463,0.594,1.093,0.026,77.5,49.0,0,,43.38
miami,p124,9,2107,0.66,3.422,1.423,108.6,128.0,7,128.3,126.81
miami,p124,10,2135,0.957,3.858,0.424,144.8,146.0,8,148.2,147.49
miami,p124,24,2932,0.462,2.831,0.479,135.9,147.0,2,118.8,136.31
miami,p124,29,3793,0.594,1.51,0.192,194.5,102.0,2,76.5,81.27
miami,p124,51,3191,0.561,2.243,0.429,150.0,127.0,0,,124.9
miami,p124,52,3169,0.627,2.872,0.82,136.3,161.0,1,144.7,159.5
miami,p124,54,2626,0.99,3.856,0.303,180.0,179.0,5,175.1,184.72
miami,p124,56,2590,1.155,3.91,0.965,182.8,179.0,5,192.3,187.86
miami,p124,57,2895,1.518,3.716,2.168,146.9,190.0,1,205.7,111.51
miami,p124,61,2912,0.924,3.693,0.989,180.0,190.0,1,149.1,183.82
miami,p124,62,2985,0.363,2.705,0.461,178.7,143.0,2,156.9,141.84
miami,p124,74,2925,0.99,2.486,0.885,137.0,129.0,0,,141.94
miami,p124,83,3847,0.594,2.352,0.64,75.9,160.0,2,122.1,156.23
miami,p124,88,4573,0.726,1.178,0.172,55.1,96.0,0,,89.53
miami,p124,107,2949,0.363,1.671,0.069,131.0,88.0,0,,83.93
miami,p124,156,3275,1.254,1.137,0.194,107.6,67.0,0,,61.45
miami,p124,227,2471,1.155,2.918,0.184,134.8,128.0,6,111.8,106.37
miami,p124,270,2953,0.66,2.579,0.802,184.4,135.0,1,219.0,144.15
miami,p124,280,3484,0.693,3.154,2.27,217.7,194.0,3,138.9,194.05
miami,p124,288,3373,1.188,4.036,0.882,200.3,240.0,5,270.9,236.04
miami,p124,365,3580,0.429,1.913,0.006,86.9,121.6,2,139.8,118.08
miami,p124,386,2376,0.462,2.483,0.056,94.9,105.0,7,98.9,95.92
miami,p124,428,2472,0.792,5.408,0.022,236.3,236.0,6,243.8,236.66
miami,p124,437,2574,1.089,3.624,0.276,190.4,165.0,6,182.7,168.59
miami,p124,440,2520,0.495,3.701,0.223,188.0,165.0,5,185.3,168.52
miami,p124,481,2940,0.957,1.582,0.023,176.0,83.2,0,,77.83
miami,p124,487,2336,0.363,3.552,0.022,163.7,147.0,9,140.8,144.84
miami,p124,496,2821,1.023,3.832,0.239,199.4,191.0,3,194.8,183.25
miami,p124,499,3580,0.891,1.907,0.729,82.3,121.2,3,132.7,116.81
miami,p124,506,2450,1.75,3.457,0.0,150.6,150.0,7,143.2,138.45
miami,p124,508,2450,0.462,5.386,0.0,226.7,233.0,9,239.1,234.85
miami,p124,515,2453,1.188,1.774,0.552,59.2,78.0,0,,75.11
miami,p124,525,3347,2.311,1.598,0.24,185.5,95.4,0,,87.39
miami,p124,530,2629,0.891,2.831,0.089,153.9,132.0,2,160.5,131.53
miami,p124,548,3022,2.443,4.974,0.004,241.0,265.0,7,251.0,252.18
miami,p124,549,2614,1.023,2.694,1.306,164.8,125.0,6,88.2,106.51
miami,p124,552,2619,1.353,4.259,0.077,194.4,197.0,9,201.6,198.26
miami,p124,555,2918,2.476,4.077,0.211,270.6,210.0,1,210.5,205.68
miami,p124,557,2635,0.363,3.929,0.183,167.9,183.0,7,183.5,174.85
miami,p124,559,3365,0.297,1.922,0.0,221.2,114.9,1,75.4,106.53
miami,p135,123,1736,2.011,0.363,0.363,114.5,71.0,2,116.0,67.87
miami,p135,243,1806,1.466,3.423,0.06,130.2,168.0,2,124.9,18.91
miami,p135,244,1838,1.372,3.363,0.009,147.3,168.0,2,147.8,162.0
miami,p135,273,1488,4.079,4.344,2.176,162.7,173.0,3,162.0,161.98
miami,p135,304,1617,2.782,3.748,0.604,167.8,165.9,2,166.2,164.03
miami,p135,516,1466,1.147,2.168,1.805,112.5,115.5,2,116.6,107.19
miami,p135,542,1851,0.489,3.354,3.354,181.6,168.5,2,176.9,27.91
miami,p168,26,1627,1.918,0.704,0.704,47.5,80.0,1,82.4,72.37
miami,p168,27,1681,0.624,0.341,0.341,38.0,70.0,1,70.2,52.92
miami,p168,28,1755,1.962,0.457,0.116,37.8,74.0,1,71.6,66.78
miami,p168,29,1498,1.561,1.605,1.605,75.8,102.0,2,135.8,81.27
miami,p168,30,1665,1.873,0.344,0.344,91.2,70.0,0,,67.37
miami,p168,52,980,2.542,5.883,0.196,144.7,161.0,1,136.3,159.5
miami,p168,75,1354,2.23,4.349,1.329,188.6,163.0,0,,159.71
miami,p168,76,786,3.389,4.872,1.038,128.7,127.0,0,,123.05
miami,p168,77,817,1.338,4.691,4.691,181.9,127.0,0,,122.18
miami,p168,82,1507,2.274,1.482,1.482,82.3,99.0,0,,95.7
miami,p168,83,1556,2.765,3.678,3.678,75.4,160.0,2,122.4,156.23
miami,p168,105,1309,2.988,4.411,1.668,206.5,161.0,0,,155.24
miami,p168,106,976,3.389,7.356,1.792,195.9,186.0,0,,179.39
miami,p168,271,355,0.357,2.743,0.641,72.9,77.0,1,79.3,71.27
miami,p168,288,1331,2.096,7.7,3.009,271.8,240.0,5,250.9,236.04
miami,p168,319,215,8.919,21.189,9.096,111.2,143.5,1,139.1,144.41
miami,p168,320,825,0.892,0.868,0.868,60.2,72.5,0,,67.43
miami,p168,327,566,5.53,10.909,0.395,154.5,169.0,0,,162.39
miami,p168,365,1515,1.115,2.328,0.015,167.8,121.6,2,99.3,118.08
miami,p168,500,1280,0.491,4.228,1.008,130.1,154.6,3,174.6,144.45
miami,p168,543,1199,0.58,3.108,0.78,122.0,125.1,0,,121.71
miami,p168,548,1072,3.255,10.825,0.164,285.9,265.0,7,241.0,252.18
miami,p219,8,1053,3.994,2.012,2.012,96.1,97.0,5,92.3,95.18
miami,p219,9,1126,2.581,3.455,3.455,128.3,128.0,7,124.7,126.81
miami,p219,10,1055,3.472,4.66,4.088,158.9,146.0,8,143.9,147.49
miami,p219,227,489,2.949,7.909,2.648,108.6,128.0,6,113.3,106.37
miami,p219,385,1499,0.43,1.529,0.061,76.1,100.0,4,94.9,97.53
miami,p219,386,1512,0.737,1.705,0.176,70.2,105.0,7,98.9,95.92
miami,p219,484,1293,0.737,0.572,0.247,76.7,72.9,6,84.5,67.58
miami,p219,497,744,3.933,6.749,0.289,156.1,148.0,8,150.9,146.18
miami,p219,506,615,0.86,8.32,0.0,193.5,150.0,7,143.2,138.45
miami,p219,508,784,4.086,12.45,0.0,239.1,233.0,9,236.8,234.85
miami,p219,510,1381,2.857,3.48,0.011,163.0,144.0,3,131.3,143.16
miami,p219,533,1437,1.936,5.261,0.37,243.0,192.3,5,173.2,161.88
miami,p219,552,933,6.083,8.356,0.036,200.7,197.0,9,201.6,198.26
miami,p219,556,787,10.415,6.325,1.001,138.0,147.2,8,129.9,137.37
miami,p219,557,1012,1.567,6.931,0.097,171.0,183.0,7,183.5,174.85
miami,p231,26,1710,2.858,2.611,0.207,82.4,80.0,1,47.5,72.37
miami,p231,27,1619,0.795,2.405,0.231,70.2,70.0,1,38.0,52.92
miami,p231,28,1586,1.094,2.599,0.425,71.6,74.0,1,37.8,66.78
miami,p231,29,2013,0.199,2.844,1.408,77.2,102.0,2,135.2,81.27
miami,p231,66,2312,0.398,1.982,1.063,90.1,82.0,0,,80.0
miami,p231,67,2393,0.596,1.436,0.266,57.8,62.0,0,,59.31
miami,p231,83,1906,1.479,4.739,1.611,168.8,160.0,2,75.7,156.23
miami,p231,86,1451,1.789,4.336,1.737,125.5,112.0,0,,112.49
miami,p231,87,1402,2.212,4.973,4.686,133.0,124.0,0,,119.56
miami,p231,280,2275,1.591,4.825,3.764,207.8,194.0,3,138.9,194.05
miami,p231,288,2374,1.491,5.726,1.799,250.9,240.0,5,270.9,236.04
miami,p231,365,2181,1.081,3.139,0.01,111.7,121.6,2,127.4,118.08
miami,p231,499,2181,0.298,3.128,0.284,112.2,121.2,3,132.7,116.81
miami,p231,500,2223,0.609,3.927,0.419,144.2,154.6,3,174.6,144.45
miami,p235,24,670,3.281,12.215,7.396,125.4,147.0,2,124.0,136.31
miami,p235,54,316,9.918,29.226,5.172,175.1,179.0,5,180.0,184.72
miami,p235,55,426,4.325,18.185,13.607,155.3,142.0,2,169.3,167.33
miami,p235,56,397,6.861,24.053,6.213,178.3,179.0,5,192.3,187.86
miami,p235,58,312,8.576,25.384,6.209,144.4,150.0,2,147.5,136.63
miami,p235,63,473,5.593,15.15,2.935,130.9,130.0,2,158.2,131.53
miami,p235,64,545,2.312,13.228,4.762,132.9,130.0,1,155.1,134.31
miami,p235,73,454,0.895,19.174,7.58,133.0,160.0,4,170.9,156.33
miami,p235,322,614,2.61,11.594,10.457,186.6,128.0,1,159.9,158.56
miami,p235,485,209,8.912,22.164,0.285,89.2,87.2,1,69.6,85.06
miami,p235,486,274,3.878,21.879,3.502,104.0,112.0,0,,106.06
miami,p235,508,696,0.969,18.349,0.072,252.9,233.0,9,236.8,234.85
miami,p235,510,954,0.298,8.466,0.325,142.8,144.0,3,131.3,143.16
miami,p235,520,833,2.014,2.977,0.103,64.0,45.3,0,,42.43
miami,p235,559,1339,0.447,4.819,0.073,75.4,114.9,1,221.2,106.53
miami,p264,6,349,5.912,10.702,3.201,90.0,68.0,0,,66.4
miami,p264,54,772,2.461,12.91,4.046,145.4,179.0,5,180.0,184.72
miami,p264,56,786,5.092,12.683,0.692,131.7,179.0,5,192.3,187.86
miami,p264,57,963,2.97,11.047,8.04,205.7,190.0,1,146.9,111.51
miami,p264,61,964,2.716,11.041,3.293,149.1,190.0,1,180.0,183.82
miami,p264,73,1012,2.178,8.874,2.771,134.9,160.0,4,170.9,156.33
miami,p264,322,1179,0.368,6.102,1.103,159.9,128.0,1,186.6,158.56
miami,p264,385,398,1.754,13.836,0.217,104.8,100.0,4,83.8,97.53
miami,p264,386,410,2.716,14.101,0.265,104.4,105.0,7,98.9,95.92
miami,p264,417,641,1.697,10.773,0.152,134.7,124.0,1,127.7,125.86
miami,p264,479,277,2.546,11.991,1.359,71.3,60.8,0,,54.75
miami,p264,483,629,1.216,10.621,0.896,135.2,120.0,0,,125.81
miami,p264,484,290,9.844,13.718,3.016,76.5,72.9,6,84.5,67.58
miami,p264,485,546,3.196,8.863,0.626,69.6,87.2,1,89.2,85.06
miami,p264,487,544,0.82,14.912,1.082,114.4,147.0,9,143.8,144.84
miami,p264,548,1057,7.326,13.97,0.037,283.0,265.0,7,241.0,252.18
miami,p264,557,906,0.226,11.294,0.484,130.8,183.0,7,183.5,174.85
miami,p264,558,1360,0.339,5.196,3.25,183.9,125.7,0,,129.12
miami,p268,273,959,6.447,6.719,3.231,148.2,173.0,3,162.7,161.98
miami,p268,560,363,13.099,12.723,0.0,162.9,142.0,1,155.9,122.95
miami,p275,258,355,6.041,2.745,2.745,29.2,77.0,0,,75.26
miami,p275,514,361,6.16,2.678,2.678,29.7,76.9,0,,74.94
miami,p294,10,2009,0.588,3.305,0.887,143.1,146.0,8,149.1,147.49
miami,p294,54,2471,1.107,3.451,1.071,192.7,179.0,5,175.1,184.72
miami,p294,55,2594,0.205,2.472,0.413,172.4,142.0,2,160.8,167.33
miami,p294,56,2474,1.599,3.446,0.496,195.4,179.0,5,182.8,187.86
miami,p294,58,2577,1.025,2.666,0.853,143.9,150.0,2,147.8,136.63
miami,p294,73,2713,1.216,2.743,0.794,165.3,160.0,4,155.8,156.33
miami,p294,227,2630,0.301,2.134,1.311,113.8,128.0,6,111.8,106.37
miami,p294,271,3304,0.205,0.815,0.086,79.3,77.0,1,72.9,71.27
miami,p294,293,2256,1.189,2.335,0.145,118.5,122.0,0,,111.23
miami,p294,308,2736,0.205,2.616,0.701,168.8,155.0,5,175.7,168.17
miami,p294,309,2756,0.205,2.535,0.407,113.7,152.0,4,76.7,168.23
miami,p294,319,3319,0.71,1.959,0.009,139.1,143.5,1,111.2,144.41
miami,p294,363,3498,0.205,2.128,1.035,211.9,160.0,0,,145.25
miami,p294,428,2489,0.888,4.731,0.02,243.7,236.0,6,242.8,236.66
miami,p294,437,2768,1.025,2.792,0.257,180.8,165.0,6,186.9,168.59
miami,p294,440,2743,0.724,2.818,0.202,177.8,165.0,5,188.0,168.52
miami,p294,487,2220,0.888,3.017,0.009,143.8,147.0,9,140.8,144.84
miami,p294,496,2845,1.175,3.239,0.142,187.1,191.0,3,199.4,183.25
miami,p294,497,2377,0.588,2.842,0.579,156.4,148.0,8,150.9,146.18
miami,p294,506,2536,1.694,2.709,0.0,139.8,150.0,7,149.2,138.45
miami,p294,508,2464,0.396,4.711,0.012,234.9,233.0,9,239.1,234.85
miami,p294,533,3149,0.492,2.95,0.011,211.6,192.3,5,173.2,161.88
miami,p294,549,2841,0.478,1.915,0.021,93.9,125.0,6,98.9,106.51
miami,p294,552,2593,1.175,3.685,0.069,201.6,197.0,9,200.7,198.26
miami,p294,557,2576,0.792,3.398,0.038,183.5,183.0,7,177.7,174.85
miami,p59,126,65,32.991,18.655,15.858,32.5,52.0,0,,37.05
miami,p59,549,293,9.467,17.977,0.963,133.8,125.0,6,88.2,106.51
miami,p15,7,2391,0.581,0.958,0.958,52.1,42.0,2,138.8,56.11
miami,p15,8,2666,1.675,2.041,1.568,82.8,97.0,5,96.1,95.18
miami,p15,9,2653,0.896,2.719,1.06,115.5,128.0,7,128.3,126.81
miami,p15,10,2722,1.194,3.029,1.37,140.9,146.0,8,149.1,147.49
miami,p15,62,2074,0.199,3.889,0.128,156.9,143.0,2,167.8,141.84
miami,p15,68,1760,0.199,4.064,0.175,136.0,127.0,1,136.0,122.41
miami,p15,70,1845,0.995,3.908,0.147,130.9,128.0,1,130.9,74.83
miami,p15,73,2404,0.398,3.761,0.067,176.6,160.0,4,150.1,156.33
miami,p15,280,1356,2.04,8.061,2.264,138.9,194.0,3,207.8,194.05
miami,p15,288,1459,2.305,9.267,3.964,270.9,240.0,5,250.9,236.04
miami,p15,386,2290,0.415,2.575,0.104,98.9,105.0,7,98.9,95.92
miami,p15,484,2448,0.498,1.659,0.061,106.2,72.9,6,79.2,67.58
miami,p15,487,2646,1.178,3.137,0.034,121.1,147.0,9,143.8,144.84
miami,p15,497,2956,0.962,2.827,0.263,146.1,148.0,8,154.8,146.18
miami,p15,499,1174,0.614,5.798,0.158,132.7,121.2,3,112.2,116.81
miami,p15,500,1413,1.957,6.162,0.365,174.6,154.6,3,144.2,144.45
miami,p15,548,1885,3.135,7.942,2.297,192.3,265.0,7,251.0,252.18
miami,p15,556,2896,2.057,2.871,0.201,128.2,147.2,8,132.1,137.37
miami,p15,557,2730,0.199,3.793,0.129,281.2,183.0,7,177.7,174.85
miami,p136,9,1467,0.294,4.91,0.438,144.6,128.0,7,124.7,126.81
miami,p136,10,1551,1.796,5.304,0.394,153.3,146.0,8,143.9,147.49
miami,p136,54,1845,1.702,5.48,1.408,171.6,179.0,5,180.0,184.72
miami,p136,56,1901,2.595,5.32,2.329,192.3,179.0,5,182.8,187.86
miami,p136,63,2031,1.021,3.606,0.125,169.3,130.0,2,139.0,131.53
miami,p136,64,2104,0.411,3.481,0.248,155.1,130.0,1,132.9,134.31
miami,p136,308,2516,0.106,3.479,2.478,111.5,155.0,5,175.7,168.17
miami,p136,385,1308,0.81,4.286,0.07,114.6,100.0,4,83.8,97.53
miami,p136,386,1315,0.81,4.48,0.194,118.5,105.0,7,98.9,95.92
miami,p136,428,2073,0.998,6.44,0.002,207.8,236.0,6,243.8,236.66
miami,p136,429,1982,0.294,4.557,0.268,156.1,160.0,0,,148.32
miami,p136,430,2008,0.599,4.358,0.069,162.1,155.0,0,,143.14
miami,p136,437,2510,0.611,3.715,0.136,162.8,165.0,6,186.9,168.59
miami,p136,487,1692,0.798,4.899,0.043,130.6,147.0,9,143.8,144.84
miami,p136,508,2047,0.493,6.437,0.048,265.2,233.0,9,236.8,234.85
miami,p136,531,1875,0.411,3.455,0.021,82.4,115.2,1,109.6,110.54
miami,p136,533,2497,0.2,4.359,0.439,173.2,192.3,5,211.6,161.88
miami,p136,549,2611,0.094,2.697,0.043,115.3,125.0,6,88.2,106.51
miami,p136,552,2095,0.294,5.317,0.095,229.1,197.0,9,200.7,198.26
miami,p136,553,2035,0.294,4.607,0.05,157.2,166.0,1,161.5,148.78
miami,p136,556,1856,2.325,4.473,0.221,115.2,147.2,8,132.1,137.37
miami,p136,557,2041,1.385,5.068,0.103,213.3,183.0,7,177.7,174.85
miami,p138,8,2195,0.593,2.478,0.398,92.3,97.0,5,96.1,95.18
miami,p138,9,2131,1.311,3.384,3.384,124.7,128.0,7,128.3,126.81
miami,p138,10,2216,1.619,3.719,1.639,143.1,146.0,8,149.1,147.49
miami,p138,54,2152,1.995,4.702,0.179,187.2,179.0,5,175.1,184.72
miami,p138,55,2231,1.003,3.59,1.554,166.2,142.0,2,163.9,167.33
miami,p138,58,2049,2.234,4.132,0.077,151.1,150.0,2,144.2,136.63
miami,p138,63,2214,0.103,3.309,1.262,147.1,130.0,2,150.1,131.53
miami,p138,71,1671,0.502,3.562,0.253,118.8,106.0,0,,114.77
miami,p138,385,1758,0.308,3.191,0.052,82.7,100.0,4,94.9,97.53
miami,p138,386,1776,0.593,3.32,0.128,89.3,105.0,7,98.9,95.92
miami,p138,417,2238,0.786,3.121,0.091,127.7,124.0,1,134.7,125.86
miami,p138,428,2576,0.502,5.191,0.024,244.0,236.0,6,242.6,236.66
miami,p138,484,1953,0.091,2.079,0.034,87.3,72.9,6,79.2,67.58
miami,p138,487,2203,1.288,3.766,0.052,140.8,147.0,9,143.8,144.84
miami,p138,497,2548,0.798,3.28,0.518,153.4,148.0,8,152.2,146.18
miami,p138,508,2555,0.49,5.167,0.007,236.8,233.0,9,239.1,234.85
miami,p138,531,2521,0.103,2.571,0.093,109.6,115.2,1,82.4,110.54
miami,p138,552,2489,0.205,4.48,0.018,184.3,197.0,9,201.6,198.26
miami,p138,556,2475,1.778,3.357,0.188,137.6,147.2,8,129.9,137.37
miami,p138,557,2404,0.399,4.305,0.024,177.7,183.0,7,183.5,174.85
miami,p143,19,2600,0.399,1.586,0.146,118.1,74.0,0,,66.09
miami,p143,20,2495,0.898,1.24,0.885,38.4,56.0,0,,54.11
miami,p143,31,1841,1.796,1.431,0.695,60.3,48.0,1,54.4,44.94
miami,p143,32,1838,1.696,1.434,0.19,36.6,48.0,1,54.8,49.54
miami,p143,39,1855,0.918,1.729,0.015,8.8,58.0,1,69.7,54.03
miami,p143,40,1869,2.575,1.716,1.317,57.6,58.0,0,,54.38
miami,p143,41,1889,2.355,1.698,0.744,54.7,58.0,1,59.1,53.52
miami,p143,42,1915,0.479,1.466,1.466,81.2,51.0,0,,49.02
miami,p143,47,2144,1.956,2.777,1.481,113.5,106.0,1,118.7,102.25
miami,p143,49,2670,1.956,1.738,0.152,19.6,83.0,0,,77.97
miami,p143,134,728,3.014,3.066,1.826,62.5,41.0,0,,41.97
miami,p143,149,791,2.794,3.184,1.735,33.2,46.0,0,,41.79
miami,p143,185,916,3.393,2.562,1.227,30.8,43.0,0,,40.09
miami,p143,272,1926,2.694,3.446,2.012,164.4,118.0,1,170.0,107.01
miami,p191,263,4016,1.53,1.711,1.455,125.2,122.0,0,,126.35
miami,p191,270,4704,0.398,1.62,0.219,219.0,135.0,1,184.4,144.15
miami,p191,358,4814,0.826,1.88,0.177,174.5,160.0,0,,154.68
miami,p191,465,4679,0.398,2.667,0.025,174.1,220.0,0,,214.25
miami,p191,482,4637,0.429,2.642,0.015,189.8,216.0,0,,214.21
miami,p191,502,4680,1.194,2.422,0.009,158.2,200.0,0,,197.4
miami,p191,503,4753,0.796,2.229,0.03,185.1,187.0,0,,185.42
miami,p191,544,4573,1.132,2.631,0.014,196.5,212.1,0,,214.18
miami,p191,546,4073,0.735,1.547,0.0,169.7,112.0,0,,108.62
miami,p191,547,4173,1.347,1.598,0.0,142.9,118.4,0,,114.47
miami,p191,555,4616,1.377,2.58,0.172,210.5,210.0,1,270.6,205.68
miami,p191,560,4374,1.286,1.833,0.007,155.9,142.0,1,162.9,122.95
miami,p255,7,2391,0.581,0.958,0.958,52.1,42.0,2,138.8,56.11
miami,p255,8,2666,1.675,2.041,1.568,82.8,97.0,5,96.1,95.18
miami,p255,9,2653,0.896,2.719,1.06,115.5,128.0,7,128.3,126.81
miami,p255,10,2722,1.194,3.029,1.37,140.9,146.0,8,149.1,147.49
miami,p255,62,2074,0.199,3.889,0.128,156.9,143.0,2,167.8,141.84
miami,p255,68,1760,0.199,4.064,0.175,136.0,127.0,1,136.0,122.41
miami,p255,70,1845,0.995,3.908,0.147,130.9,128.0,1,130.9,74.83
miami,p255,73,2404,0.398,3.761,0.067,176.6,160.0,4,150.1,156.33
miami,p255,280,1356,2.04,8.061,2.264,138.9,194.0,3,207.8,194.05
miami,p255,288,1459,2.305,9.267,3.964,270.9,240.0,5,250.9,236.04
miami,p255,386,2290,0.415,2.575,0.104,98.9,105.0,7,98.9,95.92
miami,p255,484,2448,0.498,1.659,0.061,106.2,72.9,6,79.2,67.58
miami,p255,487,2646,1.178,3.137,0.034,121.1,147.0,9,143.8,144.84
miami,p255,497,2956,0.962,2.827,0.263,146.1,148.0,8,154.8,146.18
miami,p255,499,1174,0.614,5.798,0.158,132.7,121.2,3,112.2,116.81
miami,p255,500,1413,1.957,6.162,0.365,174.6,154.6,3,144.2,144.45
miami,p255,548,1885,3.135,7.942,2.297,192.3,265.0,7,251.0,252.18
miami,p255,556,2896,2.057,2.871,0.201,128.2,147.2,8,132.1,137.37
miami,p255,557,2730,0.199,3.793,0.129,281.2,183.0,7,177.7,174.85
miami,p261,227,1470,0.483,4.899,0.397,110.9,128.0,6,113.3,106.37
miami,p261,288,3216,0.312,4.232,1.146,221.6,240.0,5,270.9,236.04
miami,p261,308,1399,0.421,6.241,1.471,130.2,155.0,5,175.7,168.17
miami,p261,309,1467,0.405,5.84,2.252,84.7,152.0,4,91.2,168.23
miami,p261,428,1747,0.981,7.63,0.048,260.3,236.0,6,242.6,236.66
miami,p261,437,1477,0.592,6.297,0.056,184.6,165.0,6,185.1,168.59
miami,p261,440,1408,1.324,6.604,0.307,185.3,165.0,5,188.0,168.52
miami,p261,487,1923,1.667,4.313,0.008,177.7,147.0,9,140.8,144.84
miami,p261,496,1957,0.405,5.517,0.298,201.9,191.0,3,194.8,183.25
miami,p261,497,1670,0.794,4.998,0.094,172.4,148.0,8,150.9,146.18
miami,p261,506,1587,1.558,5.329,0.0,152.8,150.0,7,143.2,138.45
miami,p261,508,1735,0.888,7.582,0.0,240.0,233.0,9,236.8,234.85
miami,p261,510,2361,1.386,3.442,0.006,131.3,144.0,3,142.8,143.16
miami,p261,529,1491,1.449,3.148,0.669,94.8,84.0,2,89.8,82.38
miami,p261,533,2417,1.402,4.501,0.063,172.6,192.3,5,211.6,161.88
miami,p261,540,1720,0.514,2.57,1.178,84.7,79.2,2,81.4,78.78
miami,p261,548,2724,2.648,5.515,0.501,268.1,265.0,7,241.0,252.18
miami,p261,549,1418,0.935,4.958,1.81,79.7,125.0,6,104.6,106.51
miami,p261,552,1894,3.037,5.877,0.095,217.1,197.0,9,200.7,198.26
miami,p261,556,1655,2.601,5.014,0.316,170.4,147.2,8,129.9,137.37
miami,p269,23,3995,0.101,1.162,0.367,52.9,83.0,0,,78.58
miami,p269,31,2732,0.497,0.965,0.965,54.4,48.0,1,60.3,44.94
miami,p269,32,2633,1.692,1.001,1.001,54.8,48.0,1,36.6,49.54
miami,p269,36,2446,0.505,2.505,2.505,33.3,109.0,0,,101.6
miami,p269,37,2383,0.808,1.875,1.875,-10.2,80.0,0,,77.98
miami,p269,38,2329,0.337,2.066,1.711,113.3,86.0,0,,83.45
miami,p269,39,2812,1.297,1.141,0.176,69.7,58.0,1,8.8,54.03
miami,p269,41,2986,0.295,1.074,0.017,59.1,58.0,1,54.7,53.52
miami,p269,47,3469,0.404,1.717,0.556,118.7,106.0,1,113.5,102.25
miami,p269,48,3534,0.901,0.794,0.794,-60.3,51.0,0,,45.69
miami,p269,98,1085,2.501,6.73,6.73,141.7,130.0,0,,125.03
miami,p269,266,1310,2.088,2.667,1.526,53.0,63.0,0,,60.43
miami,p269,272,3164,2.593,2.099,1.231,170.0,118.0,1,164.4,107.01
miami,p274,7,1367,0.699,1.676,1.676,225.4,42.0,2,52.1,56.11
miami,p274,8,1106,3.936,4.911,4.911,97.3,97.0,5,92.3,95.18
miami,p274,9,1167,2.869,6.164,6.164,142.7,128.0,7,124.7,126.81
miami,p274,10,1101,3.531,7.452,4.434,162.9,146.0,8,143.9,147.49
miami,p274,226,561,4.156,5.704,0.221,65.7,58.0,1,61.8,60.08
miami,p274,227,586,2.354,12.127,4.162,104.6,128.0,6,113.3,106.37
miami,p274,242,915,0.294,7.965,2.261,165.2,130.0,1,133.1,131.04
miami,p274,308,533,1.398,16.023,1.064,192.4,155.0,5,168.8,168.17
miami,p274,309,598,0.956,14.072,3.362,56.2,152.0,4,99.2,168.23
miami,p274,385,1548,0.368,3.622,0.059,85.0,100.0,4,93.8,97.53
miami,p274,386,1561,0.331,3.774,0.152,99.8,105.0,7,98.9,95.92
miami,p274,437,610,1.876,14.958,0.886,189.3,165.0,6,182.7,168.59
miami,p274,440,540,2.943,16.808,0.785,190.4,165.0,5,185.3,168.52
miami,p274,484,1345,1.876,3.018,0.308,73.8,72.9,6,84.5,67.58
miami,p274,497,818,3.053,10.124,1.758,148.4,148.0,8,154.8,146.18
miami,p274,506,705,5.223,11.853,0.0,137.9,150.0,7,149.2,138.45
miami,p274,508,866,3.825,14.934,0.0,245.0,233.0,9,236.8,234.85
miami,p274,518,742,1.913,5.567,0.695,59.3,74.3,1,81.7,70.66
miami,p274,529,637,2.501,7.33,2.578,92.1,84.0,2,91.2,82.38
miami,p274,540,841,1.545,5.246,1.37,81.1,79.2,2,83.2,78.78
miami,p274,552,1019,1.839,10.831,1.455,155.2,197.0,9,201.6,198.26
miami,p274,553,967,0.883,9.626,0.072,161.5,166.0,1,157.2,148.78
miami,p274,556,845,9.527,9.746,0.722,132.6,147.2,8,129.9,137.37
chicago,p123,50,1071,2.95,5.812,0.422,249.6,169.0,20,169.3,173.64
chicago,p123,282,3300,0.482,1.111,0.437,-18.7,124.0,7,134.9,125.85
chicago,p123,414,4527,1.114,0.494,0.168,108.6,99.0,10,92.7,86.83
chicago,p123,422,4098,0.994,0.238,0.238,117.9,77.0,4,93.8,78.58
chicago,p123,429,3992,0.361,0.66,0.655,122.5,106.0,8,108.2,108.7
chicago,p123,609,4306,0.813,0.399,0.168,91.8,90.0,8,102.2,101.63
chicago,p123,713,1142,0.662,5.003,3.469,79.0,160.0,7,161.8,168.03
chicago,p123,714,1114,0.391,5.283,2.643,8.8,163.0,4,174.0,164.83
chicago,p123,741,390,3.221,18.547,14.995,219.5,191.0,22,185.9,197.35
chicago,p123,742,3431,0.271,0.2,0.109,63.6,72.0,4,85.2,72.64
chicago,p123,743,3350,0.753,0.479,0.199,-8.6,88.0,10,99.6,89.64
chicago,p123,795,1355,0.933,7.028,0.384,293.0,227.0,24,235.8,232.98
chicago,p123,802,1133,0.783,5.493,0.096,112.6,169.0,15,172.1,164.86
chicago,p123,803,1122,0.512,5.398,0.008,245.7,166.0,6,167.9,164.98
chicago,p123,804,409,3.974,18.562,0.015,220.2,197.5,23,200.9,197.78
chicago,p123,963,1193,0.602,2.639,1.877,6.8,115.0,1,59.3,117.15
chicago,p123,1010,3201,0.572,2.99,0.245,229.8,227.2,18,214.2,225.25
chicago,p123,1060,4641,0.572,1.116,0.434,113.9,150.4,9,139.9,136.31
chicago,p123,1065,4742,0.361,0.744,0.076,139.2,121.6,6,102.7,118.95
chicago,p123,1198,3214,0.873,2.156,0.099,366.8,181.0,16,192.3,183.52
chicago,p312,11,2345,0.5,2.588,0.214,174.6,166.0,12,183.6,172.12
chicago,p312,12,3465,0.302,2.511,0.767,209.7,212.0,22,212.1,210.74
chicago,p312,62,2693,1.104,3.124,1.349,193.8,207.0,12,202.2,197.37
chicago,p312,81,2780,0.999,2.512,0.21,166.8,182.0,0,,182.64
chicago,p312,178,2798,0.093,2.824,0.327,209.1,198.0,13,197.2,202.35
chicago,p312,668,2768,0.105,3.597,0.403,208.3,234.0,22,216.4,233.91
chicago,p312,683,1581,0.197,1.775,0.395,96.7,109.0,6,124.5,110.68
chicago,p312,723,2452,0.105,4.663,1.487,192.9,260.0,9,284.1,270.25
chicago,p312,729,2699,1.104,4.019,0.174,257.6,249.6,26,244.5,250.75
chicago,p312,918,2248,1.429,5.914,0.113,325.9,292.9,28,306.4,292.38
chicago,p312,926,2489,0.105,2.691,0.431,172.8,177.0,8,153.2,173.03
chicago,p312,952,3223,0.093,2.374,0.365,213.0,193.6,25,208.0,202.72
chicago,p312,982,2502,1.29,2.746,0.054,177.3,180.0,18,178.1,174.78
chicago,p312,986,2534,0.314,2.666,0.741,189.3,178.0,26,175.3,177.92
chicago,p312,1015,2249,0.302,3.131,1.205,196.5,183.0,27,188.4,188.0
chicago,p312,1131,2198,3.95,3.229,0.612,150.5,184.0,28,169.5,157.7
chicago,p312,1140,2552,1.708,5.372,0.038,266.0,300.0,30,287.2,269.7
chicago,p312,1156,3105,1.127,4.016,0.885,262.7,278.0,25,272.2,176.51
chicago,p312,1159,4434,0.105,2.544,0.312,205.9,257.0,26,252.8,247.75
chicago,p312,1179,2964,0.105,2.55,0.025,203.0,192.0,27,177.9,192.3
chicago,p312,1182,3397,0.105,1.652,0.493,133.5,158.0,2,153.0,155.96
chicago,p312,1187,2650,0.709,3.175,0.043,204.9,207.0,7,189.5,208.91
chicago,p312,1210,4233,0.697,1.691,0.122,180.1,185.0,4,194.4,183.49
chicago,p312,1239,4082,0.395,1.922,0.178,203.2,197.0,7,193.4,197.18
chicago,p312,1241,2685,2.265,4.26,0.045,257.1,260.0,33,256.4,258.23
chicago,p238,670,909,3.167,1.89,1.89,190.7,60.0,6,32.9,62.86
chicago,p238,741,610,1.414,14.795,14.795,108.0,191.0,22,189.3,197.35
chicago,p238,804,628,2.715,14.926,0.131,109.4,197.5,23,202.7,197.78
chicago,p190,10,2681,0.54,3.714,0.728,197.5,204.0,25,202.3,206.61
chicago,p190,11,2033,0.929,3.827,0.259,174.7,166.0,12,183.6,172.12
chicago,p190,12,2707,0.929,3.847,0.968,205.7,212.0,22,212.1,210.74
chicago,p190,13,2594,1.049,3.926,0.794,220.1,208.0,14,206.3,210.52
chicago,p190,40,2280,0.48,3.013,0.192,162.0,150.0,8,134.1,149.25
chicago,p190,50,1992,0.989,3.992,0.09,174.5,169.0,20,169.3,173.64
chicago,p190,178,2694,0.6,3.568,0.162,234.9,198.0,13,197.2,202.35
chicago,p190,254,2066,1.169,3.517,0.505,154.8,157.0,16,157.1,161.77
chicago,p190,335,2678,0.929,3.547,0.604,207.2,196.0,22,206.4,197.26
chicago,p190,341,2550,0.809,3.299,0.702,176.5,177.0,19,169.1,181.31
chicago,p190,668,2353,0.54,4.956,0.885,209.7,234.0,22,216.4,233.91
chicago,p190,708,2220,1.649,5.962,0.977,258.3,261.8,25,257.8,256.24
chicago,p190,714,1974,0.24,3.854,0.307,167.3,163.0,4,161.7,164.83
chicago,p190,715,2962,1.289,4.038,0.324,235.3,239.1,23,234.6,244.98
chicago,p190,717,2515,0.24,5.226,0.946,286.6,260.0,8,286.4,269.37
chicago,p190,729,1986,1.199,6.311,0.239,240.2,249.6,26,247.4,250.75
chicago,p190,748,3705,1.499,3.636,0.326,257.9,265.4,31,261.1,259.19
chicago,p190,751,2786,0.36,2.597,1.134,163.8,156.4,20,158.8,158.84
chicago,p190,795,2032,2.009,5.539,0.422,234.3,227.0,24,237.9,232.98
chicago,p190,798,2006,0.69,4.985,0.09,214.0,205.0,24,210.2,211.81
chicago,p190,801,1920,1.109,4.112,0.12,171.5,168.0,17,168.5,169.19
chicago,p190,802,1993,0.54,3.989,0.062,173.5,169.0,15,168.6,164.86
chicago,p190,822,2877,0.27,3.183,0.146,182.3,190.0,8,199.9,193.64
chicago,p190,918,2395,2.069,6.265,0.148,306.9,292.9,28,307.4,292.38
chicago,p190,952,2589,0.749,3.616,1.051,198.7,193.6,25,208.2,202.72
chicago,p190,982,2064,0.779,4.157,0.063,180.1,180.0,18,177.6,174.78
chicago,p190,986,1871,2.908,4.523,0.6,168.0,178.0,26,175.9,177.92
chicago,p190,1015,1679,2.848,5.206,0.856,183.8,183.0,27,189.3,188.0
chicago,p190,1131,2058,1.049,4.28,1.599,163.3,184.0,28,169.5,157.7
chicago,p190,1137,2198,1.769,7.003,0.408,260.6,300.0,29,266.2,264.96
chicago,p190,1140,2474,2.158,6.229,0.026,277.5,300.0,30,287.2,269.7
chicago,p190,1156,2145,2.218,6.595,1.723,275.8,278.0,25,270.5,176.51
chicago,p190,1159,3461,0.42,3.752,0.0,249.9,257.0,26,251.8,247.75
chicago,p190,1167,2535,0.27,4.51,0.006,230.8,230.0,18,222.7,226.59
chicago,p190,1179,2193,2.278,4.225,0.065,177.9,192.0,27,178.6,192.3
chicago,p190,1187,2605,0.3,3.887,0.06,224.0,207.0,7,189.5,208.91
chicago,p190,1204,2865,0.3,3.037,0.028,180.2,182.0,4,184.9,191.88
chicago,p190,1211,3303,0.51,3.31,0.242,219.0,221.0,25,236.4,223.24
chicago,p190,1224,2248,1.259,3.742,0.007,161.7,177.0,20,164.0,166.38
chicago,p190,1241,2249,2.668,5.84,0.05,249.8,260.0,33,257.1,258.23
chicago,p501,408,2924,1.13,0.392,0.392,138.6,80.0,4,96.2,73.16
chicago,p501,409,3008,0.976,0.628,0.628,137.1,93.0,4,75.6,80.34
chicago,p501,743,677,1.027,2.367,2.367,70.3,88.0,10,99.6,89.64
chicago,p501,1010,506,3.081,18.299,1.957,206.8,227.2,18,219.9,225.25
chicago,p501,1011,506,0.719,16.984,5.798,191.9,214.4,8,220.5,204.28
chicago,p501,1064,2056,0.565,1.538,0.089,56.5,115.2,7,97.4,118.94
chicago,p501,1065,2061,0.668,1.712,0.174,-68.7,121.6,6,118.8,118.95
chicago,p501,1198,496,5.906,13.703,0.809,181.0,181.0,16,194.1,183.52
chicago,p517,93,199,5.991,39.933,0.109,164.8,169.0,4,187.2,171.42
chicago,p517,94,123,14.995,44.222,4.288,125.4,122.0,2,165.7,122.82
chicago,p517,434,90,9.699,39.824,20.396,99.5,77.0,0,,91.97
chicago,p517,1137,236,4.535,51.599,7.377,254.0,300.0,29,266.2,264.96
chicago,p517,1184,141,17.014,46.172,6.348,151.1,149.0,6,151.7,134.95
chicago,p521,341,431,9.291,15.184,6.666,137.7,177.0,19,170.2,181.31
chicago,p521,741,616,1.828,12.011,12.011,140.1,191.0,22,189.3,197.35
chicago,p521,804,639,1.409,12.144,0.133,243.6,197.5,23,200.9,197.78
chicago,p520,5,324,9.604,10.821,4.169,98.5,122.0,10,118.0,122.42
chicago,p520,26,514,2.109,2.674,1.939,79.2,84.0,2,88.0,81.94
chicago,p520,87,642,3.439,0.357,0.357,74.1,64.0,7,72.7,65.63
chicago,p520,158,312,1.46,0.735,0.129,71.6,64.0,0,,93.52
chicago,p520,226,306,1.817,0.75,0.75,67.1,64.0,1,86.7,82.62
chicago,p520,238,818,0.714,0.981,0.606,69.1,74.0,0,,86.87
chicago,p520,240,1215,1.72,1.414,0.32,115.9,90.0,4,117.5,67.11
chicago,p520,246,1080,1.525,3.075,0.401,149.5,118.0,2,151.1,109.52
chicago,p520,683,1183,3.634,2.372,1.637,129.6,109.0,6,113.7,110.68
chicago,p520,710,124,8.436,9.167,5.693,68.5,80.0,0,,95.34
chicago,p520,987,104,3.212,5.733,1.671,67.6,70.4,0,,91.27
chicago,p520,1010,1565,1.395,6.097,0.364,173.2,227.2,18,219.9,225.25
chicago,p520,1015,376,6.36,18.106,14.017,223.3,183.0,27,188.4,188.0
chicago,p520,1016,325,1.525,4.088,2.151,95.9,83.2,1,105.7,103.85
chicago,p520,1131,614,1.947,11.423,1.982,103.6,184.0,28,169.5,157.7
chicago,p520,1188,995,1.136,2.014,0.06,80.1,95.0,4,89.0,95.86
chicago,p520,1249,1337,3.991,1.543,0.562,71.7,96.0,5,85.9,98.06
chicago,p549,10,2633,0.53,4.388,0.508,220.3,204.0,25,200.9,206.61
chicago,p549,11,1983,1.166,4.728,0.362,200.7,166.0,12,177.7,172.12
chicago,p549,12,2661,0.707,4.513,0.888,212.2,212.0,22,211.8,210.74
chicago,p549,13,2544,0.989,4.63,0.766,263.2,208.0,14,206.3,210.52
chicago,p549,46,2139,0.389,4.012,0.297,135.3,152.0,5,148.8,152.39
chicago,p549,50,1956,0.636,4.879,0.048,91.6,169.0,20,170.0,173.64
chicago,p549,88,1946,0.283,3.88,0.484,158.6,134.0,8,139.8,134.38
chicago,p549,178,2644,0.565,4.239,0.025,265.3,198.0,13,197.2,202.35
chicago,p549,254,2016,1.131,4.396,0.599,197.0,157.0,16,155.4,161.77
chicago,p549,335,2641,1.025,4.202,0.463,205.9,196.0,22,207.0,197.26
chicago,p549,341,2516,0.707,3.978,0.768,144.0,177.0,19,170.2,181.31
chicago,p549,668,2303,0.565,5.752,1.105,239.4,234.0,22,214.4,233.91
chicago,p549,708,2178,1.59,6.802,0.904,246.8,261.8,25,258.3,256.24
chicago,p549,713,1870,0.318,4.83,0.08,151.3,160.0,7,161.8,168.03
chicago,p549,715,2914,1.131,4.652,0.264,256.3,239.1,23,234.6,244.98
chicago,p549,723,2448,0.318,6.017,0.837,424.5,260.0,9,283.3,270.25
chicago,p549,729,1937,1.166,7.284,0.247,238.9,249.6,26,247.4,250.75
chicago,p549,741,2562,0.636,4.22,4.22,174.5,191.0,22,189.3,197.35
chicago,p549,748,3665,1.378,4.111,0.271,228.2,265.4,31,261.1,259.19
chicago,p549,751,2753,0.318,3.21,1.128,135.3,156.4,20,158.9,158.84
chicago,p549,795,1989,1.872,6.453,0.43,230.6,227.0,24,237.9,232.98
chicago,p549,798,1965,0.848,5.898,0.091,121.5,205.0,24,212.6,211.81
chicago,p549,801,1883,1.201,5.037,0.158,145.6,168.0,17,169.7,169.19
chicago,p549,802,1957,0.636,4.878,0.058,158.3,169.0,15,172.1,164.86
chicago,p549,804,2574,0.883,4.343,0.123,178.9,197.5,23,202.7,197.78
chicago,p549,822,2830,0.283,3.801,0.146,200.9,190.0,8,198.4,193.64
chicago,p549,918,2345,2.084,7.072,0.181,341.0,292.9,28,306.4,292.38
chicago,p549,952,2542,0.707,4.311,0.915,209.0,193.6,25,208.0,202.72
chicago,p549,982,2014,0.813,5.052,0.06,199.6,180.0,18,177.6,174.78
chicago,p549,986,1822,2.862,5.518,0.861,181.4,178.0,26,175.3,177.92
chicago,p549,1015,1629,2.72,6.34,1.35,199.4,183.0,27,188.4,188.0
chicago,p549,1042,1291,6.359,4.165,1.131,122.3,96.0,9,108.8,105.73
chicago,p549,1131,2007,1.025,5.181,1.739,203.2,184.0,28,166.0,157.7
chicago,p549,1137,2153,1.696,7.879,0.392,256.9,300.0,29,266.2,264.96
chicago,p549,1140,2423,2.19,7.011,0.03,307.0,300.0,30,281.9,269.7
chicago,p549,1156,2100,2.155,7.487,1.077,279.1,278.0,25,270.5,176.51
chicago,p549,1167,2487,0.353,5.239,0.007,246.6,230.0,18,222.7,226.59
chicago,p549,1179,2145,2.19,5.061,0.079,180.2,192.0,27,177.9,192.3
chicago,p549,1211,3263,0.459,3.84,0.144,205.9,221.0,25,236.4,223.24
chicago,p549,1224,2202,1.484,4.545,0.011,160.9,177.0,20,164.0,166.38
chicago,p549,1241,2199,2.544,6.692,0.055,272.5,260.0,33,256.4,258.23
chicago,p555,355,1637,2.092,0.595,0.595,102.8,77.0,3,81.9,79.24
chicago,p555,405,3531,0.414,0.324,0.324,72.5,80.0,3,94.0,74.22
chicago,p555,407,2329,0.781,0.344,0.344,63.9,74.0,1,66.7,63.22
chicago,p555,408,2955,0.988,0.388,0.388,99.9,80.0,4,98.0,73.16
chicago,p555,409,3013,1.011,0.628,0.289,69.7,93.0,4,83.8,80.34
chicago,p555,411,3372,0.506,0.17,0.17,84.4,70.0,2,105.0,66.71
chicago,p555,414,2017,2.275,1.108,0.482,93.6,99.0,10,98.9,86.83
chicago,p555,421,1491,2.689,0.769,0.769,73.5,80.0,5,100.1,83.13
chicago,p555,422,1555,0.299,0.626,0.626,94.1,77.0,4,105.7,78.58
chicago,p555,423,1587,0.184,0.144,0.144,111.3,64.0,2,20.1,70.31
chicago,p555,424,1503,1.977,0.876,0.244,62.5,83.0,4,98.5,89.25
chicago,p555,429,1487,2.505,1.771,1.561,88.0,106.0,8,113.8,108.7
chicago,p555,430,1763,2.689,1.592,1.448,105.5,109.0,9,121.2,112.7
chicago,p555,609,1714,0.575,1.003,0.408,76.3,90.0,8,102.2,101.63
chicago,p555,1060,2060,1.448,2.512,0.974,172.2,150.4,9,117.1,136.31
chicago,p555,1061,2138,0.276,0.708,0.081,94.9,86.4,1,91.7,78.06
chicago,p555,1064,2193,0.575,1.442,0.084,79.0,115.2,7,97.4,118.94
chicago,p555,1065,2206,0.483,1.6,0.158,77.1,121.6,6,118.8,118.95
chicago,p555,1066,2146,0.483,0.876,0.168,117.5,92.8,1,112.1,78.56
chicago,p560,342,573,6.334,9.12,0.179,188.3,152.0,2,161.6,152.92
chicago,p560,755,394,0.918,8.885,0.897,101.0,121.6,2,107.4,121.18
chicago,p560,760,331,4.914,6.556,1.14,81.5,98.0,1,96.6,99.98
chicago,p565,341,718,4.35,13.7,1.782,178.0,177.0,19,169.1,181.31
chicago,p565,343,663,1.885,11.918,1.403,144.4,142.0,1,129.7,153.34
chicago,p565,1144,1474,0.198,7.713,0.7,263.8,201.6,3,195.0,211.81
chicago,p577,107,1554,0.473,2.322,0.088,105.4,93.0,3,103.4,88.38
chicago,p577,134,1651,2.533,2.74,0.55,117.3,109.0,6,110.2,102.59
chicago,p577,346,3533,0.777,1.848,0.023,17.5,144.0,4,149.4,127.47
chicago,p577,465,2360,0.371,1.844,0.328,87.2,106.0,2,114.1,99.34
chicago,p577,537,2455,1.857,2.356,0.548,45.8,131.0,8,127.0,124.75
chicago,p577,567,2817,0.405,1.017,0.688,112.6,80.0,9,106.8,92.35
chicago,p577,580,2885,0.338,1.191,0.175,73.7,90.0,4,80.2,79.16
chicago,p577,581,2854,0.439,1.204,0.128,39.9,90.0,11,88.3,84.72
chicago,p577,582,3095,0.473,1.166,0.165,36.2,93.0,10,88.9,77.74
chicago,p577,588,2690,0.54,1.469,0.303,63.0,99.0,11,94.7,88.49
chicago,p577,590,2740,1.317,1.84,0.473,67.0,118.0,14,109.6,103.47
chicago,p577,592,2925,0.946,1.606,0.872,268.3,112.0,16,117.3,103.83
chicago,p577,593,2969,0.844,2.392,0.786,237.7,154.0,18,136.1,133.14
chicago,p577,606,4891,0.304,0.773,0.404,368.1,96.0,2,86.0,87.56
chicago,p577,670,256,5.032,6.68,6.68,149.8,60.0,6,32.9,62.86
chicago,p577,1002,4798,0.507,0.826,0.005,347.3,99.2,2,100.5,88.28
chicago,p612,10,3032,0.662,3.812,0.591,211.9,204.0,25,200.9,206.61
chicago,p612,11,2361,1.131,3.973,0.227,193.8,166.0,12,177.7,172.12
chicago,p612,12,3061,0.827,3.924,0.832,213.7,212.0,22,211.8,210.74
chicago,p612,13,2914,0.221,4.044,0.697,237.8,208.0,14,206.3,210.52
chicago,p612,14,2916,0.469,2.945,0.421,239.5,152.0,4,170.1,155.54
chicago,p612,50,2330,1.048,4.1,0.459,172.2,169.0,20,169.3,173.64
chicago,p612,335,3021,0.303,3.674,0.495,209.0,196.0,22,206.4,197.26
chicago,p612,341,2882,0.745,3.475,0.639,170.2,177.0,19,169.1,181.31
chicago,p612,668,2696,0.469,4.919,1.022,227.5,234.0,22,214.4,233.91
chicago,p612,708,2571,1.434,5.77,0.849,257.8,261.8,25,258.3,256.24
chicago,p612,715,3313,0.745,4.094,0.282,247.9,239.1,23,234.6,244.98
chicago,p612,717,2826,0.331,5.216,1.996,296.8,260.0,8,284.9,269.37
chicago,p612,723,2814,0.303,5.239,0.854,225.4,260.0,9,284.1,270.25
chicago,p612,729,2335,1.048,6.052,0.202,245.8,249.6,26,246.1,250.75
chicago,p612,741,2913,0.552,3.712,3.712,199.9,191.0,22,185.9,197.35
chicago,p612,748,4053,1.269,3.718,0.286,236.5,265.4,31,261.1,259.19
chicago,p612,751,3117,0.441,2.836,0.369,155.6,156.4,20,158.9,158.84
chicago,p612,774,3195,0.221,2.777,0.595,153.6,157.0,9,159.3,157.94
chicago,p612,795,2384,1.71,5.391,0.359,244.0,227.0,24,235.8,232.98
chicago,p612,798,2358,0.469,4.921,0.076,152.4,205.0,24,212.6,211.81
chicago,p612,801,2260,0.91,4.201,0.101,174.8,168.0,17,168.5,169.19
chicago,p612,802,2335,0.414,4.09,0.053,172.1,169.0,15,168.6,164.86
chicago,p612,804,2928,0.827,3.821,0.109,205.4,197.5,23,200.9,197.78
chicago,p612,918,2699,1.737,6.152,0.133,318.7,292.9,28,306.4,292.38
chicago,p612,952,2942,0.634,3.727,0.506,208.0,193.6,25,208.2,202.72
chicago,p612,986,2216,2.675,4.54,0.533,181.7,178.0,26,175.3,177.92
chicago,p612,1015,2014,2.372,5.136,0.897,197.6,183.0,27,188.4,188.0
chicago,p612,1131,2373,1.517,4.385,0.342,192.2,184.0,28,166.0,157.7
chicago,p612,1137,2553,1.489,6.659,0.358,259.0,300.0,29,266.2,264.96
chicago,p612,1140,2798,2.068,6.08,0.024,292.8,300.0,30,281.9,269.7
chicago,p612,1156,2500,1.958,6.301,0.725,272.2,278.0,25,270.5,176.51
chicago,p612,1159,3811,0.882,3.828,0.0,228.4,257.0,26,252.8,247.75
chicago,p612,1179,2546,2.068,4.268,0.057,190.0,192.0,27,177.9,192.3
chicago,p612,1211,3651,0.607,3.433,0.195,213.6,221.0,25,236.4,223.24
chicago,p612,1224,2602,1.02,3.847,0.006,168.4,177.0,20,161.8,166.38
chicago,p612,1241,2590,2.427,5.689,0.044,266.3,260.0,33,256.4,258.23
chicago,p635,47,99,5.284,41.756,22.081,149.5,118.0,0,,135.56
chicago,p635,1146,149,18.142,36.933,9.517,167.7,142.0,4,140.9,160.54
chicago,p643,52,251,7.488,33.364,6.028,158.9,167.0,1,178.7,173.56
chicago,p643,169,233,9.747,31.677,3.277,133.4,146.0,0,,147.1
chicago,p643,176,170,16.072,41.629,10.476,172.8,153.0,0,,151.37
chicago,p643,180,79,16.202,46.085,2.413,85.3,84.0,0,,84.87
chicago,p643,432,119,7.681,31.152,4.799,74.8,74.0,0,,84.81
chicago,p643,956,95,3.937,22.617,0.835,37.3,41.6,0,,69.94
chicago,p643,1147,95,2.453,22.617,0.924,44.4,41.6,0,,72.48
chicago,p644,258,70,18.91,38.817,10.658,85.1,58.0,0,,80.94
chicago,p644,848,108,22.199,35.761,1.913,93.5,80.0,0,,98.16
chicago,p644,1150,110,15.347,46.72,7.902,107.2,118.4,0,,155.64
chicago,p645,16,85,17.131,29.975,0.538,47.2,51.0,0,,86.44
chicago,p645,17,103,8.81,41.462,6.289,96.3,93.0,0,,97.06
chicago,p645,922,248,11.188,32.952,2.977,172.4,163.0,1,194.1,164.1
chicago,p645,969,216,8.81,38.738,6.797,165.1,175.0,4,193.7,175.87
chicago,p647,274,268,2.797,3.205,3.205,27.5,45.0,1,61.2,53.38
chicago,p647,291,916,3.147,4.558,4.558,76.3,103.0,4,59.0,104.07
chicago,p647,362,2716,0.769,0.316,0.316,130.5,45.0,0,,39.51
chicago,p648,378,158,3.563,4.337,1.446,20.3,42.0,0,,58.62
chicago,p648,379,233,9.931,13.293,8.956,120.3,85.0,0,,86.22
chicago,p648,706,522,1.668,4.382,3.933,-17.0,70.0,2,76.5,73.84
chicago,p648,768,260,9.704,11.572,5.254,99.0,83.2,0,,80.91
chicago,p648,1100,350,6.141,5.025,3.527,69.3,60.8,4,68.6,60.94
chicago,p648,1245,549,4.549,7.036,0.099,78.4,97.8,3,45.6,98.62
chicago,p648,1248,244,1.061,4.225,0.835,47.1,48.0,0,,47.14
chicago,p725,188,86,31.537,49.083,13.88,62.5,101.0,0,,94.52
chicago,p725,202,119,14.459,47.042,6.509,76.9,130.0,0,,135.77
chicago,p725,1175,117,19.323,52.573,0.989,93.4,155.0,0,,155.38
chicago,p744,537,1437,2.217,5.128,0.66,127.8,131.0,8,126.2,124.75
chicago,p744,555,944,1.912,5.869,0.744,115.1,99.0,7,101.9,86.77
chicago,p744,567,1049,0.671,4.252,0.985,101.4,80.0,9,108.8,92.35
chicago,p744,581,1052,0.386,4.78,0.279,88.3,90.0,11,87.8,84.72
chicago,p744,582,830,0.692,6.256,1.146,88.1,93.0,10,88.8,77.74
chicago,p744,583,878,0.936,5.464,0.923,89.9,86.0,6,92.8,82.53
chicago,p744,584,991,0.386,4.501,0.383,79.8,80.0,3,111.6,76.94
chicago,p744,586,1133,0.61,4.441,0.386,90.5,90.0,8,93.7,77.03
chicago,p744,588,1218,0.488,4.555,0.086,93.5,99.0,11,94.7,88.49
chicago,p744,590,1129,2.502,5.867,0.85,106.3,118.0,14,109.6,103.47
chicago,p744,592,932,2.705,6.729,6.729,107.8,112.0,16,118.9,103.83
chicago,p744,593,915,2.217,9.434,5.182,133.3,154.0,18,136.8,133.14
chicago,p744,748,2142,2.278,7.012,2.062,269.9,265.4,31,260.5,259.19
chicago,p744,1159,2405,1.505,6.052,0.045,259.2,257.0,26,248.9,247.75
chicago,p744,1207,2081,2.705,5.68,0.216,207.4,209.0,14,215.2,212.71
chicago,p744,1227,1857,0.509,5.125,0.023,185.2,168.5,15,175.1,169.25
chicago,p753,298,531,2.322,6.02,2.393,53.4,58.0,1,38.1,69.55
chicago,p753,316,1558,2.159,1.691,0.185,43.4,48.0,0,,49.86
chicago,p753,414,1173,0.882,4.727,1.659,86.3,99.0,10,99.8,86.83
chicago,p753,416,1076,3.019,3.456,0.504,53.5,67.0,3,70.1,60.8
chicago,p753,420,661,5.271,6.474,0.454,78.8,77.0,4,57.2,75.3
chicago,p753,421,1128,0.557,3.957,0.403,110.9,80.0,5,82.3,83.13
chicago,p753,422,1276,2.368,3.364,0.738,93.5,77.0,4,106.0,78.58
chicago,p753,429,1210,2.949,4.914,1.36,106.0,106.0,8,113.8,108.7
chicago,p753,430,902,4.644,6.762,3.673,152.6,109.0,9,117.5,112.7
chicago,p753,609,1449,2.833,3.476,0.525,112.9,90.0,8,93.1,101.63
chicago,p753,641,872,1.625,2.626,2.626,67.1,42.0,2,92.2,45.65
chicago,p753,700,757,1.231,3.025,0.399,48.3,42.0,3,47.8,0.33
chicago,p753,1060,1484,0.372,5.71,0.983,107.1,150.4,9,139.9,136.31
chicago,p764,5,892,0.236,5.891,2.654,63.8,122.0,10,118.0,122.42
chicago,p764,19,1243,1.178,7.7,1.896,170.3,198.0,7,201.1,197.66
chicago,p764,26,1251,0.824,2.472,0.613,86.6,84.0,2,84.3,81.94
chicago,p764,52,1463,1.099,5.348,0.601,178.7,167.0,1,158.9,173.56
chicago,p764,63,872,1.453,6.217,2.7,134.3,125.0,2,135.1,154.74
chicago,p764,88,802,0.687,7.391,1.781,131.6,134.0,8,141.4,134.38
chicago,p764,102,1761,0.334,5.319,1.802,235.7,194.0,10,196.3,198.06
chicago,p764,226,1007,0.314,1.933,0.074,86.7,64.0,1,67.1,82.62
chicago,p764,254,1532,2.218,4.737,1.501,82.0,157.0,16,157.1,161.77
chicago,p764,668,1255,2.591,9.233,3.623,174.3,234.0,22,216.4,233.91
chicago,p764,729,860,1.453,14.331,0.497,237.6,249.6,26,247.4,250.75
chicago,p764,918,1747,1.884,8.557,0.194,308.9,292.9,28,306.4,292.38
chicago,p764,969,1464,0.275,5.656,0.463,288.2,175.0,4,176.6,175.87
chicago,p764,979,1219,0.491,5.194,0.052,247.6,140.8,0,,151.08
chicago,p764,986,881,7.106,9.539,2.188,180.4,178.0,26,175.3,177.92
chicago,p764,990,861,0.883,13.834,7.228,236.6,242.0,9,244.7,238.88
chicago,p764,1131,1399,5.162,6.283,2.23,154.9,184.0,28,169.5,157.7
chicago,p764,1140,1609,2.218,9.526,0.0,289.1,300.0,30,281.9,269.7
chicago,p764,1241,1207,2.728,10.786,0.249,266.0,260.0,33,256.4,258.23
chicago,p834,106,1213,1.898,7.327,2.228,174.7,186.0,8,197.6,201.43
chicago,p834,112,795,3.34,7.95,2.688,130.3,141.0,12,130.8,127.47
chicago,p834,131,651,2.277,5.262,1.013,82.8,90.0,2,74.4,100.87
chicago,p834,134,953,3.289,4.74,0.513,111.3,109.0,6,110.8,102.59
chicago,p834,293,252,4.124,14.69,7.199,63.9,96.0,3,115.1,87.43
chicago,p834,353,1273,0.784,6.675,1.576,194.1,179.0,5,180.1,182.88
chicago,p834,391,4516,0.202,1.243,0.151,243.9,128.0,3,119.3,142.3
chicago,p834,435,712,3.896,6.807,1.667,127.3,115.0,2,124.3,122.14
chicago,p834,559,1925,0.38,1.309,0.015,85.2,74.0,2,78.2,65.74
chicago,p834,567,2137,0.38,1.34,0.483,120.1,80.0,9,106.8,92.35
chicago,p834,588,2004,0.354,1.972,0.657,78.4,99.0,11,94.7,88.49
chicago,p834,590,2057,1.518,2.45,0.89,95.3,118.0,14,109.6,103.47
chicago,p834,592,2251,1.139,2.086,0.993,140.7,112.0,16,117.3,103.83
chicago,p834,593,2292,0.936,3.096,1.383,115.9,154.0,18,136.8,133.14
chicago,p834,595,3419,0.202,1.642,0.332,158.6,128.0,4,129.8,114.94
chicago,p834,598,4896,0.86,0.772,0.042,41.3,96.0,1,96.8,85.65
chicago,p834,694,4841,1.265,1.349,1.176,83.8,144.0,2,132.4,124.56
chicago,p834,1071,4740,0.759,1.378,0.054,94.1,144.0,1,122.4,129.73
chicago,p834,1223,4658,0.759,1.323,0.08,249.4,137.6,3,159.9,128.05
chicago,p941,317,462,1.933,6.416,6.416,61.2,54.0,0,,47.06
chicago,p941,406,398,9.918,10.246,4.735,79.3,74.0,1,87.2,63.1
chicago,p941,412,1945,1.167,2.296,0.251,-15.3,80.0,4,64.0,17.67
chicago,p941,413,1643,1.641,1.499,1.499,120.9,45.0,2,101.8,39.12
chicago,p942,106,1294,1.689,6.874,2.407,200.7,186.0,8,184.6,201.43
chicago,p942,107,931,0.461,3.872,0.024,99.3,93.0,3,105.4,88.38
chicago,p942,112,875,2.979,7.233,2.493,126.6,141.0,12,130.8,127.47
chicago,p942,131,731,1.843,4.695,0.823,96.7,90.0,2,67.5,100.87
chicago,p942,134,1031,2.918,4.383,0.511,103.7,109.0,6,111.9,102.59
chicago,p942,293,332,4.361,11.246,4.168,75.3,96.0,3,115.1,87.43
chicago,p942,294,273,2.181,12.579,1.333,68.6,91.0,0,,99.52
chicago,p942,353,1354,1.843,6.281,0.158,195.1,179.0,5,180.1,182.88
chicago,p942,391,4591,0.369,1.223,0.148,138.2,128.0,3,119.3,142.3
chicago,p942,435,792,2.273,6.123,1.382,122.7,115.0,2,126.7,122.14
chicago,p942,567,2214,0.369,1.294,0.443,108.8,80.0,9,106.8,92.35
chicago,p942,588,2081,0.43,1.899,0.627,84.1,99.0,11,94.7,88.49
chicago,p942,590,2133,1.382,2.362,0.854,106.2,118.0,14,109.6,103.47
chicago,p942,592,2327,1.106,2.018,1.01,115.3,112.0,16,118.9,103.83
chicago,p942,593,2368,0.799,2.997,0.979,131.9,154.0,18,136.8,133.14
chicago,p942,595,3497,1.014,1.605,0.152,136.4,128.0,4,129.8,114.94
chicago,p942,598,4968,0.829,0.761,0.041,96.8,96.0,1,41.3,85.65
chicago,p942,694,4913,1.136,1.329,1.159,114.4,144.0,2,117.1,124.56
chicago,p942,834,973,2.457,13.352,2.105,260.1,261.0,16,269.1,261.19
chicago,p942,1071,4814,0.737,1.357,0.054,122.4,144.0,1,94.1,129.73
chicago,p942,1223,4732,0.645,1.303,0.08,154.2,137.6,3,187.9,128.05
chicago,p949,10,1787,1.005,5.561,0.175,310.0,204.0,25,200.9,206.61
chicago,p949,12,1511,0.597,6.869,0.371,181.7,212.0,22,212.1,210.74
chicago,p949,50,660,4.24,11.899,1.69,156.1,169.0,20,170.0,173.64
chicago,p949,151,1069,0.283,7.253,0.266,167.0,166.0,2,247.7,167.34
chicago,p949,154,1013,2.292,6.365,1.188,150.0,143.0,1,134.7,146.05
chicago,p949,195,2789,1.539,2.628,1.856,283.7,158.0,10,158.9,153.53
chicago,p949,240,2709,0.785,1.269,0.143,112.2,90.0,4,119.3,67.11
chicago,p949,253,2594,0.408,1.833,0.602,102.0,113.0,3,128.1,103.08
chicago,p949,264,2494,0.597,2.021,0.188,95.2,118.0,4,125.7,118.16
chicago,p949,267,2475,0.502,1.458,0.332,104.7,93.0,5,84.1,83.44
chicago,p949,283,2856,1.036,1.444,0.672,151.8,102.0,6,100.8,92.07
chicago,p949,288,2934,0.251,1.933,0.356,117.2,129.0,3,131.5,129.64
chicago,p949,296,2966,0.565,1.275,0.808,163.5,96.0,7,99.5,93.56
chicago,p949,708,967,0.597,13.483,5.732,244.9,261.8,25,258.3,256.24
chicago,p949,713,722,0.565,10.21,8.751,148.3,160.0,7,161.8,168.03
chicago,p949,726,2712,0.974,2.133,1.488,138.0,131.0,7,134.0,133.19
chicago,p949,755,614,4.051,8.489,1.165,97.5,121.6,2,109.2,121.18
chicago,p949,760,529,0.879,7.324,1.938,96.6,98.0,1,81.5,99.98
chicago,p949,782,819,2.041,7.751,0.498,144.6,141.5,0,,155.58
chicago,p949,795,1033,3.831,10.797,0.725,232.5,227.0,24,237.9,232.98
chicago,p949,798,974,1.978,10.182,0.194,209.2,205.0,24,212.6,211.81
chicago,p949,801,734,2.135,10.647,0.438,159.7,168.0,17,169.7,169.19
chicago,p949,952,1673,2.355,5.586,0.553,276.8,193.6,25,208.0,202.72
chicago,p949,1143,922,0.44,5.514,4.026,162.4,119.0,1,101.6,128.68
chicago,p949,1144,974,0.283,9.989,1.726,199.7,201.6,3,195.0,211.81
chicago,p949,1145,889,1.602,6.988,0.057,131.9,139.0,1,238.2,135.31
chicago,p949,1146,655,1.633,9.706,1.136,143.1,142.0,4,150.2,160.54
chicago,p949,1167,1829,1.633,6.24,0.038,237.8,230.0,18,222.7,226.59
chicago,p949,1193,2648,1.727,2.249,0.015,110.6,134.0,9,128.6,134.23
chicago,p949,1198,2762,1.068,3.13,0.122,111.6,181.0,16,194.1,183.52
chicago,p965,195,1192,2.862,6.129,0.362,154.5,158.0,10,168.2,153.53
chicago,p965,288,980,0.973,5.767,0.257,131.5,129.0,3,117.2,129.64
chicago,p965,289,828,1.612,5.789,0.132,124.2,114.0,2,105.8,114.06
chicago,p965,296,1018,0.417,3.711,0.164,98.9,96.0,7,101.4,93.56
chicago,p965,335,3689,0.417,2.576,0.378,256.2,196.0,22,206.4,197.26
chicago,p965,425,807,5.502,4.466,1.655,102.4,93.0,2,61.8,94.84
chicago,p965,708,3157,1.167,4.199,0.397,248.9,261.8,25,258.3,256.24
chicago,p965,726,1273,0.667,4.536,1.027,129.1,131.0,7,135.4,133.19
chicago,p965,729,2654,0.917,4.73,0.175,237.7,249.6,26,247.4,250.75
chicago,p965,743,863,0.445,3.847,0.445,91.9,88.0,10,99.6,89.64
chicago,p965,795,2964,0.306,3.802,0.294,229.0,227.0,24,237.9,232.98
chicago,p965,798,2964,1.389,3.379,0.065,217.6,205.0,24,210.2,211.81
chicago,p965,834,4429,0.472,2.986,0.692,263.9,261.0,16,269.1,261.19
chicago,p965,918,2572,0.5,5.836,0.047,426.5,292.9,28,306.4,292.38
chicago,p965,931,361,9.893,4.753,2.177,52.0,60.0,3,64.7,46.41
chicago,p965,932,366,0.389,4.687,2.001,50.3,60.0,1,101.6,44.17
chicago,p965,986,2489,0.389,3.402,0.936,225.0,178.0,26,175.3,177.92
chicago,p965,1010,1041,1.584,10.731,0.605,221.5,227.2,18,214.2,225.25
chicago,p965,1011,1053,0.278,9.935,2.889,217.5,214.4,8,212.9,204.28
chicago,p965,1137,3042,1.056,5.072,0.318,249.0,300.0,29,266.2,264.96
chicago,p965,1140,2799,0.417,5.51,0.032,316.7,300.0,30,281.9,269.7
chicago,p965,1156,2982,1.417,4.754,1.835,165.6,278.0,25,272.2,176.51
chicago,p965,1179,2913,1.028,3.183,0.04,173.1,192.0,27,178.6,192.3
chicago,p965,1193,1491,0.861,3.99,0.278,139.8,134.0,9,128.2,134.23
chicago,p965,1198,1036,2.973,8.294,0.645,177.6,181.0,16,194.1,183.52
chicago,p965,1211,4232,0.278,2.584,0.688,327.9,221.0,25,229.7,223.24
chicago,p965,1224,3011,0.472,2.795,0.0,135.5,177.0,20,164.0,166.38
chicago,p965,1239,4022,0.834,2.378,0.189,166.6,197.0,7,195.8,197.18
chicago,p985,48,1055,0.756,7.291,0.23,153.8,137.0,1,170.2,137.47
chicago,p985,50,977,2.871,9.696,0.848,168.7,169.0,20,170.0,173.64
chicago,p985,75,2312,0.327,1.387,0.35,58.7,58.0,5,79.6,70.41
chicago,p985,79,2286,1.184,1.479,0.067,53.1,61.0,1,57.5,49.59
chicago,p985,87,2516,0.202,1.412,0.024,62.5,64.0,7,74.1,65.63
chicago,p985,162,2305,1.159,2.261,0.293,140.0,93.0,1,136.0,95.25
chicago,p985,267,2769,0.479,1.883,0.258,79.3,93.0,5,103.3,83.44
chicago,p985,345,3133,0.781,1.39,0.002,88.1,78.0,2,80.1,77.54
chicago,p985,683,3115,0.202,1.968,0.09,105.9,109.0,6,124.5,110.68
chicago,p985,713,1030,0.605,8.721,6.352,160.8,160.0,7,161.8,168.03
chicago,p985,795,1375,2.947,9.293,0.552,227.5,227.0,24,237.9,232.98
chicago,p985,798,1310,0.957,8.805,0.145,208.8,205.0,24,212.6,211.81
chicago,p985,801,1044,1.839,9.038,0.317,169.7,168.0,17,168.5,169.19
chicago,p985,1015,2254,0.932,4.592,1.422,125.4,183.0,27,189.3,188.0
chicago,p985,1146,1002,0.277,7.956,0.665,161.6,142.0,4,140.9,160.54
chicago,p985,1188,2921,0.202,1.823,0.015,88.1,95.0,4,85.0,95.86
chicago,p985,1249,3189,1.662,1.688,0.007,98.4,96.0,5,85.3,98.06
chicago,p988,195,4236,0.705,2.109,0.021,181.7,158.0,10,158.9,153.53
chicago,p988,291,4981,0.605,1.162,0.565,48.9,103.0,4,72.7,104.07
chicago,p988,292,4669,0.277,0.528,0.039,65.4,45.0,1,63.4,49.64
chicago,p988,414,2913,1.99,1.907,0.182,106.1,99.0,10,92.7,86.83
chicago,p988,416,3048,0.227,1.222,0.759,54.5,67.0,3,70.1,60.8
chicago,p988,417,3018,0.327,0.816,0.816,75.0,45.0,1,101.3,49.33
chicago,p988,421,3461,0.202,1.291,1.291,82.3,80.0,5,100.1,83.13
chicago,p988,429,3434,0.554,1.734,0.918,106.0,106.0,8,113.8,108.7
chicago,p988,430,3236,0.63,1.894,0.199,116.4,109.0,9,121.2,112.7
chicago,p988,743,4083,0.63,1.207,0.17,96.7,88.0,10,97.2,89.64
chicago,p988,1010,4236,0.529,3.043,0.174,207.2,227.2,18,219.9,225.25
chicago,p988,1011,4246,0.202,2.864,0.428,202.3,214.4,8,220.5,204.28
chicago,p988,1064,2736,0.227,2.37,0.059,97.4,115.2,7,92.8,118.94
chicago,p988,1198,4209,0.73,2.435,0.076,195.2,181.0,16,192.3,183.52
chicago,p989,414,2801,0.571,1.411,0.21,87.2,99.0,10,99.8,86.83
chicago,p989,416,2936,0.214,0.722,0.479,70.1,67.0,3,54.5,60.8
chicago,p989,421,3349,0.2,0.855,0.612,63.9,80.0,5,100.1,83.13
chicago,p989,430,3125,0.514,1.448,0.106,125.6,109.0,9,117.5,112.7
chicago,p989,743,3972,0.599,0.837,0.249,102.4,88.0,10,94.3,89.64
chicago,p989,1010,4126,0.499,2.737,0.178,221.5,227.2,18,214.2,225.25
chicago,p989,1011,4136,0.214,2.553,0.443,198.8,214.4,8,220.5,204.28
chicago,p989,1198,4099,0.699,2.11,0.077,195.9,181.0,16,192.3,183.52
chicago,p992,195,4039,0.441,2.212,0.055,178.7,158.0,10,158.9,153.53
chicago,p992,355,3031,1.162,1.417,0.484,63.7,77.0,3,94.6,79.24
chicago,p992,411,1414,2.164,2.753,0.732,80.1,70.0,2,107.2,66.71
chicago,p992,414,2712,1.803,2.049,0.19,115.1,99.0,10,92.7,86.83
chicago,p992,429,3233,0.361,1.843,0.968,117.2,106.0,8,108.2,108.7
chicago,p992,430,3036,0.441,2.019,0.238,121.2,109.0,9,117.5,112.7
chicago,p992,677,2300,3.927,1.195,0.163,43.6,50.0,1,47.2,42.66
chicago,p992,743,3883,0.441,1.269,0.168,143.3,88.0,10,94.3,89.64
chicago,p992,931,3551,0.361,0.936,0.002,64.7,60.0,3,55.8,46.41
chicago,p992,1010,4037,0.441,3.193,0.182,175.2,227.2,18,219.9,225.25
chicago,p992,1060,2613,1.202,3.251,0.77,139.9,150.4,9,117.1,136.31
chicago,p992,1064,2533,0.481,2.559,0.063,92.8,115.2,7,97.4,118.94
chicago,p992,1065,2539,0.481,2.697,0.138,119.2,121.6,6,102.7,118.95
chicago,p992,1068,2465,0.321,1.441,0.072,67.2,64.0,1,67.5,73.16
chicago,p992,1198,4010,0.641,2.556,0.08,193.0,181.0,16,193.4,183.52
chicago,p993,195,4086,0.397,2.187,0.046,176.0,158.0,10,158.9,153.53
chicago,p993,291,4872,0.653,1.188,0.647,69.1,103.0,4,62.6,104.07
chicago,p993,355,3074,1.283,1.398,0.475,81.9,77.0,3,94.6,79.24
chicago,p993,413,1305,1.586,1.887,0.468,32.2,45.0,2,146.2,39.12
chicago,p993,414,2757,1.913,2.015,0.188,114.2,99.0,10,92.7,86.83
chicago,p993,416,2892,0.397,1.288,1.288,72.5,67.0,3,54.5,60.8
chicago,p993,417,2860,0.21,0.861,0.861,101.3,45.0,1,75.0,49.33
chicago,p993,429,3277,0.397,1.818,0.956,110.5,106.0,8,111.6,108.7
chicago,p993,430,3082,0.397,1.989,0.228,117.5,109.0,9,121.2,112.7
chicago,p993,609,2989,0.303,1.686,0.289,89.6,90.0,8,102.2,101.63
chicago,p993,677,2343,1.47,1.174,0.161,47.2,50.0,1,43.6,42.66
chicago,p993,743,3929,0.49,1.254,0.168,141.0,88.0,10,94.3,89.64
chicago,p993,931,3595,0.513,0.924,0.002,55.8,60.0,3,64.7,46.41
chicago,p993,1010,4082,0.49,3.157,0.18,210.1,227.2,18,219.9,225.25
chicago,p993,1011,4092,0.187,2.971,0.444,201.2,214.4,8,220.5,204.28
chicago,p993,1060,2656,1.306,3.198,0.758,145.1,150.4,9,117.1,136.31
chicago,p993,1061,2645,0.21,1.828,0.01,91.7,86.4,1,94.9,78.06
chicago,p993,1063,2568,0.21,2.453,0.212,101.0,112.0,0,,118.97
chicago,p993,1064,2577,0.513,2.515,0.062,112.2,115.2,7,92.8,118.94
chicago,p993,1065,2583,0.537,2.651,0.136,118.5,121.6,6,103.0,118.95
chicago,p993,1068,2509,0.327,1.416,0.071,67.5,64.0,1,67.2,73.16
chicago,p993,1198,4056,0.677,2.527,0.079,191.6,181.0,16,194.1,183.52
chicago,p993,1213,3941,0.746,0.622,0.067,35.5,44.8,1,51.8,44.08
chicago,p1001,195,341,8.913,16.027,16.027,176.0,158.0,10,158.9,153.53
chicago,p1001,282,338,2.509,10.716,4.901,127.5,124.0,7,134.9,125.85
chicago,p1001,283,383,6.8,6.265,6.265,92.4,102.0,6,101.2,92.07
chicago,p1001,296,468,1.485,4.403,4.403,70.6,96.0,7,101.4,93.56
chicago,p1001,297,592,4.357,0.387,0.387,114.7,64.0,0,,64.23
chicago,p1001,743,403,3.301,3.974,2.574,105.8,88.0,10,94.3,89.64
chicago,p1001,1008,254,1.221,23.925,9.968,159.1,172.8,0,,204.42
chicago,p1001,1009,255,1.419,31.151,7.226,185.4,214.4,4,203.4,214.92
chicago,p1001,1010,235,5.282,35.409,13.082,255.3,227.2,18,214.2,225.25
chicago,p1001,1011,246,2.872,32.153,6.076,250.3,214.4,8,209.9,204.28
chicago,p1001,1198,247,10.134,26.077,3.488,204.1,181.0,16,192.3,183.52
chicago,p1007,112,1487,1.823,5.342,0.632,130.5,141.0,12,130.8,127.47
chicago,p1007,134,1299,0.876,4.71,0.545,109.1,109.0,6,111.9,102.59
chicago,p1007,147,1367,2.068,4.726,0.703,107.9,115.0,3,122.5,102.44
chicago,p1007,153,2634,0.351,2.587,0.22,170.2,121.0,0,,124.86
chicago,p1007,328,2056,1.016,4.781,0.661,164.4,174.0,10,163.7,175.31
chicago,p1007,335,2290,1.052,4.842,0.786,196.4,196.0,22,207.0,197.26
chicago,p1007,353,1176,0.701,8.557,0.045,174.1,179.0,5,183.8,182.88
chicago,p1007,465,733,0.386,8.078,0.797,106.4,106.0,2,104.5,99.34
chicago,p1007,510,610,2.348,8.205,0.455,87.0,90.0,2,94.4,78.71
chicago,p1007,511,615,1.858,8.686,0.005,101.5,96.0,2,92.9,87.27
chicago,p1007,530,982,0.981,7.486,1.168,117.2,131.0,4,121.8,122.94
chicago,p1007,535,775,3.085,8.509,0.431,107.9,118.0,7,107.6,104.01
chicago,p1007,537,606,4.522,12.009,3.257,127.9,131.0,8,126.2,124.75
chicago,p1007,559,472,1.122,8.681,0.57,78.3,74.0,2,81.7,65.74
chicago,p1007,561,418,2.874,9.769,1.089,82.9,74.0,3,83.3,71.59
chicago,p1007,588,409,4.136,13.341,3.571,107.6,99.0,11,93.5,88.49
chicago,p1007,589,373,0.736,11.382,1.612,107.6,77.0,1,104.2,85.51
chicago,p1007,590,334,9.709,19.171,8.573,127.3,118.0,14,106.8,103.47
chicago,p1007,708,2811,0.351,5.281,0.979,225.5,261.8,25,258.3,256.24
chicago,p1007,741,2427,0.666,4.454,4.454,184.3,191.0,22,189.3,197.35
chicago,p1007,748,1318,2.559,11.304,2.298,251.3,265.4,31,261.1,259.19
chicago,p1007,750,2206,0.491,4.323,0.216,179.7,168.8,6,160.2,168.87
chicago,p1007,751,2215,1.262,3.988,0.403,159.0,156.4,20,158.8,158.84
chicago,p1007,798,3016,0.631,3.85,0.064,217.9,205.0,24,210.2,211.81
chicago,p1007,804,2448,0.876,4.566,0.112,200.7,197.5,23,202.7,197.78
chicago,p1007,834,1538,1.367,9.562,4.281,259.7,261.0,16,269.1,261.19
chicago,p1007,1159,1609,0.351,9.006,1.519,210.1,257.0,26,252.8,247.75
chicago,p1007,1211,1685,1.332,7.405,2.062,129.8,221.0,25,236.4,223.24
chicago,p1015,55,2966,0.398,2.818,0.383,132.8,148.0,0,,148.22
chicago,p1015,66,3353,0.289,3.243,0.424,130.7,192.0,11,209.8,190.73
chicago,p1015,99,2054,0.759,3.511,0.636,64.9,128.0,3,126.2,131.58
chicago,p1015,102,2916,0.47,3.768,0.292,350.0,194.0,10,196.3,198.06
chicago,p1015,178,2896,0.542,3.872,0.508,193.9,198.0,13,209.1,202.35
chicago,p1015,359,3746,0.723,2.95,1.103,178.9,195.0,5,205.7,169.03
chicago,p1015,366,234,9.541,17.091,12.732,90.1,74.0,2,82.8,65.66
chicago,p1015,376,2530,0.867,3.076,0.109,155.9,138.0,4,136.1,171.15
chicago,p1015,385,2331,0.289,1.131,0.356,47.7,48.0,0,,53.9
chicago,p1015,390,3552,0.94,1.468,0.864,20.4,93.0,2,64.2,74.3
chicago,p1015,551,4496,0.687,1.16,1.16,92.2,93.0,4,90.4,80.88
chicago,p1015,552,4500,0.361,1.159,0.028,68.0,93.0,5,83.8,81.16
chicago,p1015,554,4368,0.361,1.193,0.083,110.4,93.0,2,43.5,81.1
chicago,p1015,555,4609,0.542,1.206,0.047,78.9,99.0,7,103.3,86.77
chicago,p1015,577,4566,0.94,1.744,1.744,100.3,141.0,7,132.4,121.53
chicago,p1015,586,4623,0.542,1.091,0.176,87.4,90.0,8,93.7,77.03
chicago,p1015,590,4837,0.434,1.374,0.122,176.8,118.0,14,106.8,103.47
chicago,p1015,592,4961,0.578,1.27,0.07,138.1,112.0,16,117.3,103.83
chicago,p1015,593,4948,0.542,1.76,0.527,117.1,154.0,18,136.8,133.14
chicago,p1015,612,2809,1.301,3.159,0.226,152.0,157.0,4,150.5,140.63
chicago,p1015,626,2704,1.626,4.651,1.473,157.5,222.0,7,218.1,219.62
chicago,p1015,630,2763,1.771,4.696,1.323,301.0,229.0,11,225.4,227.9
chicago,p1015,668,3385,0.759,3.921,0.049,241.3,234.0,22,214.4,233.91
chicago,p1015,737,2582,0.614,2.772,0.182,115.8,127.0,2,103.7,128.42
chicago,p1015,1159,4205,1.048,3.47,0.014,274.3,257.0,26,248.9,247.75
chicago,p1015,1167,3403,0.614,3.834,0.066,270.8,230.0,18,222.7,226.59
chicago,p1015,1209,3716,0.614,2.927,0.127,233.8,192.0,7,198.8,182.61
chicago,p1015,1221,2839,0.289,1.755,0.046,215.8,89.0,0,,90.44
chicago,p1015,1227,4168,1.229,2.287,0.011,303.5,168.5,15,175.1,169.25
chicago,p1016,13,4391,0.829,2.686,0.062,205.0,208.0,14,209.4,210.52
chicago,p1016,62,4592,0.719,2.556,0.45,190.9,207.0,12,202.2,197.37
chicago,p1016,102,4882,0.626,2.252,0.453,180.2,194.0,10,199.3,198.06
chicago,p1016,178,4614,0.405,2.432,0.18,176.4,198.0,13,209.1,202.35
chicago,p1016,195,3481,1.087,2.566,2.566,156.8,158.0,10,168.2,153.53
chicago,p1016,240,3583,0.203,1.407,0.001,122.7,90.0,4,114.1,67.11
chicago,p1016,253,3669,0.184,1.733,0.167,127.4,113.0,3,128.1,103.08
chicago,p1016,282,3501,1.013,1.996,0.008,134.9,124.0,7,127.5,125.85
chicago,p1016,283,3422,0.995,1.674,0.984,100.7,102.0,6,101.2,92.07
chicago,p1016,296,3323,0.387,1.62,0.241,101.4,96.0,7,99.5,93.56
chicago,p1016,424,2987,1.75,1.553,0.136,104.2,83.0,4,90.8,89.25
chicago,p1016,428,2808,0.737,0.938,0.082,65.3,48.0,2,87.3,52.4
chicago,p1016,630,4894,0.258,2.656,0.3,230.5,229.0,11,225.4,227.9
chicago,p1016,668,4738,0.405,2.803,0.244,204.7,234.0,22,216.4,233.91
chicago,p1016,699,2570,0.884,0.892,0.063,50.2,42.0,1,64.4,16.39
chicago,p1016,700,2674,0.424,0.857,0.857,47.8,42.0,3,48.3,0.33
chicago,p1016,726,3548,0.866,2.082,0.978,135.4,131.0,7,134.0,133.19
chicago,p1016,742,3406,1.032,1.177,0.239,104.7,72.0,4,66.9,72.64
chicago,p1016,918,4098,0.903,4.06,0.023,286.6,292.9,28,307.9,292.38
chicago,p1016,982,4527,0.792,2.252,0.032,178.3,180.0,18,177.6,174.78
chicago,p1016,1009,3597,0.203,3.379,0.659,195.1,214.4,4,203.4,214.92
chicago,p1016,1010,3591,0.497,3.589,0.209,222.5,227.2,18,214.2,225.25
chicago,p1016,1011,3595,0.203,3.381,0.489,223.5,214.4,8,209.9,204.28
chicago,p1016,1131,4149,0.792,2.512,0.328,167.0,184.0,28,168.5,157.7
chicago,p1016,1187,4473,0.203,2.624,0.108,187.5,207.0,7,199.9,208.91
chicago,p1016,1193,3575,1.271,2.114,0.016,123.9,134.0,9,128.6,134.23
chicago,p1016,1198,3543,0.7,2.892,0.092,201.5,181.0,16,192.3,183.52
chicago,p1016,1241,4661,1.382,3.168,0.022,263.1,260.0,33,256.4,258.23
chicago,p1017,10,4813,0.509,2.403,0.087,196.4,204.0,25,202.3,206.61
chicago,p1017,13,4020,0.835,2.934,0.073,199.8,208.0,14,209.4,210.52
chicago,p1017,62,4218,0.814,2.782,0.466,189.1,207.0,12,202.2,197.37
chicago,p1017,93,4952,0.305,1.931,0.33,181.6,169.0,4,187.2,171.42
chicago,p1017,102,4513,0.733,2.436,0.481,175.6,194.0,10,199.3,198.06
chicago,p1017,178,4244,0.326,2.644,0.208,175.3,198.0,13,209.1,202.35
chicago,p1017,195,3117,1.161,2.865,2.865,157.6,158.0,10,168.2,153.53
chicago,p1017,240,3211,0.387,1.57,0.057,108.1,90.0,4,119.3,67.11
chicago,p1017,253,3298,0.489,1.928,0.037,128.1,113.0,3,127.4,103.08
chicago,p1017,264,3408,0.183,1.95,0.022,132.4,118.0,4,116.8,118.16
chicago,p1017,270,3174,0.183,1.985,0.74,125.6,112.0,1,115.4,112.82
chicago,p1017,282,3148,0.204,2.219,0.442,108.7,124.0,7,134.9,125.85
chicago,p1017,283,3061,0.977,1.871,1.871,101.5,102.0,6,100.8,92.07
chicago,p1017,289,2874,0.916,2.232,0.013,129.6,114.0,2,103.1,114.06
chicago,p1017,296,2963,0.489,1.817,0.249,99.5,96.0,7,101.4,93.56
chicago,p1017,420,2418,1.018,1.777,0.018,83.9,77.0,4,57.2,75.3
chicago,p1017,424,2638,1.323,1.759,0.448,107.3,83.0,4,90.8,89.25
chicago,p1017,428,2464,1.568,1.07,1.07,60.0,48.0,2,89.9,52.4
chicago,p1017,641,2431,0.428,0.943,0.943,62.9,42.0,2,94.2,45.65
chicago,p1017,668,4363,0.407,3.043,0.283,215.8,234.0,22,214.9,233.91
chicago,p1017,699,2233,1.079,1.026,0.083,64.4,42.0,1,50.2,16.39
chicago,p1017,700,2332,0.631,0.983,0.983,54.2,42.0,3,47.8,0.33
chicago,p1017,726,3183,0.977,2.321,1.075,134.0,131.0,7,135.4,133.19
chicago,p1017,742,3060,0.733,1.31,0.241,100.2,72.0,4,66.9,72.64
chicago,p1017,795,4949,0.672,2.603,0.076,258.6,227.0,24,235.8,232.98
chicago,p1017,918,3725,0.916,4.465,0.028,281.6,292.9,28,307.9,292.38
chicago,p1017,982,4152,0.977,2.455,0.034,174.2,180.0,18,178.1,174.78
chicago,p1017,1009,3242,0.204,3.748,0.731,201.3,214.4,4,200.3,214.92
chicago,p1017,1010,3235,0.611,3.982,0.232,228.9,227.2,18,214.2,225.25
chicago,p1017,1011,3239,0.183,3.751,0.536,225.3,214.4,8,209.9,204.28
chicago,p1017,1015,3991,0.204,2.597,0.069,208.3,183.0,27,188.4,188.0
chicago,p1017,1131,3775,0.896,2.76,0.327,160.9,184.0,28,169.5,157.7
chicago,p1017,1137,4911,0.876,3.473,0.2,272.7,300.0,29,265.5,264.96
chicago,p1017,1156,4826,0.468,3.273,0.111,187.6,278.0,25,272.2,176.51
chicago,p1017,1167,4630,1.018,2.819,0.0,204.0,230.0,18,227.1,226.59
chicago,p1017,1179,4653,0.876,2.339,0.02,188.4,192.0,27,177.9,192.3
chicago,p1017,1187,4102,0.326,2.861,0.028,184.7,207.0,7,199.9,208.91
chicago,p1017,1193,3205,1.344,2.358,0.019,129.8,134.0,9,128.2,134.23
chicago,p1017,1198,3187,0.713,3.215,0.104,199.2,181.0,16,192.3,183.52
chicago,p1017,1224,4783,0.183,2.095,0.029,172.3,177.0,20,161.8,166.38
chicago,p1017,1241,4287,1.486,3.444,0.025,259.5,260.0,33,256.4,258.23
chicago,p1018,10,4806,0.599,1.716,0.251,203.1,204.0,25,200.9,206.61
chicago,p1018,13,4015,0.798,2.111,0.057,211.3,208.0,14,206.3,210.52
chicago,p1018,62,4212,0.898,1.999,0.419,193.2,207.0,12,202.2,197.37
chicago,p1018,93,4940,0.439,1.264,0.371,184.9,169.0,4,185.6,171.42
chicago,p1018,102,4510,0.679,1.702,0.486,194.2,194.0,10,199.3,198.06
chicago,p1018,178,4240,0.279,1.864,0.162,191.6,198.0,13,209.1,202.35
chicago,p1018,626,4614,0.758,2.011,0.262,243.7,222.0,7,215.2,219.62
chicago,p1018,630,4525,0.379,2.139,0.46,264.4,229.0,11,225.4,227.9
chicago,p1018,668,4355,0.399,2.288,0.402,248.9,234.0,22,214.4,233.91
chicago,p1018,706,4766,0.479,0.12,0.12,79.4,70.0,2,28.2,73.84
chicago,p1018,730,4006,0.778,1.144,0.51,128.7,140.0,5,131.7,141.22
chicago,p1018,731,4118,0.679,1.113,0.033,145.1,140.0,4,132.1,140.58
chicago,p1018,732,4084,0.758,1.122,0.449,140.7,140.0,7,144.7,140.99
chicago,p1018,733,4041,0.679,1.134,0.49,139.1,140.0,6,128.5,140.9
chicago,p1018,749,3803,0.299,0.241,0.2,60.5,76.0,1,75.2,78.25
chicago,p1018,918,3719,0.998,3.583,0.054,291.1,292.9,28,307.9,292.38
chicago,p1018,982,4141,0.938,1.66,0.037,176.8,180.0,18,178.1,174.78
chicago,p1018,1100,4360,0.2,0.011,0.011,73.4,60.8,4,66.5,60.94
chicago,p1018,1131,3766,0.818,1.886,0.354,164.5,184.0,28,169.5,157.7
chicago,p1018,1156,4814,0.519,2.593,0.124,274.4,278.0,25,270.5,176.51
chicago,p1018,1167,4622,0.998,2.106,0.0,209.6,230.0,18,227.1,226.59
chicago,p1018,1171,4028,0.499,1.749,0.335,211.2,183.0,7,170.8,175.2
chicago,p1018,1179,4641,1.277,1.629,0.014,188.4,192.0,27,177.9,192.3
chicago,p1018,1187,4098,0.299,2.054,0.028,199.9,207.0,7,189.5,208.91
chicago,p1018,1194,4853,0.579,0.602,0.324,93.0,111.0,1,122.1,116.98
chicago,p1018,1241,4278,1.537,2.677,0.022,273.2,260.0,33,256.4,258.23
chicago,p1019,13,4400,0.792,2.681,0.062,204.2,208.0,14,209.4,210.52
chicago,p1019,62,4602,0.682,2.551,0.448,191.6,207.0,12,202.2,197.37
chicago,p1019,102,4891,0.59,2.248,0.452,182.6,194.0,10,199.3,198.06
chicago,p1019,178,4623,0.405,2.428,0.18,176.3,198.0,13,209.1,202.35
chicago,p1019,195,3497,1.216,2.554,2.554,160.3,158.0,10,166.8,153.53
chicago,p1019,282,3519,0.958,1.985,0.009,144.7,124.0,7,127.5,125.85
chicago,p1019,283,3440,0.903,1.665,1.665,106.3,102.0,6,100.8,92.07
chicago,p1019,296,3341,0.516,1.612,0.24,102.2,96.0,7,99.5,93.56
chicago,p1019,376,4547,0.203,1.713,0.296,137.2,138.0,4,141.1,171.15
chicago,p1019,424,3006,0.682,1.544,0.134,88.9,83.0,4,98.5,89.25
chicago,p1019,626,4988,0.829,2.525,0.17,235.9,222.0,7,215.2,219.62
chicago,p1019,630,4902,0.313,2.652,0.3,204.0,229.0,11,225.4,227.9
chicago,p1019,668,4749,0.295,2.797,0.241,222.3,234.0,22,214.4,233.91
chicago,p1019,726,3565,0.792,2.072,0.974,143.5,131.0,7,134.0,133.19
chicago,p1019,730,4368,0.571,1.809,0.578,125.4,140.0,5,131.7,141.22
chicago,p1019,731,4487,0.626,1.762,0.152,130.3,140.0,4,139.1,140.58
chicago,p1019,732,4451,0.847,1.776,0.385,126.3,140.0,7,144.7,140.99
chicago,p1019,733,4405,0.626,1.794,0.437,125.0,140.0,6,135.6,140.9
chicago,p1019,918,4108,0.903,4.05,0.023,292.2,292.9,28,307.9,292.38
chicago,p1019,982,4539,0.884,2.246,0.032,179.1,180.0,18,177.6,174.78
chicago,p1019,1009,3615,0.221,3.362,0.656,205.5,214.4,4,198.2,214.92
chicago,p1019,1010,3609,0.626,3.571,0.208,239.7,227.2,18,214.2,225.25
chicago,p1019,1011,3613,0.203,3.364,0.487,232.2,214.4,8,209.9,204.28
chicago,p1019,1131,4161,0.774,2.505,0.304,165.0,184.0,28,169.5,157.7
chicago,p1019,1171,4400,0.405,2.355,0.003,177.7,183.0,7,170.8,175.2
chicago,p1019,1187,4483,0.203,2.618,0.108,188.2,207.0,7,199.9,208.91
chicago,p1019,1193,3590,1.179,2.105,0.015,117.4,134.0,9,128.6,134.23
chicago,p1019,1198,3561,0.719,2.877,0.092,209.9,181.0,16,192.3,183.52
chicago,p1019,1241,4672,1.455,3.161,0.022,267.4,260.0,33,256.4,258.23
chicago,p1029,404,2653,1.044,0.432,0.013,67.6,80.0,4,75.3,17.61
chicago,p1029,407,1080,3.2,0.743,0.743,66.7,74.0,1,63.9,63.22
chicago,p1029,412,2584,0.452,0.443,0.011,72.8,80.0,4,34.6,17.67
chicago,p1029,414,1093,1.496,2.043,1.813,136.7,99.0,10,92.7,86.83
chicago,p1029,418,102,22.403,7.785,6.355,46.0,74.0,1,102.3,79.45
chicago,p1029,420,350,6.957,2.778,1.944,60.2,77.0,4,66.5,75.3
chicago,p1029,430,680,5.322,4.119,2.076,142.9,109.0,9,117.5,112.7
chicago,p1029,1059,1350,0.731,2.341,2.341,112.4,115.2,3,119.3,136.11
chicago,p1029,1060,1350,0.348,3.83,1.489,167.8,150.4,9,117.1,136.31
chicago,p1029,1064,1319,0.348,2.396,0.133,156.4,115.2,7,92.8,118.94
chicago,p1058,76,93,16.494,6.129,2.413,122.0,70.0,0,,84.62
chicago,p1058,795,824,2.848,11.459,0.994,214.6,227.0,24,237.9,232.98
chicago,p1058,798,886,3.213,9.295,0.214,198.4,205.0,24,212.6,211.81
chicago,p1058,1144,886,0.431,9.081,2.951,195.0,201.6,3,199.7,211.81
chicago,p1067,93,447,1.785,20.503,1.157,189.5,169.0,4,183.2,171.42
chicago,p1067,155,146,1.653,31.353,17.221,101.0,91.0,1,107.3,98.66
chicago,p1067,204,271,0.364,16.641,4.973,109.9,83.0,2,83.0,94.44
chicago,p1067,617,299,3.437,25.272,9.171,133.1,143.0,2,144.3,145.93
chicago,p1067,728,362,5.387,18.288,1.648,107.1,121.6,1,119.1,141.47
chicago,p1067,1089,142,16.492,40.883,4.557,131.0,125.0,0,,125.07
chicago,p1067,1137,522,4.825,29.705,3.672,291.0,300.0,29,265.5,264.96
chicago,p1067,1138,177,5.585,41.589,5.541,163.1,159.0,2,187.5,162.86
chicago,p1067,1156,450,5.685,31.532,4.033,262.0,278.0,25,272.2,176.51
chicago,p1067,1168,83,3.47,46.507,7.909,76.2,89.6,0,,89.6
chicago,p1067,1184,342,8.13,23.237,6.597,174.0,149.0,6,150.8,134.95
chicago,p1112,13,1110,3.492,7.592,0.948,191.9,208.0,14,209.4,210.52
chicago,p1112,376,670,0.618,6.644,2.043,135.1,138.0,4,142.1,171.15
chicago,p1112,717,1252,0.591,9.077,0.233,391.4,260.0,8,284.9,269.37
chicago,p1112,723,1255,0.618,9.054,2.41,174.0,260.0,9,284.1,270.25
chicago,p1112,732,689,3.385,6.625,2.492,144.7,140.0,7,140.7,140.99
chicago,p1112,733,683,3.466,6.68,1.395,104.5,140.0,6,135.6,140.9
chicago,p1112,918,1374,2.606,9.622,0.172,193.8,292.9,28,307.9,292.38
chicago,p1112,1140,1208,4.648,11.237,0.0,259.1,300.0,30,287.2,269.7
chicago,p1112,1171,791,3.707,8.843,1.286,134.4,183.0,7,172.1,175.2
chicago,p1112,1189,1065,0.376,4.133,1.404,192.8,137.0,2,164.3,144.37
chicago,p1112,1196,780,0.457,1.396,0.027,117.4,79.0,1,102.3,79.63
chicago,p1112,1197,818,0.94,3.219,0.924,119.7,106.0,3,90.8,105.2
chicago,p1112,1245,94,21.358,21.896,2.088,136.1,97.8,3,45.6,98.62
chicago,p1076,5,179,13.893,27.204,9.957,170.6,122.0,10,115.3,122.42
chicago,p1076,88,615,1.06,9.596,2.606,123.1,134.0,8,141.4,134.38
chicago,p1076,93,1065,0.341,7.434,4.065,215.3,169.0,4,183.2,171.42
chicago,p1076,94,949,0.795,5.538,0.288,198.0,122.0,2,129.4,122.82
chicago,p1076,151,1144,0.606,6.78,2.15,243.0,166.0,2,209.7,167.34
chicago,p1076,634,1677,0.681,5.077,1.304,208.0,179.0,5,173.8,185.63
chicago,p1076,708,1150,2.764,11.4,5.873,262.8,261.8,25,257.8,256.24
chicago,p1076,729,567,4.088,21.175,0.896,259.0,249.6,26,244.5,250.75
chicago,p1076,794,968,0.303,10.649,3.401,213.5,212.0,2,230.1,232.69
chicago,p1076,795,966,4.429,11.53,0.881,232.5,227.0,24,237.9,232.98
chicago,p1076,798,1000,0.606,9.924,0.189,197.6,205.0,24,212.6,211.81
chicago,p1076,800,1047,0.53,5.022,0.091,107.2,122.0,0,,128.74
chicago,p1076,986,407,2.536,19.99,13.064,226.0,178.0,26,175.3,177.92
chicago,p1076,1137,986,2.423,15.31,0.287,264.6,300.0,29,266.2,264.96
chicago,p1076,1143,1032,0.606,4.931,0.086,101.6,119.0,1,162.4,128.68
chicago,p1076,1156,924,3.483,15.024,5.766,208.7,278.0,25,272.2,176.51
chicago,p1076,1159,2291,1.476,5.66,0.0,391.0,257.0,26,248.9,247.75
chicago,p1076,1179,826,4.164,11.095,0.463,181.4,192.0,27,177.9,192.3
chicago,p1076,1184,1071,0.53,6.34,1.433,154.0,149.0,6,150.8,134.95
chicago,p1076,1224,929,2.12,8.988,0.051,154.0,177.0,20,164.0,166.38
chicago,p1118,346,3134,1.2,1.535,0.018,180.2,144.0,4,148.6,127.47
chicago,p1118,347,3128,0.353,0.843,0.148,87.4,106.0,2,166.9,96.83
chicago,p1118,348,3044,1.2,1.468,0.045,143.6,138.0,4,137.2,120.81
chicago,p1118,351,3172,0.098,1.517,1.156,89.6,144.0,1,145.9,12.28
chicago,p1118,556,3357,0.201,0.614,0.614,159.8,96.0,1,281.4,88.51
chicago,p1118,578,3635,0.798,0.615,0.615,78.9,99.0,0,,92.02
chicago,p1118,581,2475,0.103,0.694,0.144,108.8,90.0,11,87.8,84.72
chicago,p1118,582,2693,0.495,0.702,0.224,71.5,93.0,10,88.9,77.74
chicago,p1118,584,2510,0.098,0.456,0.037,111.6,80.0,3,91.4,76.94
chicago,p1118,588,2297,0.7,0.973,0.13,83.2,99.0,11,94.7,88.49
chicago,p1118,590,2335,0.304,1.423,0.966,100.4,118.0,14,109.6,103.47
chicago,p1118,592,2478,0.798,1.202,0.588,103.0,112.0,16,118.9,103.83
chicago,p1118,593,2529,0.999,2.129,0.926,210.6,154.0,18,136.1,133.14
chicago,p1118,595,3660,1.303,1.064,0.789,136.3,128.0,4,129.8,114.94
chicago,p1120,254,612,3.031,9.0,1.964,137.7,157.0,16,157.1,161.77
chicago,p1120,717,1071,0.471,10.579,7.244,269.0,260.0,8,288.1,269.37
chicago,p1120,723,1080,0.561,10.495,1.495,283.3,260.0,9,284.1,270.25
chicago,p1120,918,917,3.525,14.246,0.531,404.7,292.9,28,306.4,292.38
chicago,p1120,1131,691,7.386,10.173,3.264,211.2,184.0,28,166.0,157.7
chicago,p1120,1140,1121,4.49,12.08,0.169,293.6,300.0,30,281.9,269.7
chicago,p1120,1188,287,11.495,6.944,0.0,89.9,95.0,4,84.1,95.86
chicago,p1134,10,2683,0.514,3.711,0.728,212.2,204.0,25,200.9,206.61
chicago,p1134,12,2702,0.79,3.854,0.968,220.9,212.0,22,211.8,210.74
chicago,p1134,48,2126,0.198,2.881,0.272,170.2,137.0,1,153.8,137.47
chicago,p1134,50,1966,1.225,4.045,0.541,115.8,169.0,20,170.0,173.64
chicago,p1134,66,2732,0.316,3.394,0.784,246.2,192.0,11,209.5,190.73
chicago,p1134,335,2656,0.494,3.577,0.602,223.5,196.0,22,206.4,197.26
chicago,p1134,341,2521,0.731,3.337,0.712,169.1,177.0,19,170.2,181.31
chicago,p1134,627,2500,0.296,3.297,0.06,162.4,174.0,13,166.7,173.69
chicago,p1134,708,2204,1.659,6.004,0.979,260.9,261.8,25,257.8,256.24
chicago,p1134,715,2965,1.541,4.034,0.324,258.9,239.1,23,234.6,244.98
chicago,p1134,729,1990,1.363,6.297,0.238,269.1,249.6,26,244.5,250.75
chicago,p1134,748,3686,1.462,3.654,0.326,247.7,265.4,31,261.1,259.19
chicago,p1134,751,2757,0.435,2.625,0.277,150.9,156.4,20,158.9,158.84
chicago,p1134,795,2018,2.114,5.577,0.424,243.9,227.0,24,235.8,232.98
chicago,p1134,798,1991,0.573,5.024,0.09,138.2,205.0,24,212.6,211.81
chicago,p1134,801,1895,1.106,4.166,0.121,174.0,168.0,17,168.5,169.19
chicago,p1134,802,1970,0.494,4.036,0.063,174.0,169.0,15,168.6,164.86
chicago,p1134,803,1958,0.316,3.974,0.073,173.4,166.0,6,169.1,164.98
chicago,p1134,822,2875,0.691,3.186,0.146,198.9,190.0,8,199.4,193.64
chicago,p1134,952,2590,0.514,3.615,1.051,214.6,193.6,25,208.0,202.72
chicago,p1134,986,1880,1.185,4.502,0.589,185.1,178.0,26,175.3,177.92
chicago,p1134,990,1997,0.217,6.059,1.558,183.1,242.0,9,244.7,238.88
chicago,p1134,1137,2189,1.738,7.03,0.411,265.5,300.0,29,266.2,264.96
chicago,p1134,1156,2137,2.331,6.619,1.733,294.3,278.0,25,270.5,176.51
chicago,p1134,1159,3444,1.067,3.771,0.0,238.8,257.0,26,252.8,247.75
chicago,p1134,1167,2541,0.316,4.501,0.006,256.8,230.0,18,222.7,226.59
chicago,p1134,1179,2192,2.509,4.226,0.064,197.3,192.0,27,177.9,192.3
chicago,p1134,1211,3284,0.573,3.329,0.241,224.0,221.0,25,236.4,223.24
chicago,p1134,1224,2244,1.58,3.747,0.007,170.5,177.0,20,161.8,166.38
chicago,p1177,355,864,2.183,1.127,1.127,94.6,77.0,3,81.9,79.24
chicago,p1177,408,2094,1.612,0.547,0.547,92.4,80.0,4,101.7,73.16
chicago,p1177,409,2145,1.612,0.881,0.439,63.2,93.0,4,83.8,80.34
chicago,p1177,411,2507,0.47,0.229,0.229,129.9,70.0,2,82.2,66.71
chicago,p1177,414,1272,2.788,1.757,0.879,86.3,99.0,10,99.8,86.83
chicago,p1177,420,1308,3.493,0.745,0.745,54.1,77.0,4,69.5,75.3
chicago,p1177,421,873,2.687,1.313,1.313,100.1,80.0,5,82.3,83.13
chicago,p1177,422,835,3.594,1.166,0.682,65.6,77.0,4,106.0,78.58
chicago,p1177,423,1004,2.217,0.228,0.228,62.0,64.0,2,44.7,70.31
chicago,p1177,429,833,4.4,3.162,3.162,104.5,106.0,8,113.8,108.7
chicago,p1177,430,1165,1.713,2.408,1.095,112.0,109.0,9,121.2,112.7
chicago,p1177,609,912,2.15,1.884,1.727,94.4,90.0,8,100.9,101.63
chicago,p1177,1060,1246,2.821,4.15,1.59,189.9,150.4,9,117.1,136.31
chicago,p1177,1064,1407,0.773,2.247,0.13,90.3,115.2,7,97.4,118.94
chicago,p1177,1065,1422,0.739,2.48,0.233,86.8,121.6,6,118.8,118.95
chicago,p1177,1066,1388,0.907,1.353,0.227,112.1,92.8,1,117.5,78.56
chicago,p1142,10,451,2.018,17.7,3.612,225.9,204.0,25,200.9,206.61
chicago,p1142,12,240,8.267,32.383,21.328,222.6,212.0,22,211.8,210.74
chicago,p1142,66,526,0.846,14.088,4.599,243.1,192.0,11,209.5,190.73
chicago,p1142,80,574,0.456,9.49,1.771,125.4,156.0,2,191.1,148.56
chicago,p1142,626,1195,1.269,7.718,2.79,188.3,222.0,7,218.1,219.62
chicago,p1142,715,662,2.278,15.149,12.19,258.0,239.1,23,234.6,244.98
chicago,p1142,735,1260,0.651,2.318,2.318,74.4,111.0,0,,112.5
chicago,p1142,808,301,0.618,19.634,5.898,136.1,167.5,1,145.4,174.25
chicago,p1142,809,316,2.116,20.668,0.97,159.4,179.2,6,184.9,175.88
chicago,p1142,810,304,2.051,19.697,0.063,131.2,169.0,0,,174.42
chicago,p1142,822,454,2.018,15.981,0.551,172.4,190.0,8,199.9,193.64
chicago,p1142,847,1351,0.358,0.382,0.266,208.2,69.0,0,,60.35
chicago,p1142,952,335,3.873,21.74,4.04,194.6,193.6,25,208.2,202.72
chicago,p1142,953,345,0.488,17.292,3.972,174.3,167.5,1,144.7,176.78
chicago,p1142,954,348,1.79,17.377,0.085,170.6,169.0,0,,177.0
chicago,p1142,955,360,1.595,18.328,0.951,184.5,179.2,4,179.6,178.57
chicago,p1142,1079,851,1.172,2.959,0.245,111.1,104.0,0,,109.29
chicago,p1142,1138,197,3.19,26.683,1.843,196.5,159.0,2,170.8,162.86
chicago,p1178,260,1010,2.969,4.417,1.701,139.1,138.0,0,,139.56
chicago,p1178,308,597,0.386,0.576,0.179,99.8,66.0,0,,89.44
chicago,p1178,315,428,5.493,10.318,1.816,154.4,138.0,1,130.4,140.91
chicago,p1178,349,63,7.571,12.497,10.933,71.8,74.0,1,62.7,67.11
chicago,p1178,520,428,2.108,3.609,2.489,122.3,87.0,1,73.2,92.46
chicago,p1178,612,887,0.386,6.244,2.635,116.2,157.0,4,154.7,140.63
chicago,p1178,613,551,3.414,7.441,7.441,157.0,132.0,1,119.9,131.75
chicago,p1178,629,916,2.821,5.611,1.194,162.0,150.0,1,190.1,150.43
chicago,p1178,630,1081,1.96,8.886,5.467,177.8,229.0,11,225.4,227.9
chicago,p1178,711,833,0.742,1.376,1.348,48.9,80.0,2,71.1,101.57
chicago,p1178,736,1179,0.742,2.67,0.426,62.6,115.0,2,144.0,115.53
chicago,p1178,737,1125,1.9,3.408,0.738,94.2,127.0,2,114.4,128.42
chicago,p1178,846,811,3.503,5.426,3.352,144.6,137.0,2,112.2,137.82
chicago,p1178,851,1203,1.574,5.273,1.854,150.8,171.0,2,179.2,161.9
chicago,p1178,1005,1317,0.297,1.009,1.009,99.4,83.2,0,,81.82
chicago,p1178,1245,1659,0.742,1.305,1.305,34.2,97.8,3,78.4,98.62
chicago,p1186,10,2947,0.787,2.797,1.185,199.8,204.0,25,202.3,206.61
chicago,p1186,12,2989,1.455,2.911,0.625,198.2,212.0,22,212.1,210.74
chicago,p1186,14,2800,0.286,1.882,0.516,219.7,152.0,4,170.1,155.54
chicago,p1186,62,2706,0.477,3.109,0.167,212.6,207.0,12,195.6,197.37
chicago,p1186,69,2431,0.668,2.685,0.207,171.9,174.0,5,179.4,173.6
chicago,p1186,178,2919,0.859,2.707,0.016,209.8,198.0,13,197.2,202.35
chicago,p1186,668,2600,0.382,3.829,1.144,205.7,234.0,22,216.4,233.91
chicago,p1186,717,2711,0.286,4.219,1.949,275.1,260.0,8,288.1,269.37
chicago,p1186,723,2700,0.286,4.237,1.097,319.2,260.0,9,283.3,270.25
chicago,p1186,729,2249,1.073,4.818,0.207,249.1,249.6,26,244.5,250.75
chicago,p1186,809,3027,0.31,2.255,0.171,166.9,179.2,6,184.9,175.88
chicago,p1186,952,2860,1.097,2.674,0.802,191.6,193.6,25,208.2,202.72
chicago,p1186,986,2125,1.431,3.179,0.262,172.7,178.0,26,175.9,177.92
chicago,p1186,990,2257,0.191,4.611,1.434,252.3,242.0,9,244.1,238.88
chicago,p1186,1015,1912,1.789,3.68,0.696,197.3,183.0,27,188.4,188.0
chicago,p1186,1131,2260,1.622,3.14,0.117,172.8,184.0,28,166.0,157.7
chicago,p1186,1137,2488,1.717,5.511,0.391,267.4,300.0,29,265.5,264.96
chicago,p1186,1140,2689,2.003,5.101,0.022,257.2,300.0,30,287.2,269.7
chicago,p1186,1156,2433,2.194,5.119,0.52,283.8,278.0,25,270.5,176.51
chicago,p1186,1167,2795,1.55,3.481,0.004,219.2,230.0,18,227.1,226.59
chicago,p1186,1171,3103,0.215,2.27,0.388,299.8,183.0,7,170.8,175.2
chicago,p1186,1179,2467,2.194,3.063,0.043,173.8,192.0,27,178.6,192.3
chicago,p1186,1224,2528,0.811,2.65,0.104,161.9,177.0,20,163.9,166.38
chicago,p1186,1241,2493,2.48,4.586,0.043,247.7,260.0,33,257.1,258.23
chicago,p1185,10,3349,0.527,3.452,1.025,160.6,204.0,25,202.3,206.61
chicago,p1185,12,3392,1.13,3.542,0.126,238.5,212.0,22,211.8,210.74
chicago,p1185,50,2682,0.828,3.563,0.389,166.5,169.0,20,170.0,173.64
chicago,p1185,62,3094,0.678,3.791,0.257,232.0,207.0,12,195.6,197.37
chicago,p1185,69,2828,0.828,3.481,0.507,173.7,174.0,5,179.4,173.6
chicago,p1185,102,3509,0.377,3.132,0.302,263.5,194.0,10,196.3,198.06
chicago,p1185,178,3304,0.414,3.395,0.002,323.3,198.0,13,197.2,202.35
chicago,p1185,254,2617,0.339,3.389,0.405,223.0,157.0,16,155.4,161.77
chicago,p1185,264,1952,1.77,3.401,0.864,157.5,118.0,4,116.8,118.16
chicago,p1185,335,3373,0.301,3.292,0.502,256.9,196.0,22,206.4,197.26
chicago,p1185,341,3235,0.64,3.097,0.549,209.7,177.0,19,169.1,181.31
chicago,p1185,708,2917,1.205,5.09,0.796,278.5,261.8,25,257.8,256.24
chicago,p1185,729,2650,0.904,5.338,0.177,165.6,249.6,26,247.4,250.75
chicago,p1185,741,3266,0.377,3.312,3.312,135.5,191.0,22,189.3,197.35
chicago,p1185,748,4402,1.054,3.425,0.29,191.4,265.4,31,261.1,259.19
chicago,p1185,751,3470,0.377,2.548,0.329,192.5,156.4,20,158.8,158.84
chicago,p1185,795,2728,1.318,4.715,0.315,258.6,227.0,24,235.8,232.98
chicago,p1185,798,2703,0.414,4.294,0.068,234.3,205.0,24,210.2,211.81
chicago,p1185,801,2612,0.791,3.637,0.074,153.9,168.0,17,169.7,169.19
chicago,p1185,802,2687,0.339,3.557,0.048,199.4,169.0,15,168.6,164.86
chicago,p1185,804,3280,0.64,3.411,0.099,145.5,197.5,23,202.7,197.78
chicago,p1185,809,3430,0.339,2.957,0.091,200.0,179.2,6,169.9,175.88
chicago,p1185,918,2943,1.205,5.644,0.095,227.7,292.9,28,307.9,292.38
chicago,p1185,952,3262,0.979,3.361,0.526,173.1,193.6,25,208.2,202.72
chicago,p1185,986,2523,0.828,3.991,0.381,150.4,178.0,26,175.9,177.92
chicago,p1185,1015,2303,1.167,4.493,0.712,167.6,183.0,27,189.3,188.0
chicago,p1185,1131,2635,1.582,3.951,0.168,247.8,184.0,28,166.0,157.7
chicago,p1185,1137,2890,1.243,5.887,0.329,408.2,300.0,29,265.5,264.96
chicago,p1185,1140,3068,1.808,5.547,0.022,306.2,300.0,30,281.9,269.7
chicago,p1185,1156,2836,1.544,5.559,0.529,285.1,278.0,25,270.5,176.51
chicago,p1185,1167,3194,1.356,4.083,0.004,192.5,230.0,18,227.1,226.59
chicago,p1185,1179,2869,1.657,3.788,0.046,162.7,192.0,27,178.6,192.3
chicago,p1185,1193,1915,1.318,3.943,0.04,175.6,134.0,9,128.2,134.23
chicago,p1185,1211,4000,0.414,3.134,0.22,194.4,221.0,25,236.4,223.24
chicago,p1185,1224,2931,0.527,3.416,0.09,175.7,177.0,20,161.8,166.38
chicago,p1185,1241,2888,2.034,5.105,0.04,197.1,260.0,33,257.1,258.23
chicago,p1264,45,379,1.377,2.717,2.717,84.6,48.0,0,,52.36
chicago,p1264,195,1146,2.857,6.372,0.648,107.7,158.0,10,168.2,153.53
chicago,p1264,288,939,2.754,6.02,2.162,112.6,129.0,3,131.5,129.64
chicago,p1264,289,813,1.205,5.901,3.082,81.9,114.0,2,126.9,114.06
chicago,p1264,296,990,3.132,3.815,0.58,87.2,96.0,7,101.4,93.56
chicago,p1264,419,687,1.515,3.083,0.366,83.9,67.0,1,25.6,87.06
chicago,p1264,425,814,5.92,4.425,1.708,82.6,93.0,2,71.8,94.84
chicago,p1264,726,1226,0.551,4.71,0.595,151.2,131.0,7,134.0,133.19
chicago,p1264,931,233,6.712,7.327,3.206,101.8,60.0,3,55.8,46.41
chicago,p1264,932,220,26.125,7.778,3.442,101.6,60.0,1,50.3,44.17
chicago,p1264,1010,965,1.79,11.554,0.745,208.5,227.2,18,219.9,225.25
chicago,p1264,1198,964,3.029,8.9,0.497,174.8,181.0,16,194.1,183.52
chicago,p1264,1241,2696,0.413,4.875,0.047,316.7,260.0,33,256.4,258.23
chicago,p1279,10,2434,1.467,3.385,0.089,194.8,204.0,25,202.3,206.61
chicago,p1279,12,2158,0.451,4.028,0.314,184.7,212.0,22,212.1,210.74
chicago,p1279,26,2737,0.367,0.502,0.255,89.4,84.0,2,82.9,81.94
chicago,p1279,50,1227,2.031,5.078,0.441,174.2,169.0,20,169.3,173.64
chicago,p1279,87,2738,0.677,0.084,0.084,51.7,64.0,7,74.1,65.63
chicago,p1279,154,1658,0.31,2.865,0.158,134.7,143.0,1,150.0,146.05
chicago,p1279,162,2529,0.762,0.748,0.477,136.0,93.0,1,140.0,95.25
chicago,p1279,195,3209,1.269,1.749,1.749,145.3,158.0,10,168.2,153.53
chicago,p1279,234,3132,0.282,0.402,0.047,99.2,82.0,0,,78.69
chicago,p1279,248,3220,1.128,0.694,0.15,108.5,99.0,1,134.1,99.17
chicago,p1279,254,3020,1.016,1.839,1.244,147.6,157.0,16,157.1,161.77
chicago,p1279,264,2974,0.987,1.117,0.129,118.9,118.0,4,123.6,118.16
chicago,p1279,267,2972,1.157,0.636,0.029,83.9,93.0,5,103.3,83.44
chicago,p1279,270,3158,0.31,0.943,0.488,115.4,112.0,1,125.6,112.82
chicago,p1279,281,3226,0.508,0.462,0.385,89.7,86.0,0,,83.43
chicago,p1279,282,3210,1.016,1.142,0.708,159.0,124.0,7,127.5,125.85
chicago,p1279,283,3270,0.959,0.736,0.736,100.9,102.0,6,101.1,92.07
chicago,p1279,296,3369,0.536,0.612,0.394,103.1,96.0,7,99.5,93.56
chicago,p1279,345,3343,0.677,0.308,0.308,74.7,78.0,2,86.8,77.54
chicago,p1279,626,3175,1.636,2.921,0.127,237.2,222.0,7,215.2,219.62
chicago,p1279,627,1431,0.508,4.555,1.255,166.6,174.0,13,166.7,173.69
chicago,p1279,630,3108,0.226,3.112,0.099,225.4,229.0,11,225.4,227.9
chicago,p1279,683,3337,1.495,0.841,0.174,153.4,109.0,6,113.7,110.68
chicago,p1279,713,1270,0.649,4.503,1.576,165.3,160.0,7,160.8,168.03
chicago,p1279,714,1300,0.282,4.529,0.046,182.9,163.0,4,155.0,164.83
chicago,p1279,726,3142,1.128,1.294,1.228,132.3,131.0,7,135.4,133.19
chicago,p1279,743,3243,0.282,0.495,0.061,167.9,88.0,10,94.3,89.64
chicago,p1279,755,1262,0.226,2.794,0.083,117.3,121.6,2,99.2,121.18
chicago,p1279,795,1642,2.341,5.808,0.486,238.6,227.0,24,235.8,232.98
chicago,p1279,798,1571,0.931,5.273,0.123,223.0,205.0,24,210.2,211.81
chicago,p1279,801,1284,1.382,4.807,0.304,174.5,168.0,17,168.5,169.19
chicago,p1279,803,1307,0.282,4.638,0.109,182.5,166.0,6,167.9,164.98
chicago,p1279,952,2319,1.157,3.297,0.431,190.5,193.6,25,208.2,202.72
chicago,p1279,955,2313,0.339,2.95,0.156,195.5,179.2,4,178.0,178.57
chicago,p1279,1009,3140,0.226,2.815,0.757,219.1,214.4,4,198.2,214.92
chicago,p1279,1010,3123,0.705,3.065,0.248,234.3,227.2,18,214.2,225.25
chicago,p1279,1015,2484,1.862,2.835,1.353,186.0,183.0,27,189.3,188.0
chicago,p1279,1042,2771,0.48,0.744,0.206,94.1,96.0,9,113.6,105.73
chicago,p1279,1137,1843,1.072,7.418,0.739,271.0,300.0,29,265.5,264.96
chicago,p1279,1140,2966,0.677,4.626,0.0,336.7,300.0,30,281.9,269.7
chicago,p1279,1167,2472,1.918,3.935,0.016,241.1,230.0,18,222.7,226.59
chicago,p1279,1182,2005,0.423,2.798,0.492,138.5,158.0,2,150.5,155.96
chicago,p1279,1193,3121,0.79,1.358,0.007,107.9,134.0,9,128.6,134.23
chicago,p1279,1198,3144,0.903,2.204,0.104,207.6,181.0,16,192.3,183.52
chicago,p1279,1249,3394,0.762,0.608,0.299,85.3,96.0,5,85.9,98.06
chicago,p1299,612,529,3.34,13.51,13.51,143.7,157.0,4,154.7,140.63
chicago,p1299,711,238,5.512,11.887,1.873,65.4,80.0,2,62.8,101.57
chicago,p1299,1024,256,2.853,6.862,2.074,51.9,60.8,0,,79.7
chicago,p1299,1025,215,0.648,4.788,3.955,54.1,48.0,0,,66.12
chicago,p1299,1080,190,3.34,10.137,3.33,78.8,64.0,0,,84.72
chicago,p1299,1081,119,7.879,15.933,4.046,67.6,64.0,0,,84.9
chicago,p1299,1084,133,6.226,18.208,13.419,93.6,73.6,0,,91.34
chicago,p1299,1195,679,3.437,6.807,0.076,131.7,111.0,1,103.1,112.97
chicago,p1280,639,258,8.737,13.517,0.192,121.2,122.0,0,,156.47
chicago,p1280,1227,153,22.701,35.389,3.426,170.3,168.5,15,176.1,169.25
chicago,p1280,1229,109,22.774,31.963,2.425,124.7,128.0,0,,109.94
chicago,p1300,10,4023,0.29,2.05,0.409,235.4,204.0,25,200.9,206.61
chicago,p1300,112,2745,0.766,1.69,0.163,131.2,141.0,12,130.4,127.47
chicago,p1300,328,3312,0.29,1.972,0.153,163.5,174.0,10,163.9,175.31
chicago,p1300,335,3549,0.787,2.195,0.451,174.2,196.0,22,207.0,197.26
chicago,p1300,341,3684,0.29,1.819,0.226,168.0,177.0,19,170.2,181.31
chicago,p1300,359,3421,0.601,2.26,0.181,184.6,195.0,5,205.7,169.03
chicago,p1300,593,1297,1.264,4.146,0.805,78.9,154.0,18,136.8,133.14
chicago,p1300,627,3704,0.953,1.763,0.129,147.5,174.0,13,166.7,173.69
chicago,p1300,741,3668,0.414,2.045,2.045,191.1,191.0,22,185.9,197.35
chicago,p1300,748,2556,1.636,4.594,1.284,268.6,265.4,31,260.5,259.19
chicago,p1300,750,3465,0.29,1.798,0.108,154.0,168.8,6,167.0,168.87
chicago,p1300,751,3467,0.704,1.593,0.286,159.7,156.4,20,158.8,158.84
chicago,p1300,754,3424,0.311,1.573,0.103,157.4,154.0,4,155.8,153.44
chicago,p1300,774,3386,0.684,1.641,0.171,159.8,157.0,9,159.1,157.94
chicago,p1300,798,4273,0.684,1.944,0.046,163.9,205.0,24,212.6,211.81
chicago,p1300,804,3690,0.601,2.134,0.089,200.8,197.5,23,202.7,197.78
chicago,p1300,834,2790,0.684,4.12,2.071,275.6,261.0,16,264.6,261.19
chicago,p1300,1137,4149,0.476,3.31,0.168,375.3,300.0,29,265.5,264.96
chicago,p1300,1159,2843,0.766,3.964,1.559,263.4,257.0,26,248.9,247.75
chicago,p1300,1167,4189,0.29,2.324,0.013,236.9,230.0,18,222.7,226.59
chicago,p1300,1207,2553,1.056,3.341,1.081,231.3,209.0,14,210.7,212.71
chicago,p1300,1211,2932,0.394,3.143,0.272,242.6,221.0,25,229.7,223.24
chicago,p1300,1227,2342,1.284,2.652,0.009,184.0,168.5,15,175.1,169.25
chicago,p1300,1239,3205,1.16,2.447,0.0,195.8,197.0,7,193.4,197.18
chicago,p1300,1241,4557,0.207,2.513,0.023,289.1,260.0,33,256.4,258.23
chicago,p1308,10,2709,0.511,4.264,0.531,207.1,204.0,25,200.9,206.61
chicago,p1308,11,2057,1.203,4.559,0.33,188.3,166.0,12,177.7,172.12
chicago,p1308,12,2737,0.62,4.387,0.878,212.0,212.0,22,211.9,210.74
chicago,p1308,13,2617,0.802,4.502,0.751,224.3,208.0,14,206.3,210.52
chicago,p1308,46,2210,0.401,3.883,0.077,148.4,152.0,5,148.8,152.39
chicago,p1308,50,2024,0.948,4.717,0.056,152.8,169.0,20,170.0,173.64
chicago,p1308,178,2719,0.401,4.124,0.047,239.2,198.0,13,197.2,202.35
chicago,p1308,254,2086,0.985,4.249,0.567,184.9,157.0,16,155.4,161.77
chicago,p1308,267,1565,0.62,3.328,0.4,124.9,93.0,5,84.1,83.44
chicago,p1308,335,2711,0.802,4.094,0.471,182.7,196.0,22,207.0,197.26
chicago,p1308,341,2582,0.802,3.877,0.742,163.6,177.0,19,170.2,181.31
chicago,p1308,668,2379,0.511,5.569,1.032,225.9,234.0,22,214.4,233.91
chicago,p1308,708,2251,1.604,6.583,0.895,258.5,261.8,25,257.8,256.24
chicago,p1308,713,1938,0.292,4.66,0.073,163.0,160.0,7,160.8,168.03
chicago,p1308,715,2990,1.167,4.533,0.269,249.8,239.1,23,234.6,244.98
chicago,p1308,717,2536,0.328,5.809,0.807,308.7,260.0,8,284.9,269.37
chicago,p1308,723,2520,0.328,5.846,0.844,299.3,260.0,9,283.3,270.25
chicago,p1308,729,2014,1.057,7.009,0.237,243.0,249.6,26,247.4,250.75
chicago,p1308,741,2624,0.583,4.12,4.12,197.9,191.0,22,185.9,197.35
chicago,p1308,748,3737,1.349,4.032,0.212,241.8,265.4,31,261.1,259.19
chicago,p1308,751,2819,0.328,3.135,1.103,156.5,156.4,20,158.9,158.84
chicago,p1308,795,2063,1.823,6.224,0.415,237.3,227.0,24,236.4,232.98
chicago,p1308,798,2038,0.729,5.688,0.088,211.2,205.0,24,211.6,211.81
chicago,p1308,801,1952,1.057,4.861,0.145,165.4,168.0,17,169.7,169.19
chicago,p1308,802,2026,0.511,4.713,0.057,167.3,169.0,15,172.1,164.86
chicago,p1308,804,2637,0.985,4.24,0.12,202.7,197.5,23,200.9,197.78
chicago,p1308,918,2415,1.933,6.869,0.154,313.4,292.9,28,306.4,292.38
chicago,p1308,952,2618,0.693,4.185,0.681,203.3,193.6,25,208.2,202.72
chicago,p1308,982,2089,0.62,4.87,0.059,220.5,180.0,18,177.6,174.78
chicago,p1308,986,1898,2.844,5.297,0.809,174.8,178.0,26,175.9,177.92
chicago,p1308,1015,1704,2.589,6.063,1.201,188.4,183.0,27,189.3,188.0
chicago,p1308,1042,1357,6.308,3.963,0.836,103.2,96.0,9,113.6,105.73
chicago,p1308,1131,2079,1.094,5.002,1.682,188.7,184.0,28,166.0,157.7
chicago,p1308,1137,2229,1.604,7.615,0.386,257.2,300.0,29,266.2,264.96
chicago,p1308,1140,2497,2.042,6.806,0.028,286.4,300.0,30,282.8,269.7
chicago,p1308,1156,2176,2.115,7.23,1.765,174.5,278.0,25,272.2,176.51
chicago,p1308,1159,3493,0.292,4.175,0.0,231.2,257.0,26,252.8,247.75
chicago,p1308,1179,2222,2.188,4.887,0.074,176.6,192.0,27,178.6,192.3
chicago,p1308,1211,3335,0.474,3.758,0.156,229.7,221.0,25,236.4,223.24
chicago,p1308,1224,2278,1.495,4.393,0.01,166.1,177.0,20,161.8,166.38
chicago,p1308,1241,2275,2.443,6.471,0.052,263.2,260.0,33,256.4,258.23
chicago,p1463,5,562,6.961,12.06,1.556,132.0,122.0,10,115.3,122.42
chicago,p1463,10,1530,1.38,7.522,0.064,202.3,204.0,25,200.9,206.61
chicago,p1463,12,1572,0.51,7.609,0.834,213.5,212.0,22,211.8,210.74
chicago,p1463,19,1302,1.2,8.562,2.187,192.9,198.0,7,201.1,197.66
chicago,p1463,66,1578,0.54,6.868,1.337,199.5,192.0,11,209.8,190.73
chicago,p1463,88,844,2.52,8.894,1.371,136.1,134.0,8,141.4,134.38
chicago,p1463,715,1811,0.9,7.459,0.591,232.1,239.1,23,235.3,244.98
chicago,p1463,729,835,2.37,16.508,0.61,252.9,249.6,26,244.5,250.75
chicago,p1463,926,944,0.6,10.504,2.297,171.6,177.0,8,153.2,173.03
chicago,p1463,952,1440,0.75,7.581,0.36,219.4,193.6,25,208.0,202.72
chicago,p1463,982,953,1.71,10.581,0.077,180.3,180.0,18,177.6,174.78
chicago,p1463,986,732,7.501,13.511,4.153,175.8,178.0,26,175.4,177.92
chicago,p1463,990,843,0.45,15.898,6.559,244.1,242.0,9,244.7,238.88
chicago,p1463,1015,606,4.201,16.631,6.658,211.5,183.0,27,188.4,188.0
chicago,p1463,1137,1091,3.42,15.283,0.321,299.5,300.0,29,265.5,264.96
chicago,p1463,1140,1407,0.57,11.955,0.054,288.0,300.0,30,281.9,269.7
chicago,p1463,1156,1033,5.041,14.962,5.24,190.5,278.0,25,272.2,176.51
chicago,p1463,1179,1045,4.561,10.301,0.33,182.5,192.0,27,177.9,192.3
chicago,p1463,1184,1237,0.81,6.775,1.561,153.0,149.0,6,150.8,134.95
chicago,p1463,1224,1110,3.0,8.959,0.059,171.3,177.0,20,161.8,166.38
chicago,p1463,1239,2076,0.9,5.365,0.0,259.8,197.0,7,193.4,197.18
chicago,p1463,1241,1119,2.88,12.98,0.128,250.1,260.0,33,257.1,258.23
chicago,p1490,204,97,12.097,28.678,4.512,92.0,83.0,2,91.9,94.44
chicago,p1490,211,158,3.614,18.511,6.3,76.4,83.0,0,,93.78
chicago,p1490,712,530,0.533,13.378,5.475,140.0,156.0,0,,166.8
chicago,p1490,728,190,7.532,25.737,10.308,119.1,121.6,1,107.1,141.47
chicago,p1490,818,539,1.369,14.153,0.482,157.9,166.0,1,175.5,167.72
chicago,p1490,819,534,1.065,13.671,0.294,170.6,160.0,0,,167.49
chicago,p1490,1138,155,14.494,39.765,1.529,178.5,159.0,2,179.8,162.86
chicago,p1490,1181,244,2.244,21.899,11.864,143.4,128.0,0,,114.71
chicago,p1490,1184,138,6.581,40.681,14.944,150.4,149.0,6,152.1,134.95
chicago,p1496,366,1729,1.989,1.458,1.458,87.4,74.0,2,84.2,65.66
chicago,p1496,1000,175,3.258,3.785,1.625,35.4,41.6,0,,65.31
chicago,p1564,10,2941,1.135,2.803,0.096,197.0,204.0,25,202.3,206.61
chicago,p1564,50,1712,0.334,3.643,0.346,165.2,169.0,20,170.0,173.64
chicago,p1564,102,3438,0.568,2.232,0.044,196.7,194.0,10,198.9,198.06
chicago,p1564,106,2564,1.87,2.813,0.701,202.1,186.0,8,184.6,201.43
chicago,p1564,254,3489,1.403,1.592,1.08,83.1,157.0,16,157.1,161.77
chicago,p1564,293,1695,0.568,1.217,1.199,179.3,96.0,3,75.3,87.43
chicago,p1564,328,1695,2.304,3.847,1.595,159.7,174.0,10,163.9,175.31
chicago,p1564,341,1573,1.536,4.253,1.841,167.3,177.0,19,170.2,181.31
chicago,p1564,353,2599,1.169,2.622,1.549,173.2,179.0,5,183.8,182.88
chicago,p1564,359,2719,0.334,2.842,1.322,275.7,195.0,5,198.3,169.03
chicago,p1564,460,2773,0.802,0.413,0.413,110.5,80.0,1,71.9,73.31
chicago,p1564,465,2871,0.868,0.918,0.248,121.7,106.0,2,96.8,99.34
chicago,p1564,512,3117,0.802,0.607,0.286,119.8,93.0,2,92.2,85.22
chicago,p1564,518,2648,1.57,1.536,0.264,124.1,131.0,3,128.8,117.95
chicago,p1564,530,2705,1.102,1.504,0.006,114.9,131.0,4,121.8,122.94
chicago,p1564,531,2716,0.334,1.497,0.932,106.3,131.0,2,131.4,119.38
chicago,p1564,533,3041,0.334,0.923,0.031,134.8,109.0,3,137.7,97.72
chicago,p1564,535,2831,1.904,1.174,0.624,104.8,118.0,7,107.9,104.01
chicago,p1564,536,2886,0.267,0.655,0.056,118.4,93.0,1,97.9,97.03
chicago,p1564,621,2734,0.668,1.362,0.565,259.5,125.0,1,143.2,122.56
chicago,p1564,626,3682,1.202,2.519,0.525,218.1,222.0,7,215.2,219.62
chicago,p1564,627,1937,1.069,3.369,0.775,170.5,174.0,13,166.6,173.69
chicago,p1564,668,3055,0.301,3.26,0.381,303.4,234.0,22,214.4,233.91
chicago,p1564,708,2103,0.301,5.482,1.804,246.2,261.8,25,258.3,256.24
chicago,p1564,729,2744,0.868,3.953,0.153,211.2,249.6,26,247.4,250.75
chicago,p1564,745,2093,0.367,2.503,0.407,179.4,151.5,3,170.1,159.04
chicago,p1564,747,2540,1.336,2.277,0.998,220.4,161.0,4,167.9,161.19
chicago,p1564,748,2555,0.701,4.596,3.143,266.8,265.4,31,260.5,259.19
chicago,p1564,750,1859,1.636,3.349,0.506,165.9,168.8,6,161.2,168.87
chicago,p1564,751,1593,1.102,3.464,0.875,147.2,156.4,20,158.9,158.84
chicago,p1564,754,1803,0.434,2.984,0.793,148.4,154.0,4,159.2,153.44
chicago,p1564,757,1923,0.267,2.879,0.155,165.5,156.7,0,,156.53
chicago,p1564,758,1611,0.334,2.776,0.524,143.7,138.1,0,,139.86
chicago,p1564,774,1759,0.802,3.157,0.023,159.3,157.0,9,159.1,157.94
chicago,p1564,795,2136,1.937,4.471,0.38,228.0,227.0,24,237.9,232.98
chicago,p1564,798,2061,0.635,4.025,0.094,229.1,205.0,24,210.2,211.81
chicago,p1564,834,2288,1.369,5.02,3.038,265.3,261.0,16,268.4,261.19
chicago,p1564,918,3662,0.868,3.639,0.108,202.3,292.9,28,307.9,292.38
chicago,p1564,952,2826,0.835,2.707,0.475,181.4,193.6,25,208.2,202.72
chicago,p1564,955,2820,0.267,2.42,0.151,187.7,179.2,4,178.0,178.57
chicago,p1564,986,2787,2.238,2.424,0.298,125.6,178.0,26,175.9,177.92
chicago,p1564,1015,2943,1.236,2.393,1.15,104.6,183.0,27,189.3,188.0
chicago,p1564,1016,2903,0.601,0.458,0.352,105.7,83.2,1,95.9,103.85
chicago,p1564,1041,2435,0.434,1.073,0.15,117.7,105.6,0,,118.37
chicago,p1564,1131,3340,1.035,2.126,1.058,119.1,184.0,28,169.5,157.7
chicago,p1564,1137,2344,0.968,5.845,0.568,265.3,300.0,29,266.2,264.96
chicago,p1564,1159,2509,1.336,4.49,0.0,248.0,257.0,26,252.8,247.75
chicago,p1564,1167,2976,0.835,3.269,0.236,212.7,230.0,18,227.1,226.59
chicago,p1564,1182,2512,0.267,2.234,0.013,167.5,158.0,2,136.0,155.96
chicago,p1564,1207,2755,0.301,3.096,1.4,340.4,209.0,14,210.7,212.71
chicago,p1564,1209,2774,0.534,2.725,0.068,198.8,192.0,7,204.3,182.61
chicago,p1564,1210,2434,1.369,2.94,0.047,208.8,185.0,4,185.9,183.49
chicago,p1564,1211,2330,1.77,3.953,2.395,224.3,221.0,25,236.4,223.24
chicago,p1565,347,2851,1.221,0.924,0.533,236.8,106.0,2,92.2,96.83
chicago,p1565,556,3254,0.763,0.634,0.242,281.4,96.0,1,159.8,88.51
chicago,p1565,595,3544,1.144,1.099,0.458,-84.4,128.0,4,136.4,114.94
chicago,p1565,612,445,8.545,12.303,10.802,157.3,157.0,4,147.8,140.63
chicago,p1565,613,659,4.883,6.233,3.289,119.9,132.0,1,157.0,131.75
chicago,p1565,614,897,1.602,1.661,0.181,172.3,86.0,1,132.3,84.64
chicago,p1565,666,731,1.144,0.392,0.392,74.8,65.0,0,,64.19
chicago,p1565,711,188,7.782,6.072,1.676,76.7,80.0,2,57.2,101.57
chicago,p1565,846,402,6.637,10.839,2.296,157.6,137.0,2,105.8,137.82
chicago,p1591,155,227,1.522,21.394,8.328,107.3,91.0,1,101.0,98.66
chicago,p1591,201,62,26.439,40.074,8.994,64.2,54.0,0,,71.6
chicago,p1591,204,101,6.771,38.619,12.976,73.9,83.0,2,101.0,94.44
chicago,p1591,241,93,4.451,24.914,3.52,47.7,45.0,0,,57.3
chicago,p1591,617,110,17.042,52.129,14.935,125.2,143.0,2,148.2,145.93
chicago,p1592,305,168,1.168,25.77,5.201,62.3,83.0,0,,95.38
chicago,p1592,326,503,4.604,9.148,1.686,24.3,83.0,0,,105.5
chicago,p1592,331,576,1.535,11.58,2.432,176.0,120.0,0,,121.32
chicago,p1592,440,385,3.803,10.025,0.764,38.6,70.0,0,,72.52
chicago,p1592,445,399,3.87,10.653,0.358,109.5,77.0,0,,80.56
chicago,p1592,478,411,0.6,8.172,1.7,108.0,61.0,0,,78.65
chicago,p1592,482,356,0.967,13.285,6.12,96.0,86.0,0,,95.45
chicago,p1592,494,285,6.672,20.568,7.283,90.8,109.0,0,,102.35
chicago,p1592,547,362,7.106,13.664,3.369,68.9,90.0,0,,100.25
chicago,p1592,669,138,13.511,25.165,3.717,101.1,67.0,0,,73.32
chicago,p1592,1206,255,8.207,28.95,3.18,165.0,143.0,1,130.1,135.38
chicago,p1592,1239,357,11.81,28.646,0.0,170.5,197.0,7,195.8,197.18
chicago,p1593,80,184,3.939,27.572,10.153,120.5,156.0,2,193.6,148.56
chicago,p1593,142,1203,1.662,5.225,0.194,218.6,170.0,3,171.8,153.01
chicago,p1593,715,372,9.035,25.719,4.985,275.4,239.1,23,234.6,244.98
chicago,p1593,821,439,2.494,10.586,1.454,188.9,142.0,0,,144.01
chicago,p1593,824,454,0.325,9.131,5.766,115.8,133.0,0,,141.33
chicago,p1593,1151,124,9.974,20.734,6.674,120.4,107.0,0,,115.18
chicago,p1593,1154,132,9.974,17.812,0.898,88.8,102.4,0,,115.17
chicago,p1593,1180,156,20.635,26.24,0.0,148.3,137.0,0,,136.98
chicago,p1593,1227,1845,0.795,3.365,0.065,265.4,168.5,15,175.1,169.25
chicago,p1630,11,1776,0.725,3.416,0.364,165.3,166.0,12,183.6,172.12
chicago,p1630,14,1746,0.286,3.016,0.934,169.6,152.0,4,195.1,155.54
chicago,p1630,626,2537,1.088,3.654,1.082,191.3,222.0,7,218.1,219.62
chicago,p1630,630,2431,1.069,3.976,2.067,225.4,229.0,11,225.4,227.9
chicago,p1630,668,2174,0.592,4.577,0.1,270.3,234.0,22,214.4,233.91
chicago,p1630,730,2020,0.515,2.267,1.257,156.1,140.0,5,128.7,141.22
chicago,p1630,731,2081,1.222,2.201,1.237,133.2,140.0,4,138.0,140.58
chicago,p1630,732,2062,1.546,2.222,0.829,156.7,140.0,7,140.7,140.99
chicago,p1630,733,2039,1.585,2.247,1.236,141.2,140.0,6,128.5,140.9
chicago,p1630,772,1958,0.286,2.082,0.08,188.5,131.2,0,,166.14
chicago,p1630,851,2310,0.687,2.751,1.264,163.0,171.0,2,173.1,161.9
chicago,p1630,918,1566,1.737,8.46,0.256,343.1,292.9,28,306.4,292.38
chicago,p1630,926,1941,0.325,3.45,0.37,154.6,177.0,8,153.2,173.03
chicago,p1630,982,1953,1.795,3.516,0.066,177.8,180.0,18,177.8,174.78
chicago,p1630,1131,1584,1.107,4.477,0.499,185.0,184.0,28,166.0,157.7
chicago,p1630,1140,1886,1.642,7.254,0.068,249.2,300.0,30,287.2,269.7
chicago,p1630,1171,1968,1.394,3.577,0.0,162.8,183.0,7,172.1,175.2
chicago,p1630,1189,1714,1.47,2.572,1.476,154.0,137.0,2,183.8,144.37
chicago,p1630,1197,1891,0.63,1.393,0.005,150.0,106.0,3,90.8,105.2
chicago,p1630,1241,2095,2.94,5.454,0.064,214.1,260.0,33,257.1,258.23
chicago,p1631,279,1980,1.561,1.157,0.371,105.7,70.0,1,69.5,57.34
chicago,p1631,404,1687,1.798,1.697,0.079,73.4,80.0,4,72.4,17.61
chicago,p1631,405,1769,0.198,1.619,1.619,68.3,80.0,3,94.0,74.22
chicago,p1631,412,1634,1.68,1.753,0.314,74.2,80.0,4,34.6,17.67
chicago,p1631,936,855,4.446,0.67,0.67,53.3,40.0,0,,35.35
chicago,p1606,99,624,1.407,6.221,6.221,126.2,128.0,3,64.9,131.58
chicago,p1606,291,1687,1.534,1.46,1.252,100.0,103.0,4,59.0,104.07
chicago,p1606,706,85,19.82,6.685,6.685,73.5,70.0,2,31.2,73.84
chicago,p1606,1199,1046,2.302,2.869,0.077,85.3,112.4,1,42.8,114.37
chicago,p1606,1215,3036,0.831,0.015,0.015,69.8,60.8,3,63.7,59.05
chicago,p1677,5,1802,0.441,1.971,0.749,120.9,122.0,10,115.3,122.42
chicago,p1677,13,1728,1.008,4.894,0.247,171.0,208.0,14,209.4,210.52
chicago,p1677,14,1589,0.661,3.314,0.05,170.6,152.0,4,194.6,155.54
chicago,p1677,40,1344,0.535,3.83,0.778,152.8,150.0,8,134.1,149.25
chicago,p1677,50,3007,0.945,2.076,0.1,170.0,169.0,20,169.3,173.64
chicago,p1677,62,1905,1.732,4.414,0.584,206.9,207.0,12,195.6,197.37
chicago,p1677,66,2476,0.378,3.052,0.271,209.8,192.0,11,209.5,190.73
chicago,p1677,99,2121,0.945,1.836,0.578,60.0,128.0,3,126.2,131.58
chicago,p1677,102,2233,0.472,3.434,0.17,201.9,194.0,10,196.3,198.06
chicago,p1677,245,1614,1.921,0.248,0.248,84.7,67.0,0,,92.69
chicago,p1677,626,2376,1.039,3.901,1.064,215.2,222.0,7,218.1,219.62
chicago,p1677,629,2542,0.283,2.028,0.541,190.1,150.0,1,162.0,150.43
chicago,p1677,630,2272,1.039,4.253,2.225,193.0,229.0,11,225.4,227.9
chicago,p1677,683,871,0.693,3.218,0.853,127.5,109.0,6,113.7,110.68
chicago,p1677,708,2823,0.535,4.089,0.859,283.5,261.8,25,257.8,256.24
chicago,p1677,730,1852,1.763,2.473,1.104,127.9,140.0,5,131.7,141.22
chicago,p1677,731,1916,1.512,2.391,1.346,153.9,140.0,4,132.1,140.58
chicago,p1677,732,1896,1.669,2.417,0.889,157.8,140.0,7,140.7,140.99
chicago,p1677,733,1871,1.732,2.448,2.099,95.2,140.0,6,135.6,140.9
chicago,p1677,795,2664,0.661,3.587,0.321,280.5,227.0,24,235.8,232.98
chicago,p1677,801,2954,0.819,2.094,0.144,173.9,168.0,17,168.5,169.19
chicago,p1677,802,2965,0.472,2.105,0.05,165.3,169.0,15,172.1,164.86
chicago,p1677,803,2954,0.252,2.055,0.053,162.4,166.0,6,174.6,164.98
chicago,p1677,851,2151,0.756,2.955,0.736,195.4,171.0,2,156.9,161.9
chicago,p1677,918,1417,1.921,9.335,0.291,320.7,292.9,28,306.4,292.38
chicago,p1677,969,1716,0.535,3.833,0.527,188.0,175.0,4,182.2,175.87
chicago,p1677,982,1831,1.732,3.75,0.07,168.5,180.0,18,178.1,174.78
chicago,p1677,1015,1709,2.897,4.116,1.065,130.2,183.0,27,189.3,188.0
chicago,p1677,1131,1451,2.362,4.886,0.694,176.3,184.0,28,166.0,157.7
chicago,p1677,1137,2604,1.606,5.266,0.11,256.5,300.0,29,266.2,264.96
chicago,p1677,1140,1737,1.165,7.868,0.079,273.3,300.0,30,287.2,269.7
chicago,p1677,1156,2517,0.882,4.95,1.732,284.6,278.0,25,270.5,176.51
chicago,p1677,1171,1805,1.165,3.898,0.0,140.9,183.0,7,172.1,175.2
chicago,p1677,1179,2335,1.071,3.236,0.054,164.7,192.0,27,178.6,192.3
chicago,p1677,1189,1554,1.165,2.837,0.932,174.7,137.0,2,173.4,144.37
chicago,p1677,1197,1725,0.724,1.528,0.005,90.5,106.0,3,119.7,105.2
chicago,p1677,1241,1962,2.866,5.819,0.07,255.2,260.0,33,257.1,258.23
chicago,p1677,1245,2415,1.165,0.897,0.006,45.6,97.8,3,78.4,98.62
chicago,p139,105,1587,0.601,4.323,0.822,165.0,122.0,0,,146.16
chicago,p139,106,1513,0.096,6.936,0.901,111.8,186.0,8,197.6,201.43
chicago,p139,107,1632,0.096,3.192,0.051,103.4,93.0,3,105.4,88.38
chicago,p139,112,1719,0.697,4.623,0.626,135.2,141.0,12,130.4,127.47
chicago,p139,123,1796,0.096,2.996,0.128,129.1,96.0,0,,79.25
chicago,p139,134,1532,0.601,3.996,0.332,103.4,109.0,6,111.9,102.59
chicago,p139,147,1615,0.589,4.002,0.811,122.5,115.0,3,118.3,102.44
chicago,p139,328,2269,0.096,4.334,0.558,135.9,174.0,10,163.9,175.31
chicago,p139,335,2522,0.204,4.398,0.483,177.3,196.0,22,207.0,197.26
chicago,p139,342,2523,0.3,3.402,0.211,161.1,152.0,2,175.2,152.92
chicago,p139,518,1342,0.204,5.492,0.148,132.5,131.0,3,124.1,117.95
chicago,p139,530,1277,0.3,5.77,0.893,126.9,131.0,4,118.3,122.94
chicago,p139,531,1272,1.333,5.789,0.019,134.6,131.0,2,117.3,119.38
chicago,p139,627,2686,0.697,3.664,0.104,185.0,174.0,13,166.6,173.69
chicago,p139,634,2502,0.3,4.047,0.045,178.4,179.0,5,173.8,185.63
chicago,p139,708,3064,1.285,4.846,0.844,272.9,261.8,25,257.8,256.24
chicago,p139,748,1602,2.414,9.339,1.672,284.3,265.4,31,260.5,259.19
chicago,p139,750,2437,0.3,3.916,0.551,152.2,168.8,6,167.0,168.87
chicago,p139,754,2390,1.021,3.638,0.236,161.1,154.0,4,154.0,153.44
chicago,p139,774,2348,1.225,3.776,0.799,159.1,157.0,9,159.3,157.94
chicago,p139,794,3249,0.096,3.698,0.702,231.3,212.0,2,221.2,232.69
chicago,p139,795,3245,0.3,3.967,0.269,224.7,227.0,24,237.9,232.98
chicago,p139,798,3263,0.3,3.56,0.059,232.8,205.0,24,210.2,211.81
chicago,p139,834,1800,1.778,8.189,2.82,280.2,261.0,16,264.6,261.19
chicago,p139,1159,1894,0.3,7.667,0.037,181.7,257.0,26,252.8,247.75
chicago,p139,1210,2073,1.49,5.046,1.311,153.3,185.0,4,194.4,183.49
chicago,p139,1211,1953,0.3,6.397,2.073,202.5,221.0,25,236.4,223.24
chicago,p96,133,78,10.614,29.354,10.77,63.3,74.0,0,,65.78
chicago,p96,138,67,8.134,29.047,9.236,53.3,67.0,0,,69.75
chicago,p96,147,157,25.208,28.459,8.647,143.9,115.0,3,118.3,102.44
chicago,p449,285,734,2.532,6.452,0.153,82.7,85.0,0,,69.52
chicago,p449,288,910,2.709,7.942,1.49,142.1,129.0,3,117.2,129.64
chicago,p449,742,634,1.079,6.299,1.33,70.2,72.0,4,81.9,72.64
chicago,p449,743,696,2.4,7.04,1.496,77.5,88.0,10,99.6,89.64
chicago,p449,1140,2611,1.718,6.511,0.035,347.6,300.0,30,281.9,269.7
chicago,p449,1249,1628,0.374,3.305,0.288,258.6,96.0,5,85.3,98.06
chicago,p396,12,915,5.114,9.434,0.735,184.6,212.0,22,212.1,210.74
chicago,p396,514,175,4.15,8.429,2.682,93.3,86.0,1,85.6,85.87
chicago,p396,528,196,2.026,8.7,2.211,95.2,90.0,1,92.2,116.95
chicago,p396,634,440,8.918,15.145,4.597,172.3,179.0,5,178.4,185.63
chicago,p396,745,617,2.989,8.433,1.223,148.8,151.5,3,179.4,159.04
chicago,p396,1201,769,3.162,7.412,0.87,174.1,160.0,1,188.9,142.51
chicago,p396,1206,484,8.498,9.727,1.028,130.1,143.0,1,165.0,135.38
chicago,p533,371,2822,1.101,0.142,0.142,79.2,67.0,1,162.0,59.93
chicago,p533,372,3844,0.396,0.149,0.149,-115.6,70.0,0,,11.8
chicago,p533,373,3019,0.749,0.626,0.626,251.2,93.0,1,20.6,81.4
chicago,p533,509,443,2.577,0.129,0.129,9.3,61.0,0,,54.81
chicago,p599,106,2106,0.367,4.237,0.104,208.6,186.0,8,184.6,201.43
chicago,p599,346,516,1.758,12.468,8.947,148.9,144.0,4,149.2,127.47
chicago,p599,348,642,1.626,9.555,5.905,137.5,138.0,4,139.7,120.81
chicago,p599,359,2978,0.289,3.171,0.069,198.3,195.0,5,205.7,169.03
chicago,p599,535,1659,0.393,3.037,0.112,107.6,118.0,7,107.9,104.01
chicago,p599,537,1485,2.099,3.891,1.135,124.4,131.0,8,127.0,124.75
chicago,p599,577,879,1.758,7.199,3.682,134.0,141.0,7,132.2,121.53
chicago,p599,579,1170,1.312,3.229,0.094,101.5,96.0,2,93.2,83.76
chicago,p599,708,3713,0.367,3.573,0.392,238.5,261.8,25,258.3,256.24
chicago,p599,748,2190,2.151,6.136,1.897,259.6,265.4,31,261.1,259.19
chicago,p599,1159,2453,1.417,5.287,0.039,237.1,257.0,26,252.8,247.75
chicago,p599,1207,2129,2.335,4.806,0.646,203.0,209.0,14,215.2,212.71
chicago,p599,1211,2577,0.289,4.239,0.002,246.6,221.0,25,229.7,223.24
chicago,p599,1227,1905,1.233,4.159,0.019,175.1,168.5,15,176.1,169.25
chicago,p556,309,600,2.091,9.933,2.146,146.8,135.0,0,,134.85
chicago,p556,334,412,3.101,12.717,0.441,109.7,123.0,1,158.1,126.4
chicago,p556,514,306,6.201,10.384,0.466,85.6,86.0,1,93.3,85.87
chicago,p556,528,343,7.162,9.918,0.046,92.2,90.0,1,95.2,116.95
chicago,p556,541,326,4.35,10.933,0.553,89.4,93.0,0,,85.31
chicago,p556,634,536,7.499,15.524,7.488,173.4,179.0,5,178.4,185.63
chicago,p556,745,696,0.216,9.905,2.407,170.1,151.5,3,179.4,159.04
chicago,p556,1137,1208,2.932,12.597,1.478,262.6,300.0,29,266.2,264.96
chicago,p556,1156,1262,2.452,11.118,1.213,276.6,278.0,25,270.5,176.51
chicago,p641,5,572,6.849,11.845,1.484,131.3,122.0,10,115.3,122.42
chicago,p641,10,1562,2.237,7.369,1.974,199.4,204.0,25,202.3,206.61
chicago,p641,88,877,2.456,8.557,1.151,139.6,134.0,8,141.4,134.38
chicago,p641,630,1955,0.6,6.623,0.115,238.8,229.0,11,225.4,227.9
chicago,p641,715,1842,0.382,7.333,0.595,239.3,239.1,23,234.6,244.98
chicago,p641,729,865,2.401,15.971,0.589,260.5,249.6,26,244.5,250.75
chicago,p641,922,1157,0.737,7.919,0.324,194.1,163.0,1,172.4,164.1
chicago,p641,926,957,0.409,10.361,2.501,117.4,177.0,8,153.9,173.03
chicago,p641,952,1474,0.273,7.406,0.43,224.5,193.6,25,208.0,202.72
chicago,p641,986,754,7.231,13.135,3.965,178.6,178.0,26,175.3,177.92
chicago,p641,990,872,0.382,15.382,8.049,247.9,242.0,9,244.1,238.88
chicago,p641,1015,608,4.093,16.575,6.989,207.8,183.0,27,188.4,188.0
chicago,p641,1137,1136,2.101,14.699,0.335,287.2,300.0,29,265.5,264.96
chicago,p641,1156,1078,4.857,14.364,5.027,186.8,278.0,25,272.2,176.51
chicago,p641,1167,1415,1.037,9.156,0.021,252.4,230.0,18,222.7,226.59
chicago,p641,1179,1082,4.366,9.962,0.314,178.6,192.0,27,177.9,192.3
chicago,p641,1184,1279,0.819,6.556,1.385,139.1,149.0,6,152.1,134.95
chicago,p641,1224,1150,2.92,8.652,0.054,168.4,177.0,20,161.8,166.38
chicago,p641,1241,1139,4.066,12.768,0.133,259.6,260.0,33,256.4,258.23
chicago,p790,50,1097,3.009,5.676,0.413,248.7,169.0,20,169.3,173.64
chicago,p790,282,3328,0.458,1.102,0.432,20.7,124.0,7,134.9,125.85
chicago,p790,414,4557,1.146,0.49,0.167,91.8,99.0,10,99.8,86.83
chicago,p790,422,4129,0.917,0.236,0.236,138.1,77.0,4,93.8,78.58
chicago,p790,429,4022,0.401,0.655,0.655,132.0,106.0,8,108.2,108.7
chicago,p790,609,4338,0.831,0.396,0.063,124.5,90.0,8,93.1,101.63
chicago,p790,713,1169,0.688,4.891,1.194,245.7,160.0,7,160.8,168.03
chicago,p790,741,410,3.095,17.722,13.051,215.8,191.0,22,185.9,197.35
chicago,p790,742,3460,0.372,0.199,0.108,26.9,72.0,4,85.2,72.64
chicago,p790,743,3379,0.86,0.475,0.197,8.0,88.0,10,99.6,89.64
chicago,p790,798,1339,0.774,6.179,0.144,95.2,205.0,24,212.6,211.81
chicago,p790,804,430,3.668,17.74,0.018,220.8,197.5,23,200.9,197.78
chicago,p790,1010,3228,0.602,2.965,0.24,149.4,227.2,18,219.9,225.25
chicago,p790,1060,4672,0.573,1.108,0.432,96.2,150.4,9,139.9,136.31
chicago,p790,1064,4763,0.258,0.664,0.009,136.8,115.2,7,92.8,118.94
chicago,p790,1065,4772,0.287,0.74,0.076,130.1,121.6,6,102.7,118.95
chicago,p790,1144,1339,0.229,6.035,1.363,95.2,201.6,3,199.7,211.81
chicago,p790,1146,1003,1.261,4.672,0.534,128.1,142.0,4,152.3,160.54
chicago,p790,1198,3241,0.888,2.138,0.098,166.0,181.0,16,194.1,183.52
chicago,p883,11,2125,0.443,3.661,0.217,218.1,166.0,12,177.7,172.12
chicago,p883,12,2763,0.399,3.768,1.469,282.1,212.0,22,211.8,210.74
chicago,p883,13,2690,1.33,3.786,0.771,275.1,208.0,14,206.3,210.52
chicago,p883,50,2007,1.02,3.962,0.527,168.7,169.0,20,170.0,173.64
chicago,p883,66,2799,0.355,3.312,0.765,206.6,192.0,11,209.8,190.73
chicago,p883,178,2784,0.399,3.453,0.179,278.8,198.0,13,197.2,202.35
chicago,p883,182,1499,0.399,1.796,0.743,109.3,77.0,2,66.0,86.47
chicago,p883,254,2170,1.419,3.35,0.468,151.5,157.0,16,157.1,161.77
chicago,p883,341,2559,0.754,3.288,0.698,157.5,177.0,19,170.2,181.31
chicago,p883,668,2433,0.665,4.793,0.452,213.0,234.0,22,216.4,233.91
chicago,p883,708,2257,1.375,5.865,0.969,235.6,261.8,25,258.3,256.24
chicago,p883,715,3031,1.286,3.946,0.325,206.3,239.1,23,235.3,244.98
chicago,p883,723,2596,0.355,5.063,0.978,359.2,260.0,9,283.3,270.25
chicago,p883,729,2058,1.064,6.091,0.23,164.8,249.6,26,247.4,250.75
chicago,p883,741,2591,0.443,3.556,3.556,175.0,191.0,22,189.3,197.35
chicago,p883,748,3734,0.976,3.607,0.327,330.3,265.4,31,260.5,259.19
chicago,p883,751,2794,0.399,2.59,0.408,131.6,156.4,20,158.9,158.84
chicago,p883,795,2072,1.818,5.432,0.412,231.1,227.0,24,237.9,232.98
chicago,p883,801,1938,0.887,4.073,0.16,165.9,168.0,17,169.7,169.19
chicago,p883,802,2014,0.443,3.948,0.062,164.8,169.0,15,172.1,164.86
chicago,p883,804,2605,0.665,3.679,0.123,179.3,197.5,23,202.7,197.78
chicago,p883,822,2938,0.488,3.117,0.088,207.9,190.0,8,198.4,193.64
chicago,p883,918,2498,2.262,6.009,0.153,171.6,292.9,28,307.9,292.38
chicago,p883,982,2149,0.976,3.992,0.062,233.6,180.0,18,177.6,174.78
chicago,p883,986,1950,2.262,4.341,0.533,173.9,178.0,26,175.9,177.92
chicago,p883,1015,1768,2.705,4.945,0.725,195.0,183.0,27,188.4,188.0
chicago,p883,1042,1449,2.661,2.608,0.809,119.5,96.0,9,108.8,105.73
chicago,p883,1131,2156,0.71,4.085,1.503,258.1,184.0,28,166.0,157.7
chicago,p883,1137,2248,1.375,6.849,0.407,306.0,300.0,29,265.5,264.96
chicago,p883,1140,2568,2.217,6.003,0.023,263.7,300.0,30,287.2,269.7
chicago,p883,1145,2313,0.488,2.698,0.005,238.2,139.0,1,131.9,135.31
chicago,p883,1156,2196,1.951,6.442,2.508,291.7,278.0,25,270.5,176.51
chicago,p883,1159,3495,0.887,3.716,0.0,345.7,257.0,26,248.9,247.75
chicago,p883,1167,2609,0.355,4.384,1.071,193.0,230.0,18,227.1,226.59
chicago,p883,1179,2257,2.084,4.105,0.059,177.2,192.0,27,178.6,192.3
chicago,p883,1211,3333,0.576,3.28,0.114,322.9,221.0,25,229.7,223.24
chicago,p883,1224,2307,1.419,3.646,0.007,172.9,177.0,20,161.8,166.38
chicago,p883,1241,2331,2.528,5.636,0.046,248.9,260.0,33,257.1,258.23
chicago,p891,10,2433,0.488,4.746,0.423,216.1,204.0,25,200.9,206.61
chicago,p891,11,1808,0.576,5.183,0.262,218.2,166.0,12,177.7,172.12
chicago,p891,12,2456,0.665,4.888,1.84,225.1,212.0,22,211.8,210.74
chicago,p891,13,2375,1.33,4.958,0.8,298.7,208.0,14,206.3,210.52
chicago,p891,46,1933,0.621,4.438,0.338,141.3,152.0,5,148.8,152.39
chicago,p891,182,1196,0.665,3.589,1.004,73.5,77.0,2,83.8,86.47
chicago,p891,254,1864,1.996,4.754,0.681,132.9,157.0,16,157.1,161.77
chicago,p891,335,2436,0.976,4.553,0.423,230.7,196.0,22,206.4,197.26
chicago,p891,341,2318,0.665,4.318,0.859,153.0,177.0,19,170.2,181.31
chicago,p891,668,2113,0.798,6.266,0.103,224.5,234.0,22,214.4,233.91
chicago,p891,670,2397,0.576,1.386,1.386,8.9,60.0,6,95.8,62.86
chicago,p891,708,1971,1.596,7.51,0.922,238.7,261.8,25,258.3,256.24
chicago,p891,715,2715,1.419,4.991,0.245,237.8,239.1,23,234.6,244.98
chicago,p891,729,1740,1.153,8.1,0.277,163.2,249.6,26,247.4,250.75
chicago,p891,741,2369,0.576,4.562,4.562,199.0,191.0,22,185.9,197.35
chicago,p891,748,3458,1.109,4.356,0.256,237.9,265.4,31,261.1,259.19
chicago,p891,795,1782,1.818,7.196,0.479,208.3,227.0,24,237.9,232.98
chicago,p891,798,1758,0.843,6.588,0.101,208.6,205.0,24,212.6,211.81
chicago,p891,801,1681,1.109,5.64,0.205,161.7,168.0,17,169.7,169.19
chicago,p891,802,1753,0.443,5.441,0.061,175.2,169.0,15,168.6,164.86
chicago,p891,804,2381,0.843,4.695,0.133,196.6,197.5,23,202.7,197.78
chicago,p891,822,2627,0.399,4.094,0.132,225.5,190.0,8,198.4,193.64
chicago,p891,918,2190,2.395,7.565,0.195,294.5,292.9,28,307.9,292.38
chicago,p891,952,2340,0.576,4.68,0.922,208.2,193.6,25,208.0,202.72
chicago,p891,982,1830,1.463,5.557,0.064,234.8,180.0,18,177.6,174.78
chicago,p891,986,1630,2.572,6.164,1.099,167.9,178.0,26,175.9,177.92
chicago,p891,1015,1450,3.149,7.117,1.79,184.1,183.0,27,189.3,188.0
chicago,p891,1042,1158,4.035,4.64,1.544,108.8,96.0,9,113.6,105.73
chicago,p891,1131,1844,1.064,5.636,2.051,228.5,184.0,28,166.0,157.7
chicago,p891,1137,1947,1.596,8.703,0.411,340.8,300.0,29,265.5,264.96
chicago,p891,1140,2251,2.439,7.541,0.032,259.6,300.0,30,287.2,269.7
chicago,p891,1156,1894,2.262,8.293,2.91,297.6,278.0,25,270.5,176.51
chicago,p891,1167,2290,0.355,5.685,0.008,214.2,230.0,18,227.1,226.59
chicago,p891,1179,1943,2.306,5.584,0.095,175.5,192.0,27,178.6,192.3
chicago,p891,1211,3056,0.399,4.099,0.102,259.4,221.0,25,229.7,223.24
chicago,p891,1224,1997,1.463,5.008,0.014,181.0,177.0,20,161.8,166.38
chicago,p891,1241,2011,2.661,7.312,0.06,226.7,260.0,33,257.1,258.23
chicago,p923,264,1344,2.282,2.472,0.162,114.7,118.0,4,125.7,118.16
chicago,p923,282,766,3.239,4.779,4.775,182.2,124.0,7,127.5,125.85
chicago,p923,283,1032,1.104,2.331,1.066,47.2,102.0,6,101.2,92.07
chicago,p923,419,907,2.723,0.442,0.442,25.6,67.0,1,83.9,87.06
chicago,p923,420,1298,2.061,0.751,0.751,-2.5,77.0,4,69.5,75.3
chicago,p923,423,1067,1.767,0.215,0.215,-21.9,64.0,2,86.7,70.31
chicago,p923,424,1067,3.975,1.235,1.235,92.8,83.0,4,96.6,89.25
chicago,p923,425,1028,3.018,1.839,1.186,41.1,93.0,2,92.5,94.84
chicago,p923,726,1079,2.944,3.764,1.171,112.5,131.0,7,135.4,133.19
chicago,p923,918,2333,1.987,5.7,0.129,360.9,292.9,28,306.4,292.38
chicago,p923,1010,795,2.576,11.884,1.148,270.5,227.2,18,214.2,225.25
chicago,p923,1131,2026,2.135,3.502,0.191,152.9,184.0,28,169.5,157.7
chicago,p923,1188,1732,1.325,1.157,0.0,159.8,95.0,4,84.1,95.86
chicago,p923,1193,1317,3.092,3.216,0.04,132.4,134.0,9,128.2,134.23
chicago,p923,1249,1609,1.251,1.282,0.016,85.9,96.0,5,85.3,98.06
chicago,p1027,114,1712,2.014,5.902,0.535,-86.5,179.0,4,195.2,179.79
chicago,p1027,437,620,3.542,8.89,0.716,-101.7,99.0,2,117.8,89.07
chicago,p1027,564,413,1.111,8.935,3.757,95.3,67.0,0,,64.86
chicago,p1027,568,312,5.625,11.243,1.988,69.3,64.0,1,52.1,59.84
chicago,p1027,580,287,2.5,17.043,6.79,87.4,90.0,4,73.4,79.16
chicago,p1027,581,385,0.556,12.884,3.994,-26.0,90.0,11,88.3,84.72
chicago,p1027,584,317,6.945,13.827,0.943,142.7,80.0,3,91.4,76.94
chicago,p1027,586,497,4.097,10.046,1.111,303.1,90.0,8,91.2,77.03
chicago,p1027,591,244,5.764,12.014,1.092,51.4,54.0,0,,49.52
chicago,p1027,592,199,11.459,28.948,16.141,99.1,112.0,16,118.9,103.83
chicago,p1027,593,190,6.667,38.722,22.988,183.0,154.0,18,136.1,133.14
chicago,p1027,670,2875,0.833,1.156,1.156,386.3,60.0,6,32.9,62.86
chicago,p1027,1159,1737,1.597,8.352,0.062,186.2,257.0,26,252.8,247.75
chicago,p1027,1207,1441,1.181,8.173,0.031,-229.3,209.0,14,215.2,212.71
chicago,p1060,106,1299,0.633,6.847,0.027,170.5,186.0,8,197.6,201.43
chicago,p1060,112,1544,1.75,4.111,0.777,131.6,141.0,12,130.4,127.47
chicago,p1060,134,1356,0.819,3.334,0.14,115.8,109.0,6,110.2,102.59
chicago,p1060,147,1429,2.494,3.404,0.115,118.3,115.0,3,122.5,102.44
chicago,p1060,328,2110,0.67,3.904,0.516,177.2,174.0,10,163.7,175.31
chicago,p1060,335,2349,0.521,4.043,0.786,211.0,196.0,22,206.4,197.26
chicago,p1060,510,687,1.489,4.989,0.838,107.1,90.0,2,84.3,78.71
chicago,p1060,511,694,1.489,5.435,0.859,100.3,96.0,2,93.5,87.27
chicago,p1060,530,1054,1.228,5.474,0.378,124.1,131.0,4,118.3,122.94
chicago,p1060,531,1053,0.335,5.477,0.003,128.3,131.0,2,120.4,119.38
chicago,p1060,535,849,2.755,5.92,0.536,107.4,118.0,7,107.9,104.01
chicago,p1060,537,682,4.244,8.425,1.239,126.1,131.0,8,127.0,124.75
chicago,p1060,561,497,2.159,5.057,0.122,84.0,74.0,3,82.9,71.59
chicago,p1060,588,488,3.611,8.043,2.987,104.6,99.0,11,93.5,88.49
chicago,p1060,589,452,0.67,5.936,0.879,104.2,77.0,1,107.6,85.51
chicago,p1060,590,413,9.12,12.023,6.066,113.5,118.0,14,106.8,103.47
chicago,p1060,670,2640,1.042,0.651,0.651,41.7,60.0,6,87.0,62.86
chicago,p1060,708,2875,1.042,4.61,0.921,219.4,261.8,25,258.3,256.24
chicago,p1060,741,2474,0.521,3.724,3.724,221.0,191.0,22,185.9,197.35
chicago,p1060,748,1388,2.42,9.627,1.93,250.7,265.4,31,261.1,259.19
chicago,p1060,751,2266,1.08,3.192,0.409,187.6,156.4,20,158.8,158.84
chicago,p1060,774,2184,0.745,3.328,0.854,179.7,157.0,9,159.1,157.94
chicago,p1060,804,2495,0.819,3.84,0.116,227.5,197.5,23,200.9,197.78
chicago,p1060,834,1603,1.415,8.199,4.504,259.7,261.0,16,269.1,261.19
chicago,p1060,1207,1420,0.968,7.186,1.266,216.5,209.0,14,210.7,212.71
chicago,p1060,1211,1753,1.117,6.219,1.524,186.9,221.0,25,236.4,223.24
chicago,p1060,1227,1246,2.718,6.341,0.034,141.0,168.5,15,176.1,169.25
chicago,p1073,102,3594,0.969,2.612,0.082,231.4,194.0,10,196.3,198.06
chicago,p1073,535,1499,0.443,3.359,0.104,121.7,118.0,7,107.6,104.01
chicago,p1073,537,1326,2.327,4.357,1.102,129.5,131.0,8,126.2,124.75
chicago,p1073,551,877,2.41,4.107,0.617,86.7,93.0,4,92.3,80.88
chicago,p1073,552,919,1.44,3.921,0.583,83.8,93.0,5,68.0,81.16
chicago,p1073,555,838,1.883,4.709,0.995,114.5,99.0,7,101.9,86.77
chicago,p1073,567,937,0.942,3.053,0.159,152.2,80.0,9,106.8,92.35
chicago,p1073,577,731,2.16,8.632,4.526,127.6,141.0,7,132.4,121.53
chicago,p1073,579,1017,1.191,3.714,0.28,92.5,96.0,2,97.7,83.76
chicago,p1073,582,720,0.637,5.004,0.422,92.8,93.0,10,87.9,77.74
chicago,p1073,590,1017,2.742,4.945,1.091,111.9,118.0,14,106.8,103.47
chicago,p1073,592,821,3.047,5.701,5.21,119.0,112.0,16,117.3,103.83
chicago,p1073,593,803,2.41,8.774,5.721,144.4,154.0,18,136.1,133.14
chicago,p1073,708,3554,0.277,3.731,0.323,261.2,261.8,25,257.8,256.24
chicago,p1073,747,2199,0.388,3.409,0.048,168.3,161.0,4,193.2,161.19
chicago,p1073,748,2031,2.244,6.611,1.607,270.0,265.4,31,260.5,259.19
chicago,p1073,952,3414,0.803,2.743,0.216,229.6,193.6,25,208.0,202.72
chicago,p1073,1137,3607,0.277,4.281,0.121,356.6,300.0,29,265.5,264.96
chicago,p1073,1140,4088,1.33,3.779,0.0,302.5,300.0,30,281.9,269.7
chicago,p1073,1159,2296,1.496,5.647,0.043,171.9,257.0,26,252.8,247.75
chicago,p1073,1204,3139,0.222,2.772,0.356,209.3,182.0,4,180.6,191.88
chicago,p1073,1207,1973,2.576,5.183,0.657,199.1,209.0,14,215.2,212.71
chicago,p1073,1227,1749,1.053,4.527,0.022,115.8,168.5,15,176.1,169.25
chicago,p1073,1237,1434,0.332,2.38,0.129,113.4,89.6,2,172.4,78.22
chicago,p1104,6,2170,0.873,1.373,1.373,91.1,54.0,3,49.1,64.45
chicago,p1104,292,487,3.311,5.045,3.888,63.4,45.0,1,65.4,49.64
chicago,p1104,361,2227,0.494,1.441,0.372,39.0,58.0,2,58.8,49.63
chicago,p1104,363,2144,2.257,1.069,1.069,18.3,42.0,1,33.4,51.31
chicago,p1104,364,1754,1.021,1.306,0.418,31.5,42.0,1,67.1,37.74
chicago,p1104,365,2278,0.692,1.157,0.002,30.9,48.0,4,34.6,66.06
chicago,p1104,369,2801,0.873,1.391,0.027,79.2,70.0,1,69.4,63.11
chicago,p1104,370,2181,0.296,1.208,1.208,77.0,48.0,0,,58.95
chicago,p1104,705,1755,1.021,1.305,0.117,38.8,42.0,1,18.1,37.7
chicago,p1104,766,1933,1.96,1.363,0.155,83.0,48.0,2,57.7,75.84
chicago,p1104,1115,2607,0.214,1.222,0.065,32.3,57.6,3,83.1,51.66
chicago,p1199,142,676,5.592,9.242,5.18,211.0,170.0,3,171.8,153.01
chicago,p1199,315,186,14.114,22.717,15.504,130.4,138.0,1,154.4,140.91
chicago,p1199,349,374,1.598,2.146,0.266,62.7,74.0,1,71.8,67.11
chicago,p1199,358,335,1.198,13.441,3.779,184.0,140.0,0,,116.03
chicago,p1199,390,2676,0.533,0.707,0.707,74.5,93.0,2,37.1,74.3
chicago,p1199,441,916,1.997,3.623,1.323,84.9,118.0,2,141.1,109.59
chicago,p1199,450,940,0.732,2.192,0.047,108.4,96.0,0,,88.29
chicago,p1199,480,1424,0.865,0.282,0.002,121.6,67.0,0,,61.2
chicago,p1199,500,591,2.064,2.229,0.263,87.4,83.0,0,,79.03
chicago,p1199,520,414,5.592,3.735,2.539,73.2,87.0,1,122.3,92.46
chicago,p1199,529,992,1.465,2.424,0.066,89.1,102.0,0,,88.87
chicago,p1199,614,646,3.995,2.304,1.412,132.3,86.0,1,172.3,84.64
chicago,p1199,620,382,6.591,2.397,0.725,85.9,76.0,0,,81.02
chicago,p1199,631,522,3.995,7.42,7.42,70.0,128.0,0,,122.03
chicago,p1199,643,883,2.929,2.722,0.404,109.6,102.0,0,,104.13
chicago,p1199,846,652,3.395,6.738,3.136,66.9,137.0,2,151.1,137.82
chicago,p1199,1126,466,1.265,1.671,1.489,68.2,73.6,0,,66.0
chicago,p1199,1209,389,14.247,18.763,1.922,204.3,192.0,7,198.8,182.61
chicago,p1199,1220,1175,0.666,3.068,3.068,81.1,123.0,1,122.0,122.78
chicago,p1199,1227,1329,2.53,4.668,0.125,139.5,168.5,15,176.1,169.25
chicago,p1199,1237,1662,0.666,1.021,0.326,133.0,89.6,2,162.7,78.22
chicago,p1199,1254,1472,1.798,2.645,0.04,110.4,128.0,4,155.9,109.64
chicago,p1200,131,108,24.456,15.57,13.519,52.1,90.0,2,89.8,100.87
chicago,p1200,293,282,6.821,7.27,7.062,115.1,96.0,3,75.3,87.43
chicago,p1200,324,275,5.653,0.208,0.208,84.8,61.0,0,,68.1
chicago,p1200,741,833,2.396,8.933,1.663,187.6,191.0,22,187.7,197.35
chicago,p1200,804,850,3.011,9.185,0.253,195.3,197.5,23,202.7,197.78
chicago,p1228,23,365,1.644,3.764,1.963,64.3,54.0,0,,62.62
chicago,p1228,40,815,2.819,8.375,2.272,74.3,150.0,8,137.9,149.25
chicago,p1228,87,211,25.055,9.156,3.005,72.7,64.0,7,74.1,65.63
chicago,p1228,184,201,11.549,11.269,0.847,80.5,70.0,0,,85.16
chicago,p1228,237,283,1.488,4.855,4.317,45.3,54.0,0,,63.87
chicago,p1228,252,398,0.431,1.728,0.069,41.7,42.0,0,,54.41
chicago,p1228,291,2199,1.644,1.901,0.099,44.1,103.0,4,72.7,104.07
chicago,p1228,345,792,2.31,3.466,3.466,85.5,78.0,2,81.4,77.54
chicago,p1228,365,3943,0.313,0.262,0.262,-60.2,48.0,4,37.2,66.06
chicago,p1228,739,80,5.246,10.422,4.314,66.1,44.8,0,,59.35
chicago,p1228,1249,851,6.186,4.433,0.067,70.3,96.0,5,85.9,98.06
chicago,p1228,1260,478,2.897,1.773,0.045,35.8,44.8,0,,50.72
chicago,p1252,298,570,8.939,5.611,5.611,38.1,58.0,1,53.4,69.55
chicago,p1252,404,2850,0.406,1.568,0.043,9.5,80.0,4,75.3,17.61
chicago,p1252,412,2779,0.772,1.608,0.04,14.1,80.0,4,64.0,17.67
chicago,p1252,413,2660,1.016,0.926,0.926,171.5,45.0,2,76.6,39.12
chicago,p1252,418,266,8.045,15.138,8.017,102.3,74.0,1,46.0,79.45
chicago,p1252,428,638,1.706,4.124,2.232,114.6,48.0,2,62.6,52.4
chicago,p1252,430,851,5.282,7.17,2.801,145.4,109.0,9,117.5,112.7
chicago,p1252,641,745,2.397,3.073,0.458,121.4,42.0,2,65.0,45.65
chicago,p1252,700,770,1.016,2.974,0.327,42.6,42.0,3,48.3,0.33
chicago,p1252,702,876,1.3,2.615,0.598,136.1,42.0,0,,7.54
chicago,p1270,11,1005,0.78,9.264,2.479,207.4,166.0,12,177.7,172.12
chicago,p1270,75,554,0.878,5.772,0.1,117.5,58.0,5,60.3,70.41
chicago,p1270,181,387,4.876,6.784,0.019,36.0,48.0,0,,64.88
chicago,p1270,182,308,5.558,13.674,1.923,58.4,77.0,2,91.4,86.47
chicago,p1270,183,327,2.73,11.751,2.488,72.6,70.0,0,,62.77
chicago,p1270,240,520,1.755,9.612,2.482,161.9,90.0,4,114.1,67.11
chicago,p1270,253,411,7.118,15.124,4.322,213.9,113.0,3,127.4,103.08
chicago,p1270,261,350,1.365,10.048,5.322,42.3,64.0,0,,71.93
chicago,p1270,265,351,1.073,10.478,0.866,109.9,67.0,0,,24.05
chicago,p1270,267,438,0.878,11.737,4.172,103.3,93.0,5,84.1,83.44
chicago,p1270,268,217,3.413,11.964,0.226,38.8,48.0,0,,46.46
chicago,p1270,344,265,2.633,11.937,1.135,34.4,58.0,0,,65.22
chicago,p1270,683,863,0.78,7.071,2.344,81.9,109.0,6,124.5,110.68
chicago,p1270,1042,225,23.696,22.681,13.561,124.8,96.0,9,108.8,105.73
chicago,p1270,1193,421,4.486,17.414,1.932,128.2,134.0,9,128.6,134.23
chicago,p1270,1241,1294,6.046,11.28,0.158,165.0,260.0,33,257.1,258.23
chicago,p1342,5,598,3.333,8.748,2.295,91.8,122.0,10,118.0,122.42
chicago,p1342,19,1331,1.359,7.195,2.215,257.6,198.0,7,192.9,197.66
chicago,p1342,40,1364,1.844,5.027,1.449,131.7,150.0,8,137.9,149.25
chicago,p1342,66,1605,0.744,5.765,1.366,209.5,192.0,11,209.8,190.73
chicago,p1342,75,556,0.938,2.885,1.382,79.6,58.0,5,60.3,70.41
chicago,p1342,87,756,4.821,2.575,0.919,66.8,64.0,7,74.1,65.63
chicago,p1342,88,869,2.88,6.823,0.443,142.9,134.0,8,139.8,134.38
chicago,p1342,248,1282,0.259,3.081,0.506,134.1,99.0,1,108.5,99.17
chicago,p1342,254,1160,2.33,6.249,3.364,152.3,157.0,16,157.1,161.77
chicago,p1342,715,1838,1.683,6.491,0.727,229.3,239.1,23,235.3,244.98
chicago,p1342,729,864,2.524,14.265,0.583,251.0,249.6,26,244.5,250.75
chicago,p1342,740,557,0.453,1.521,0.309,58.0,44.8,3,64.8,48.35
chicago,p1342,918,1460,2.847,10.211,0.273,329.7,292.9,28,306.4,292.38
chicago,p1342,926,979,0.615,8.539,1.375,151.1,177.0,8,153.9,173.03
chicago,p1342,952,1464,1.359,6.375,0.925,209.8,193.6,25,208.0,202.72
chicago,p1342,982,988,2.006,8.633,0.094,166.6,180.0,18,178.1,174.78
chicago,p1342,986,765,5.177,10.952,3.327,167.3,178.0,26,175.9,177.92
chicago,p1342,990,871,0.518,13.682,5.637,244.7,242.0,9,244.1,238.88
chicago,p1342,1015,644,6.374,13.373,4.683,183.2,183.0,27,189.3,188.0
chicago,p1342,1131,1092,2.491,8.026,2.243,148.7,184.0,28,169.5,157.7
chicago,p1342,1140,1444,2.621,10.591,0.046,376.5,300.0,30,281.9,269.7
chicago,p1342,1167,1415,0.841,8.046,3.647,179.3,230.0,18,227.1,226.59
chicago,p1342,1179,1069,3.818,8.619,0.268,199.8,192.0,27,177.9,192.3
chicago,p1342,1241,1152,4.4,11.287,0.112,236.5,260.0,33,257.1,258.23
chicago,p1389,62,4048,0.214,2.504,0.275,259.7,207.0,12,195.6,197.37
chicago,p1389,80,3502,0.191,2.061,0.086,261.7,156.0,2,123.0,148.56
chicago,p1389,346,470,2.144,13.639,10.337,148.3,144.0,4,149.4,127.47
chicago,p1389,348,595,2.001,10.283,6.725,136.9,138.0,4,140.0,120.81
chicago,p1389,351,455,6.456,14.068,7.201,145.9,144.0,1,89.6,12.28
chicago,p1389,441,2260,0.286,2.23,0.17,176.7,118.0,2,95.2,109.59
chicago,p1389,535,1611,0.405,3.127,0.198,112.7,118.0,7,107.6,104.01
chicago,p1389,537,1437,2.287,4.019,1.13,122.8,131.0,8,127.0,124.75
chicago,p1389,551,978,1.453,3.685,0.403,92.4,93.0,4,90.3,80.88
chicago,p1389,552,1022,1.144,3.526,0.576,92.8,93.0,5,68.0,81.16
chicago,p1389,553,1176,0.191,3.066,0.836,106.9,93.0,1,108.0,80.75
chicago,p1389,555,944,0.286,4.182,0.815,94.1,99.0,7,103.3,86.77
chicago,p1389,567,1049,0.31,2.729,0.021,145.8,80.0,9,106.8,92.35
chicago,p1389,570,866,0.381,2.25,0.021,75.8,64.0,0,,58.51
chicago,p1389,577,832,1.834,7.602,3.916,132.2,141.0,7,132.4,121.53
chicago,p1389,579,1122,1.334,3.367,0.185,93.8,96.0,2,97.0,83.76
chicago,p1389,581,1052,0.381,3.263,0.137,119.8,90.0,11,87.8,84.72
chicago,p1389,582,830,0.667,4.34,0.004,93.5,93.0,10,87.9,77.74
chicago,p1389,583,878,0.191,3.649,0.048,95.0,86.0,6,90.2,82.53
chicago,p1389,588,1218,0.214,3.243,0.499,94.7,99.0,11,93.5,88.49
chicago,p1389,590,1129,2.692,4.458,1.032,107.3,118.0,14,109.1,103.47
chicago,p1389,592,932,1.668,5.026,5.026,115.9,112.0,16,118.9,103.83
chicago,p1389,593,915,2.478,7.72,4.919,141.7,154.0,18,136.1,133.14
chicago,p1389,708,3664,0.381,3.619,0.373,216.8,261.8,25,258.3,256.24
chicago,p1389,715,3305,1.167,3.62,1.117,176.5,239.1,23,235.3,244.98
chicago,p1389,747,2309,0.191,3.247,0.215,218.9,161.0,4,167.9,161.19
chicago,p1389,748,2142,2.216,6.273,1.953,243.2,265.4,31,261.1,259.19
chicago,p1389,804,3424,0.429,2.8,0.072,452.4,197.5,23,200.9,197.78
chicago,p1389,1131,4467,0.31,1.975,0.017,329.2,184.0,28,166.0,157.7
chicago,p1389,1140,4186,0.31,3.69,0.0,249.9,300.0,30,287.2,269.7
chicago,p1389,1159,2405,1.429,5.392,0.04,215.6,257.0,26,252.8,247.75
chicago,p1389,1207,2081,2.454,4.916,0.65,165.4,209.0,14,215.2,212.71
chicago,p1389,1209,2805,0.762,3.306,0.065,171.7,192.0,7,204.3,182.61
chicago,p1389,1227,1857,1.239,4.267,0.02,165.5,168.5,15,176.1,169.25
chicago,p1686,20,76,25.225,41.003,14.372,43.5,96.0,0,,103.48
chicago,p1686,62,153,18.668,49.189,8.186,113.4,207.0,12,202.2,197.37
chicago,p1686,697,112,11.081,47.626,24.694,83.6,153.0,0,,152.44
chicago,p36,12,2890,1.303,4.156,0.858,207.1,212.0,22,212.1,210.74
chicago,p36,46,2373,0.298,3.617,0.369,148.8,152.0,5,148.4,152.39
chicago,p36,50,2188,0.782,4.364,0.281,174.9,169.0,20,169.3,173.64
chicago,p36,151,2472,0.199,3.795,0.466,252.3,166.0,2,205.0,167.34
chicago,p36,335,2874,0.906,3.861,0.488,192.2,196.0,22,207.0,197.26
chicago,p36,634,2974,0.099,3.406,0.236,173.8,179.0,5,178.4,185.63
chicago,p36,708,2412,1.576,6.147,0.814,260.9,261.8,25,257.8,256.24
chicago,p36,713,2102,0.211,4.298,0.056,161.8,160.0,7,160.8,168.03
chicago,p36,714,2171,0.099,4.242,0.381,142.7,163.0,4,174.0,164.83
chicago,p36,748,3899,1.39,3.865,0.281,235.8,265.4,31,261.1,259.19
chicago,p36,794,2225,0.099,5.393,1.598,228.8,212.0,2,222.4,232.69
chicago,p36,795,2223,1.775,5.778,0.386,242.0,227.0,24,235.8,232.98
chicago,p36,798,2199,0.782,5.273,0.082,218.9,205.0,24,210.2,211.81
chicago,p36,801,2116,1.018,4.486,0.122,163.0,168.0,17,169.7,169.19
chicago,p36,802,2190,0.509,4.361,0.055,165.3,169.0,15,172.1,164.86
chicago,p36,803,2178,0.199,4.306,0.064,135.2,166.0,6,174.6,164.98
chicago,p36,809,2929,0.099,3.462,0.058,205.3,179.2,6,169.9,175.88
chicago,p36,1137,2385,1.688,7.121,0.37,261.3,300.0,29,266.2,264.96
chicago,p36,1156,2332,2.197,6.751,0.849,222.5,278.0,25,272.2,176.51
chicago,p36,1179,2371,1.7,4.582,0.066,144.5,192.0,27,178.6,192.3
chicago,p36,1204,3044,0.099,3.384,0.052,181.0,182.0,4,184.6,191.88
chicago,p36,1211,3497,0.496,3.584,0.178,200.9,221.0,25,236.4,223.24
chicago,p36,1224,2430,1.018,4.12,0.108,176.7,177.0,20,161.8,166.38
chicago,p398,437,1415,0.494,3.922,0.36,105.0,99.0,2,14.4,89.07
chicago,p398,438,1503,0.896,3.579,0.279,80.3,96.0,1,110.4,92.1
chicago,p398,510,1406,1.0,3.58,0.29,81.7,90.0,2,97.0,78.71
chicago,p398,511,1426,1.507,3.771,0.481,85.6,96.0,2,100.9,87.27
chicago,p398,533,1861,0.208,3.29,0.192,94.9,109.0,3,137.7,97.72
chicago,p398,552,1520,1.636,3.427,0.985,63.3,93.0,5,83.8,81.16
chicago,p398,559,1284,0.39,3.208,0.1,78.2,74.0,2,81.8,65.74
chicago,p398,567,1111,3.052,4.017,0.75,95.4,80.0,9,108.8,92.35
chicago,p398,580,1138,1.481,4.42,0.437,55.0,90.0,4,80.6,79.16
chicago,p398,581,1264,0.403,3.983,0.354,73.0,90.0,11,88.3,84.72
chicago,p398,588,1236,1.377,4.486,0.564,100.9,99.0,11,93.5,88.49
chicago,p398,590,1172,2.961,5.652,2.344,151.1,118.0,14,106.8,103.47
chicago,p398,592,1027,2.507,6.112,2.451,124.8,112.0,16,117.3,103.83
chicago,p398,593,1071,2.026,8.08,4.96,165.1,154.0,18,136.1,133.14
chicago,p398,1254,1997,1.494,3.611,0.0,146.8,128.0,4,154.4,109.64
chicago,p410,10,3088,0.401,3.743,0.596,183.9,204.0,25,202.3,206.61
chicago,p410,63,2526,0.097,2.787,0.255,173.9,125.0,2,115.3,154.74
chicago,p410,66,3137,0.297,3.466,0.685,223.4,192.0,11,209.5,190.73
chicago,p410,668,2768,0.601,4.791,0.387,211.2,234.0,22,216.4,233.91
chicago,p410,715,3370,1.396,4.024,0.282,234.6,239.1,23,235.3,244.98
chicago,p410,729,2396,0.996,5.901,0.197,257.4,249.6,26,244.5,250.75
chicago,p410,822,3277,0.29,3.284,0.072,197.9,190.0,8,199.9,193.64
chicago,p410,926,2471,0.097,4.051,0.554,165.5,177.0,8,153.2,173.03
chicago,p410,952,2994,0.304,3.662,0.875,205.6,193.6,25,208.2,202.72
chicago,p410,982,2481,0.809,4.104,0.053,168.7,180.0,18,178.1,174.78
chicago,p410,986,2285,2.392,4.404,0.486,181.1,178.0,26,175.3,177.92
chicago,p410,990,2403,0.2,5.704,1.279,248.9,242.0,9,244.1,238.88
chicago,p410,1015,2097,0.387,4.934,0.649,189.5,183.0,27,188.4,188.0
chicago,p410,1167,2947,0.2,4.425,0.005,228.0,230.0,18,222.7,226.59
chicago,p410,1179,2596,2.205,4.186,0.053,187.5,192.0,27,177.9,192.3
chicago,p410,1241,2665,2.302,5.53,0.041,256.4,260.0,33,257.1,258.23
chicago,p412,404,962,0.663,4.634,0.162,89.1,80.0,4,70.5,17.61
chicago,p412,405,882,2.716,5.053,0.419,94.0,80.0,3,72.5,74.22
chicago,p412,406,2574,0.871,1.602,0.254,87.2,74.0,1,79.3,63.1
chicago,p412,408,1455,0.498,3.068,0.046,103.5,80.0,4,96.2,73.16
chicago,p412,409,1373,1.431,3.791,0.99,86.2,93.0,4,75.6,80.34
chicago,p412,410,1288,0.29,3.022,1.085,93.1,70.0,1,88.6,64.5
chicago,p412,412,997,0.974,4.472,2.318,55.1,80.0,4,43.4,17.67
chicago,p412,414,2549,0.394,2.179,0.048,88.3,99.0,10,99.8,86.83
chicago,p412,430,2924,0.892,2.096,0.182,105.0,109.0,9,121.2,112.7
chicago,p412,609,2631,0.435,1.916,0.299,110.1,90.0,8,93.1,101.63
chicago,p412,1010,3871,0.622,3.329,0.186,218.4,227.2,18,215.8,225.25
chicago,p412,1059,2322,0.622,2.791,0.322,119.3,115.2,3,118.2,136.11
chicago,p412,1060,2322,0.726,3.657,0.866,117.1,150.4,9,139.9,136.31
chicago,p412,1213,4296,0.207,0.571,0.571,51.8,44.8,1,35.5,44.08
chicago,p723,371,838,2.075,4.438,4.438,162.0,67.0,1,79.2,59.93
chicago,p723,390,2454,0.183,2.123,2.123,53.8,93.0,2,47.5,74.3
chicago,p723,391,4828,0.104,1.495,0.131,113.4,128.0,3,138.2,142.3
chicago,p723,392,4470,0.104,0.833,0.064,65.5,67.0,0,,61.24
chicago,p723,394,4791,0.496,0.741,0.242,66.6,64.0,1,50.4,57.76
chicago,p723,395,4864,0.287,0.73,0.73,110.9,64.0,0,,55.81
chicago,p723,396,4983,0.405,0.828,0.063,110.2,74.0,0,,65.05
chicago,p723,403,4940,0.692,0.939,0.174,101.0,83.0,1,58.7,71.02
chicago,p723,603,4617,0.809,0.769,0.769,52.6,64.0,1,64.5,67.65
chicago,p723,604,4498,0.405,0.751,0.035,71.7,61.0,1,85.7,59.2
chicago,p723,606,4543,0.718,1.185,0.428,78.9,96.0,2,230.6,87.56
chicago,p723,607,4745,0.496,1.364,0.531,71.1,115.0,1,139.6,101.81
chicago,p723,1001,4534,0.509,1.228,0.477,77.6,99.2,0,,91.31
chicago,p723,1002,4537,0.418,1.227,1.227,95.5,99.2,2,226.4,88.28
chicago,p723,1223,4933,0.496,1.575,0.053,187.9,137.6,3,159.9,128.05
chicago,p727,10,2893,0.726,3.994,1.175,200.9,204.0,25,202.3,206.61
chicago,p727,11,2209,1.189,4.246,0.271,176.5,166.0,12,183.6,172.12
chicago,p727,12,2932,1.222,4.097,0.449,207.3,212.0,22,212.1,210.74
chicago,p727,46,2420,0.297,3.546,0.01,152.7,152.0,5,148.4,152.39
chicago,p727,50,2237,0.693,4.269,0.068,180.2,169.0,20,169.3,173.64
chicago,p727,69,2380,0.561,4.134,0.628,179.4,174.0,5,177.9,173.6
chicago,p727,254,2213,0.33,4.007,0.351,172.6,157.0,16,155.4,161.77
chicago,p727,335,2922,0.792,3.798,0.492,190.6,196.0,22,207.0,197.26
chicago,p727,341,2796,0.627,3.582,0.667,156.0,177.0,19,170.2,181.31
chicago,p727,668,2549,0.462,5.2,1.066,205.3,234.0,22,216.4,233.91
chicago,p727,708,2459,1.486,6.032,0.808,267.3,261.8,25,257.8,256.24
chicago,p727,715,3173,0.264,4.273,0.279,333.4,239.1,23,234.6,244.98
chicago,p727,717,2670,0.33,5.52,2.136,289.7,260.0,8,284.9,269.37
chicago,p727,723,2657,0.297,5.545,0.853,284.1,260.0,9,283.3,270.25
chicago,p727,729,2195,1.123,6.435,0.216,251.2,249.6,26,244.5,250.75
chicago,p727,741,2837,0.429,3.811,3.811,184.1,191.0,22,189.3,197.35
chicago,p727,748,3946,1.288,3.819,0.282,264.0,265.4,31,260.5,259.19
chicago,p727,751,3032,0.297,2.915,0.38,138.0,156.4,20,158.9,158.84
chicago,p727,795,2269,1.552,5.662,0.378,245.5,227.0,24,235.8,232.98
chicago,p727,798,2246,0.726,5.165,0.081,235.0,205.0,24,210.2,211.81
chicago,p727,801,2165,0.991,4.385,0.116,168.5,168.0,17,169.7,169.19
chicago,p727,802,2238,0.495,4.267,0.054,145.1,169.0,15,172.1,164.86
chicago,p727,804,2850,0.792,3.924,0.113,204.0,197.5,23,200.9,197.78
chicago,p727,809,2970,0.264,3.414,0.062,170.7,179.2,6,184.1,175.88
chicago,p727,918,2541,1.948,6.53,0.167,305.8,292.9,28,307.9,292.38
chicago,p727,952,2805,0.991,3.907,0.487,200.8,193.6,25,208.2,202.72
chicago,p727,986,2072,2.575,4.854,0.633,175.9,178.0,26,175.3,177.92
chicago,p727,1015,1864,2.146,5.547,1.029,194.3,183.0,27,188.4,188.0
chicago,p727,1042,1471,3.269,3.656,0.543,113.6,96.0,9,108.8,105.73
chicago,p727,1131,2218,1.717,4.692,0.422,172.3,184.0,28,166.0,157.7
chicago,p727,1137,2429,1.453,6.994,0.365,251.7,300.0,29,266.2,264.96
chicago,p727,1140,2644,2.179,6.431,0.027,271.3,300.0,30,287.2,269.7
chicago,p727,1156,2375,1.981,6.628,0.812,281.0,278.0,25,270.5,176.51
chicago,p727,1179,2411,2.08,4.506,0.064,173.3,192.0,27,178.6,192.3
chicago,p727,1211,3544,0.297,3.536,0.183,354.3,221.0,25,229.7,223.24
chicago,p727,1224,2472,0.726,4.05,0.106,150.7,177.0,20,164.0,166.38
chicago,p727,1241,2443,2.443,6.029,0.049,259.0,260.0,33,256.4,258.23
chicago,p729,10,3034,0.743,3.809,1.124,199.2,204.0,25,202.3,206.61
chicago,p729,11,2349,1.04,3.993,0.229,174.6,166.0,12,183.6,172.12
chicago,p729,12,3070,1.189,3.913,0.832,212.2,212.0,22,211.8,210.74
chicago,p729,50,2357,0.921,4.052,0.453,195.1,169.0,20,169.3,173.64
chicago,p729,69,2521,0.475,3.903,0.539,193.1,174.0,5,177.9,173.6
chicago,p729,335,3047,0.594,3.643,0.497,219.9,196.0,22,206.4,197.26
chicago,p729,341,2912,0.743,3.439,0.631,198.8,177.0,19,169.1,181.31
chicago,p729,668,2691,0.386,4.928,1.025,200.4,234.0,22,216.4,233.91
chicago,p729,708,2589,1.397,5.729,0.847,274.2,261.8,25,257.8,256.24
chicago,p729,715,3314,0.267,4.092,0.283,230.2,239.1,23,235.3,244.98
chicago,p729,717,2808,0.327,5.25,1.902,273.6,260.0,8,288.1,269.37
chicago,p729,729,2336,1.01,6.05,0.202,234.0,249.6,26,247.4,250.75
chicago,p729,741,2948,0.446,3.668,3.668,69.1,191.0,22,189.3,197.35
chicago,p729,748,4075,1.367,3.699,0.286,263.1,265.4,31,260.5,259.19
chicago,p729,751,3148,0.327,2.808,0.365,181.6,156.4,20,158.8,158.84
chicago,p729,795,2401,1.575,5.353,0.357,251.6,227.0,24,235.8,232.98
chicago,p729,798,2376,0.683,4.883,0.076,219.4,205.0,24,210.2,211.81
chicago,p729,801,2286,1.01,4.153,0.1,193.1,168.0,17,168.5,169.19
chicago,p729,802,2361,0.505,4.046,0.052,190.1,169.0,15,168.6,164.86
chicago,p729,804,2962,0.802,3.777,0.108,243.7,197.5,23,200.9,197.78
chicago,p729,918,2678,1.961,6.2,0.154,298.6,292.9,28,307.9,292.38
chicago,p729,952,2945,0.832,3.722,0.505,197.3,193.6,25,208.2,202.72
chicago,p729,986,2214,2.556,4.546,0.536,170.1,178.0,26,175.9,177.92
chicago,p729,1015,2005,2.05,5.159,0.906,178.9,183.0,27,189.3,188.0
chicago,p729,1042,1607,1.278,3.349,0.717,100.4,96.0,9,113.6,105.73
chicago,p729,1131,2356,1.813,4.417,0.351,177.1,184.0,28,166.0,157.7
chicago,p729,1137,2565,1.456,6.627,0.355,266.2,300.0,29,265.5,264.96
chicago,p729,1140,2784,2.08,6.11,0.025,270.0,300.0,30,287.2,269.7
chicago,p729,1156,2511,1.842,6.272,0.715,288.8,278.0,25,270.5,176.51
chicago,p729,1159,3831,0.267,3.808,0.0,256.1,257.0,26,248.9,247.75
chicago,p729,1179,2551,2.021,4.26,0.057,183.8,192.0,27,177.9,192.3
chicago,p729,1211,3672,0.475,3.413,0.197,236.4,221.0,25,229.7,223.24
chicago,p729,1224,2610,0.832,3.836,0.101,157.3,177.0,20,164.0,166.38
chicago,p729,1241,2584,2.407,5.701,0.045,250.8,260.0,33,257.1,258.23
chicago,p736,10,2810,0.465,4.112,0.554,210.8,204.0,25,200.9,206.61
chicago,p736,11,2159,1.18,4.343,0.291,178.9,166.0,12,182.4,172.12
chicago,p736,13,2719,0.715,4.333,0.731,207.6,208.0,14,208.2,210.52
chicago,p736,14,2728,0.322,3.148,0.598,143.6,152.0,4,195.1,155.54
chicago,p736,178,2821,0.465,3.974,0.074,196.5,198.0,13,209.1,202.35
chicago,p736,254,2187,0.93,4.054,0.359,159.4,157.0,16,155.4,161.77
chicago,p736,267,1662,0.501,3.133,0.354,84.1,93.0,5,103.3,83.44
chicago,p736,668,2482,0.572,5.341,0.945,216.9,234.0,22,214.4,233.91
chicago,p736,715,3091,1.216,4.387,0.274,243.3,239.1,23,234.6,244.98
chicago,p736,729,2115,1.073,6.678,0.225,243.2,249.6,26,247.4,250.75
chicago,p736,822,3005,0.358,3.58,0.139,135.7,190.0,8,199.9,193.64
chicago,p736,918,2516,2.003,6.596,0.164,292.5,292.9,28,307.9,292.38
chicago,p736,952,2718,0.608,4.033,0.903,198.5,193.6,25,208.2,202.72
chicago,p736,982,2192,0.644,4.643,0.057,225.0,180.0,18,177.6,174.78
chicago,p736,986,2000,2.611,5.029,0.683,181.0,178.0,26,175.3,177.92
chicago,p736,1015,1807,2.575,5.721,1.024,192.1,183.0,27,188.4,188.0
chicago,p736,1042,1456,5.687,3.695,0.386,103.2,96.0,9,113.6,105.73
chicago,p736,1131,2181,1.145,4.77,1.477,172.0,184.0,28,166.0,157.7
chicago,p736,1140,2599,2.11,6.54,0.026,259.2,300.0,30,287.2,269.7
chicago,p736,1179,2321,2.11,4.68,0.067,166.1,192.0,27,178.6,192.3
chicago,p736,1224,2375,1.109,4.213,0.009,85.2,177.0,20,164.0,166.38
chicago,p736,1241,2377,2.504,6.194,0.049,261.7,260.0,33,256.4,258.23
chicago,p775,12,4132,0.293,2.91,0.384,218.3,212.0,22,211.8,210.74
chicago,p775,66,4388,0.202,2.479,0.028,165.8,192.0,11,209.8,190.73
chicago,p775,112,3150,0.972,2.526,0.253,136.6,141.0,12,130.4,127.47
chicago,p775,114,3201,1.265,3.165,0.051,183.8,179.0,4,195.2,179.79
chicago,p775,328,3720,0.385,2.647,0.199,176.0,174.0,10,163.7,175.31
chicago,p775,335,3953,0.789,2.81,0.423,206.8,196.0,22,206.6,197.26
chicago,p775,341,4093,0.202,2.448,0.168,186.8,177.0,19,169.1,181.31
chicago,p775,551,1876,1.265,2.777,0.261,88.4,93.0,4,92.3,80.88
chicago,p775,582,1671,1.394,3.116,0.116,96.1,93.0,10,87.9,77.74
chicago,p775,583,1742,1.632,2.76,0.28,87.7,86.0,6,92.8,82.53
chicago,p775,593,1677,1.064,5.178,0.065,135.3,154.0,18,136.8,133.14
chicago,p775,627,4105,0.862,2.399,0.1,149.4,174.0,13,166.7,173.69
chicago,p775,715,4198,0.935,3.233,0.182,246.9,239.1,23,234.6,244.98
chicago,p775,741,4081,0.403,2.651,2.651,208.9,191.0,22,185.9,197.35
chicago,p775,748,2944,0.972,5.113,1.356,261.1,265.4,31,260.5,259.19
chicago,p775,750,3869,0.275,2.468,0.299,171.2,168.8,6,160.2,168.87
chicago,p775,751,3877,0.587,2.281,0.248,169.0,156.4,20,158.8,158.84
chicago,p775,774,3793,0.385,2.34,0.272,162.0,157.0,9,159.1,157.94
chicago,p775,804,4103,0.495,2.728,0.076,214.7,197.5,23,200.9,197.78
chicago,p775,834,3186,0.495,4.647,2.159,263.2,261.0,16,269.1,261.19
chicago,p775,1159,3226,0.385,4.52,1.069,237.7,257.0,26,252.8,247.75
chicago,p775,1207,2926,0.88,4.046,1.137,152.8,209.0,14,215.2,212.71
chicago,p775,1209,3672,0.403,2.962,0.05,187.9,192.0,7,204.3,182.61
chicago,p775,1211,3324,0.972,3.769,0.011,259.3,221.0,25,229.7,223.24
chicago,p775,1227,2711,1.082,3.514,0.011,173.6,168.5,15,176.1,169.25
chicago,p775,1241,4923,0.202,3.0,0.023,224.2,260.0,33,257.1,258.23
chicago,p780,391,926,3.819,7.75,0.102,119.3,128.0,3,138.2,142.3
chicago,p780,393,726,3.042,3.86,1.167,43.7,51.0,0,,48.7
chicago,p780,394,957,1.748,3.707,0.152,50.4,64.0,1,66.6,57.76
chicago,p780,401,1076,0.939,2.288,0.03,48.5,45.0,0,,47.75
chicago,p780,402,1091,0.777,2.258,2.258,45.6,45.0,0,,45.25
chicago,p780,403,1104,1.974,4.194,0.487,58.7,83.0,1,101.0,71.02
chicago,p780,603,704,1.877,5.036,5.036,64.5,64.0,1,52.6,67.65
chicago,p780,607,842,1.877,7.647,2.039,139.6,115.0,1,71.1,101.81
chicago,p780,692,544,0.744,6.189,0.242,60.1,61.0,1,86.1,6.81
chicago,p780,693,566,1.553,5.948,0.911,68.2,61.0,0,,67.66
chicago,p780,694,1446,1.359,5.609,0.572,150.4,144.0,2,99.1,124.56
chicago,p780,1223,1050,4.401,7.357,0.313,159.9,137.6,3,187.9,128.05
chicago,p782,112,2594,1.078,3.068,0.409,129.0,141.0,12,130.8,127.47
chicago,p782,114,2645,0.909,3.828,0.144,194.3,179.0,4,189.9,179.79
chicago,p782,328,3165,0.539,3.11,0.279,162.3,174.0,10,163.9,175.31
chicago,p782,577,1212,2.358,6.541,3.149,132.4,141.0,7,132.2,121.53
chicago,p782,582,1125,1.92,4.625,1.092,83.9,93.0,10,88.9,77.74
chicago,p782,592,1122,0.606,5.599,1.021,118.8,112.0,16,117.5,103.83
chicago,p782,593,1120,1.347,7.727,2.269,137.1,154.0,18,136.1,133.14
chicago,p782,627,3547,0.876,2.777,0.106,166.7,174.0,13,166.6,173.69
chicago,p782,741,3533,0.371,3.062,3.062,182.8,191.0,22,189.3,197.35
chicago,p782,748,2386,1.718,6.301,0.701,269.7,265.4,31,260.5,259.19
chicago,p782,751,3324,0.707,2.66,0.284,165.2,156.4,20,158.8,158.84
chicago,p782,804,3554,0.539,3.148,0.086,191.0,197.5,23,202.7,197.78
chicago,p782,834,2627,0.539,5.631,2.804,275.8,261.0,16,264.6,261.19
chicago,p782,1207,2373,2.088,4.985,0.226,224.3,209.0,14,210.7,212.71
chicago,p782,1211,2765,0.539,4.528,0.016,299.0,221.0,25,229.7,223.24
chicago,p785,62,4496,0.416,2.611,0.347,227.6,207.0,12,195.6,197.37
chicago,p785,112,2704,1.071,2.943,0.371,126.4,141.0,12,130.8,127.47
chicago,p785,114,2748,1.566,3.685,0.121,196.0,179.0,4,189.1,179.79
chicago,p785,328,3276,0.674,3.005,0.26,160.1,174.0,10,163.9,175.31
chicago,p785,335,3504,0.971,3.169,0.558,193.3,196.0,22,207.0,197.26
chicago,p785,342,3513,0.397,2.445,0.077,162.2,152.0,2,174.7,152.92
chicago,p785,466,1841,0.535,2.333,0.096,127.9,77.0,1,24.5,74.45
chicago,p785,581,1418,0.317,3.552,0.195,92.7,90.0,11,87.8,84.72
chicago,p785,582,1222,1.963,4.259,1.289,87.7,93.0,10,88.9,77.74
chicago,p785,583,1297,1.903,3.706,0.031,99.8,86.0,6,90.2,82.53
chicago,p785,586,1520,0.198,3.313,0.011,101.2,90.0,8,91.2,77.03
chicago,p785,592,1228,1.269,5.121,0.743,106.0,112.0,16,118.9,103.83
chicago,p785,593,1225,1.348,7.076,1.04,134.6,154.0,18,136.8,133.14
chicago,p785,627,3655,0.773,2.694,0.105,148.1,174.0,13,166.7,173.69
chicago,p785,670,3802,0.714,0.874,0.874,24.1,60.0,6,95.8,62.86
chicago,p785,741,3644,0.397,2.969,2.969,182.8,191.0,22,189.3,197.35
chicago,p785,748,2491,0.971,6.036,0.915,266.0,265.4,31,260.5,259.19
chicago,p785,750,3421,0.377,2.791,0.346,168.1,168.8,6,160.2,168.87
chicago,p785,751,3435,0.793,2.574,0.276,156.5,156.4,20,158.9,158.84
chicago,p785,774,3347,0.178,2.651,0.217,156.0,157.0,9,159.3,157.94
chicago,p785,804,3666,0.595,3.053,0.084,194.3,197.5,23,202.7,197.78
chicago,p785,834,2735,0.575,5.41,2.845,261.4,261.0,16,269.1,261.19
chicago,p785,1159,2773,0.496,5.254,1.426,284.8,257.0,26,248.9,247.75
chicago,p785,1207,2474,2.181,4.782,1.218,234.0,209.0,14,210.7,212.71
chicago,p785,1209,3222,0.515,3.375,0.057,216.1,192.0,7,198.8,182.61
chicago,p785,1227,2260,1.408,4.213,0.016,183.9,168.5,15,175.1,169.25
chicago,p785,1241,4473,0.714,3.301,0.026,299.0,260.0,33,256.4,258.23
chicago,p784,106,2397,0.377,4.389,0.017,226.4,186.0,8,184.6,201.43
chicago,p784,112,2690,0.993,2.958,0.375,126.5,141.0,12,130.8,127.47
chicago,p784,114,2745,0.753,3.689,0.122,200.6,179.0,4,189.1,179.79
chicago,p784,328,3261,0.445,3.02,0.262,163.9,174.0,10,163.7,175.31
chicago,p784,335,3492,0.822,3.18,0.561,175.1,196.0,22,207.0,197.26
chicago,p784,555,1382,1.472,4.014,0.709,103.3,99.0,7,101.9,86.77
chicago,p784,577,1309,2.191,6.063,2.818,141.7,141.0,7,132.2,121.53
chicago,p784,581,1416,0.651,3.555,0.195,95.8,90.0,11,87.8,84.72
chicago,p784,582,1225,1.883,4.25,1.284,89.8,93.0,10,87.9,77.74
chicago,p784,583,1303,2.054,3.69,0.151,99.2,86.0,6,90.2,82.53
chicago,p784,586,1521,1.164,3.311,0.011,98.0,90.0,8,91.2,77.03
chicago,p784,587,1532,0.685,3.139,0.173,96.7,86.0,1,86.8,77.39
chicago,p784,592,1221,0.342,5.146,0.757,115.4,112.0,16,118.9,103.83
chicago,p784,593,1220,1.198,7.102,3.284,136.6,154.0,18,136.4,133.14
chicago,p784,627,3644,0.89,2.702,0.105,151.7,174.0,13,166.7,173.69
chicago,p784,741,3625,0.274,2.984,2.984,182.2,191.0,22,189.3,197.35
chicago,p784,748,2485,1.643,6.051,0.905,274.4,265.4,31,260.5,259.19
chicago,p784,750,3408,0.342,2.802,0.439,154.4,168.8,6,167.0,168.87
chicago,p784,751,3418,0.616,2.586,0.277,158.8,156.4,20,158.8,158.84
chicago,p784,774,3333,0.342,2.663,0.214,150.3,157.0,9,159.3,157.94
chicago,p784,804,3647,0.548,3.068,0.084,190.6,197.5,23,202.7,197.78
chicago,p784,834,2725,0.548,5.429,2.668,274.0,261.0,16,264.6,261.19
chicago,p784,1140,4645,0.719,3.671,0.0,343.7,300.0,30,281.9,269.7
chicago,p784,1159,2769,0.342,5.263,0.023,313.3,257.0,26,248.9,247.75
chicago,p784,1207,2473,2.123,4.784,0.154,235.1,209.0,14,210.7,212.71
chicago,p784,1211,2864,0.445,4.373,0.015,353.6,221.0,25,229.7,223.24
chicago,p784,1227,2260,1.233,4.214,0.016,168.0,168.5,15,176.1,169.25
chicago,p788,0,1372,0.755,2.588,2.588,72.5,64.0,0,,90.65
chicago,p788,19,2285,0.324,4.903,0.172,211.3,198.0,7,192.9,197.66
chicago,p788,40,1383,3.317,6.107,0.582,133.8,150.0,8,137.9,149.25
chicago,p788,50,3124,0.378,3.06,0.102,167.6,169.0,20,170.0,173.64
chicago,p788,62,1942,1.294,6.027,1.509,250.8,207.0,12,195.6,197.37
chicago,p788,246,1081,1.942,6.124,0.622,161.3,118.0,2,145.2,109.52
chicago,p788,668,2096,0.944,6.317,1.228,197.2,234.0,22,216.4,233.91
chicago,p788,683,971,4.504,6.287,0.814,121.4,109.0,6,116.7,110.68
chicago,p788,729,2191,1.16,6.446,0.214,220.6,249.6,26,247.4,250.75
chicago,p788,801,3073,0.647,3.092,0.133,166.3,168.0,17,169.7,169.19
chicago,p788,969,1766,0.755,5.595,0.692,162.3,175.0,4,193.7,175.87
chicago,p788,986,2047,0.755,4.914,2.101,186.6,178.0,26,175.3,177.92
chicago,p788,1015,1819,0.836,5.681,0.984,193.7,183.0,27,188.4,188.0
chicago,p788,1137,2693,1.16,6.315,0.191,236.2,300.0,29,266.2,264.96
chicago,p788,1188,1132,0.647,4.698,0.0,50.7,95.0,4,89.0,95.86
chicago,p788,1193,1196,2.939,6.297,3.709,128.6,134.0,9,128.2,134.23
chicago,p788,1241,2022,2.697,7.273,0.076,348.3,260.0,33,256.4,258.23
chicago,p855,3,4532,0.755,0.657,0.657,-99.8,54.0,1,66.6,73.33
chicago,p855,6,1328,2.933,2.242,0.279,49.1,54.0,3,64.9,64.45
chicago,p855,361,1280,3.078,2.506,2.02,73.1,58.0,2,41.8,49.63
chicago,p855,365,990,2.759,2.661,2.003,25.8,48.0,4,37.2,66.06
chicago,p855,366,2035,2.381,2.026,2.026,78.3,74.0,2,88.8,65.66
chicago,p855,367,1441,2.178,2.464,2.464,18.7,64.0,1,64.6,56.55
chicago,p855,368,1810,1.074,2.057,2.057,-21.7,67.0,1,67.3,57.34
chicago,p855,374,664,4.007,3.708,3.708,41.4,45.0,1,80.2,52.48
chicago,p855,766,1340,1.481,1.966,0.818,54.2,48.0,2,72.1,75.84
chicago,p855,1115,1104,1.829,2.882,0.145,83.1,57.6,3,48.3,51.66
chicago,p855,1208,1096,0.987,2.737,0.193,81.6,54.4,2,64.2,51.53
chicago,p855,1215,1117,3.746,3.014,0.197,63.7,60.8,3,69.8,59.05
chicago,p855,1216,978,3.107,2.318,0.017,47.1,41.6,2,33.2,46.24
chicago,p895,421,1485,0.324,3.008,0.312,105.4,80.0,5,82.3,83.13
chicago,p895,429,1419,0.291,4.192,0.564,121.7,106.0,8,108.2,108.7
chicago,p895,609,1031,0.291,4.878,0.159,73.8,90.0,8,102.2,101.63
chicago,p895,703,630,1.295,4.72,0.005,56.2,54.0,1,102.0,60.62
chicago,p895,1010,2292,0.906,5.612,0.305,202.6,227.2,18,219.9,225.25
chicago,p895,1059,751,1.845,8.571,3.403,125.0,115.2,3,118.2,136.11
chicago,p895,1198,2284,1.424,4.481,0.154,189.6,181.0,16,194.1,183.52
chicago,p895,1259,196,45.988,10.984,0.504,34.4,40.0,0,,30.11
chicago,p905,676,106,2.121,23.992,3.526,48.1,49.0,0,,38.73
chicago,p905,934,102,9.013,20.466,5.58,40.0,40.0,0,,35.61
chicago,p905,1255,106,54.116,24.461,6.869,50.9,50.0,1,49.4,39.87
chicago,p906,3,2674,1.938,1.114,0.05,66.6,54.0,1,-99.8,73.33
chicago,p906,6,4283,0.496,0.696,0.162,64.9,54.0,3,49.1,64.45
chicago,p906,365,4383,0.721,0.601,0.09,84.4,48.0,4,28.4,66.06
chicago,p906,367,3944,0.406,0.901,0.429,64.6,64.0,1,18.7,56.55
chicago,p906,368,3574,0.451,1.042,0.291,67.3,67.0,1,-21.7,57.34
chicago,p906,369,3690,0.676,1.056,0.305,69.4,70.0,1,79.2,63.11
chicago,p906,373,4172,0.631,1.25,0.508,20.6,93.0,1,251.2,81.4
chicago,p906,1115,4166,0.631,0.765,0.042,48.3,57.6,3,83.1,51.66
chicago,p906,1208,4152,0.451,0.723,0.044,70.8,54.4,2,69.5,51.53
chicago,p906,1215,4168,1.307,0.808,0.047,90.5,60.8,3,63.7,59.05
chicago,p906,1216,4236,1.172,0.536,0.002,19.4,41.6,2,47.0,46.24
chicago,p927,447,1500,1.145,3.472,0.448,97.5,93.0,1,119.3,82.11
chicago,p927,533,1563,0.644,3.917,0.544,166.0,109.0,3,134.8,97.72
chicago,p927,554,1598,0.751,3.26,0.543,28.3,93.0,2,84.6,81.1
chicago,p927,586,1855,0.393,2.717,0.543,30.9,90.0,8,93.7,77.03
chicago,p927,590,2078,2.218,3.196,0.75,36.9,118.0,14,109.6,103.47
chicago,p927,635,604,4.614,7.636,1.529,95.1,83.0,0,,80.2
chicago,p927,861,204,28.542,10.991,5.247,47.0,41.6,0,,55.13
chicago,p927,1220,521,6.975,13.072,0.0,122.0,123.0,1,81.1,122.78
chicago,p927,1232,1171,1.896,2.874,0.182,48.5,60.8,0,,60.3
chicago,p927,1235,1730,1.466,5.219,0.236,213.6,160.0,1,149.8,149.69
chicago,p927,1237,1264,3.04,3.965,0.072,211.9,89.6,2,123.2,78.22
chicago,p927,1239,1833,1.645,6.071,0.149,189.3,197.0,7,195.8,197.18
chicago,p927,1254,1369,2.325,5.26,0.024,143.8,128.0,4,155.9,109.64
chicago,p981,437,1188,0.304,4.67,0.282,130.5,99.0,2,1.6,89.07
chicago,p981,438,1286,0.632,4.181,0.144,110.4,96.0,1,80.3,92.1
chicago,p981,552,1261,1.725,4.128,1.027,42.0,93.0,5,83.8,81.16
chicago,p981,553,1387,0.292,3.755,0.229,108.0,93.0,1,106.9,80.75
chicago,p981,555,1157,1.349,4.791,0.656,98.7,99.0,7,103.3,86.77
chicago,p981,561,1020,0.608,4.036,0.18,83.3,74.0,3,82.9,71.59
chicago,p981,567,870,3.864,5.122,1.454,66.1,80.0,9,108.8,92.35
chicago,p981,568,1006,1.215,3.526,2.951,52.1,64.0,1,69.3,59.84
chicago,p981,569,974,0.292,2.529,2.529,48.2,45.0,0,,58.23
chicago,p981,580,891,1.081,5.641,0.7,73.1,90.0,4,80.6,79.16
chicago,p981,581,1018,0.401,4.941,0.541,79.9,90.0,11,88.3,84.72
chicago,p981,586,1144,0.292,4.4,0.732,59.9,90.0,8,93.7,77.03
chicago,p981,588,1012,1.725,5.474,1.438,102.0,99.0,11,93.5,88.49
chicago,p981,590,940,3.597,7.034,2.364,115.9,118.0,14,106.8,103.47
chicago,p981,592,777,3.463,8.061,3.458,142.4,112.0,16,117.3,103.83
chicago,p981,593,816,2.491,10.547,6.308,179.2,154.0,18,136.1,133.14
chicago,p998,13,2519,1.193,4.675,0.17,201.9,208.0,14,209.4,210.52
chicago,p998,19,3059,0.305,3.666,0.111,245.3,198.0,7,192.9,197.66
chicago,p998,40,2159,1.012,3.922,0.433,141.4,150.0,8,134.1,149.25
chicago,p998,62,2718,1.206,4.313,0.797,197.4,207.0,12,200.4,197.37
chicago,p998,102,3014,0.985,3.645,0.324,196.0,194.0,10,199.3,198.06
chicago,p998,178,2744,0.485,4.086,0.441,197.2,198.0,13,209.1,202.35
chicago,p998,376,2691,0.305,2.893,0.468,147.1,138.0,4,136.1,171.15
chicago,p998,630,3034,0.208,4.279,0.935,296.7,229.0,11,225.4,227.9
chicago,p998,665,3446,0.166,1.828,0.744,27.0,112.0,1,120.5,111.72
chicago,p998,668,2868,0.721,4.624,0.958,239.4,234.0,22,214.4,233.91
chicago,p998,730,2538,1.303,3.113,1.269,131.7,140.0,5,128.7,141.22
chicago,p998,731,2637,1.095,2.996,0.553,130.9,140.0,4,139.1,140.58
chicago,p998,732,2607,1.095,3.03,0.588,130.7,140.0,7,144.7,140.99
chicago,p998,733,2569,1.109,3.075,1.516,132.0,140.0,6,132.1,140.9
chicago,p998,736,3418,0.402,1.894,0.22,163.4,115.0,2,93.6,115.53
chicago,p998,749,2342,1.123,1.809,0.632,75.2,76.0,1,60.5,78.25
chicago,p998,918,2224,1.484,7.451,0.154,276.0,292.9,28,307.9,292.38
chicago,p998,969,2540,0.111,3.896,0.23,199.4,175.0,4,176.6,175.87
chicago,p998,1100,2901,0.721,1.161,0.54,97.7,60.8,4,66.5,60.94
chicago,p998,1167,3132,1.317,4.164,0.0,226.2,230.0,18,223.6,226.59
chicago,p998,1171,2543,2.066,4.071,0.005,172.1,183.0,7,170.8,175.2
chicago,p998,1187,2601,0.388,4.506,0.044,189.5,207.0,7,199.9,208.91
chicago,p998,1196,2480,0.194,1.779,0.0,102.3,79.0,1,117.4,79.63
chicago,p998,1241,2793,0.887,5.278,0.046,260.4,260.0,33,256.4,258.23
chicago,p1034,112,2811,0.994,2.831,0.337,129.1,141.0,12,130.8,127.47
chicago,p1034,328,3376,0.312,2.916,0.243,163.9,174.0,10,163.7,175.31
chicago,p1034,335,3615,0.702,3.072,0.367,184.4,196.0,22,207.0,197.26
chicago,p1034,341,3749,0.312,2.673,0.169,174.4,177.0,19,169.1,181.31
chicago,p1034,359,3491,0.468,3.164,0.064,205.7,195.0,5,198.3,169.03
chicago,p1034,448,2281,0.195,2.76,0.241,115.6,112.0,0,,103.61
chicago,p1034,533,2270,0.195,2.699,0.044,137.7,109.0,3,134.8,97.72
chicago,p1034,551,1618,2.203,3.219,0.218,99.2,93.0,4,90.3,80.88
chicago,p1034,552,1645,1.248,3.166,0.187,96.2,93.0,5,68.0,81.16
chicago,p1034,555,1548,1.345,3.587,0.027,101.9,99.0,7,103.3,86.77
chicago,p1034,581,1568,0.39,3.213,0.149,109.5,90.0,11,87.8,84.72
chicago,p1034,582,1384,1.696,3.762,0.345,94.1,93.0,10,87.9,77.74
chicago,p1034,583,1467,1.618,3.278,0.125,86.2,86.0,6,92.8,82.53
chicago,p1034,584,1500,0.195,2.977,0.215,91.4,80.0,3,111.6,76.94
chicago,p1034,586,1676,1.482,3.005,0.306,95.6,90.0,8,91.2,77.03
chicago,p1034,587,1690,0.195,2.846,0.086,86.8,86.0,1,96.7,77.39
chicago,p1034,592,1365,1.638,4.606,0.415,143.9,112.0,16,117.3,103.83
chicago,p1034,593,1366,1.17,6.348,1.835,135.7,154.0,18,136.8,133.14
chicago,p1034,627,3771,0.994,2.612,0.104,175.1,174.0,13,166.6,173.69
chicago,p1034,715,3917,0.409,3.464,0.618,204.3,239.1,23,235.3,244.98
chicago,p1034,741,3731,0.409,2.9,2.9,193.1,191.0,22,185.9,197.35
chicago,p1034,748,2625,1.54,5.73,1.582,266.1,265.4,31,260.5,259.19
chicago,p1034,751,3531,0.604,2.504,0.269,157.7,156.4,20,158.9,158.84
chicago,p1034,754,3489,0.409,2.494,0.14,150.6,154.0,4,159.2,153.44
chicago,p1034,774,3451,0.702,2.572,0.355,157.8,157.0,9,159.3,157.94
chicago,p1034,798,4340,0.78,2.678,0.045,174.3,205.0,24,212.6,211.81
chicago,p1034,804,3753,0.624,2.982,0.082,200.9,197.5,23,202.7,197.78
chicago,p1034,834,2858,0.682,5.178,1.581,272.8,261.0,16,264.6,261.19
chicago,p1034,1140,4805,0.799,3.549,0.0,308.8,300.0,30,281.9,269.7
chicago,p1034,1159,2912,0.76,5.005,0.399,256.8,257.0,26,248.9,247.75
chicago,p1034,1207,2622,0.975,4.514,1.403,162.5,209.0,14,215.2,212.71
chicago,p1034,1209,3374,0.292,3.223,0.031,204.8,192.0,7,198.8,182.61
chicago,p1034,1211,3001,1.267,4.174,0.026,255.6,221.0,25,229.7,223.24
chicago,p1034,1227,2412,1.267,3.949,0.014,176.1,168.5,15,175.1,169.25
chicago,p1034,1254,2319,0.409,3.11,0.005,192.5,128.0,4,145.3,109.64
chicago,p1037,6,1376,0.984,2.164,0.22,48.0,54.0,3,64.9,64.45
chicago,p1037,361,1305,1.676,2.457,0.293,44.6,58.0,2,56.0,49.63
chicago,p1037,363,1285,1.591,1.783,0.926,33.4,42.0,1,18.3,51.31
chicago,p1037,365,1045,3.51,2.52,0.737,43.5,48.0,4,28.4,66.06
chicago,p1037,665,3898,0.413,1.616,0.004,120.5,112.0,1,27.0,111.72
chicago,p1037,766,1532,0.51,1.72,0.58,61.2,48.0,2,68.6,75.84
chicago,p1037,1115,842,1.506,3.779,0.198,87.7,57.6,3,48.3,51.66
chicago,p1037,1208,837,0.498,3.581,0.0,57.5,54.4,2,76.2,51.53
chicago,p1037,1215,961,4.567,3.5,0.268,55.5,60.8,3,69.8,59.05
chicago,p1037,1216,744,2.563,3.048,0.302,47.0,41.6,2,33.2,46.24
chicago,p1041,112,3164,0.8,2.516,0.25,138.6,141.0,12,130.4,127.47
chicago,p1041,328,3728,0.193,2.642,0.197,170.8,174.0,10,163.7,175.31
chicago,p1041,335,3968,0.606,2.799,0.34,180.0,196.0,22,207.0,197.26
chicago,p1041,341,4099,0.4,2.444,0.166,179.4,177.0,19,169.1,181.31
chicago,p1041,627,4124,0.916,2.388,0.101,185.2,174.0,13,166.6,173.69
chicago,p1041,670,4208,0.503,0.79,0.79,2.3,60.0,6,95.8,62.86
chicago,p1041,741,4078,0.284,2.653,2.653,197.7,191.0,22,185.9,197.35
chicago,p1041,751,3881,0.49,2.278,0.247,168.1,156.4,20,158.8,158.84
chicago,p1041,754,3842,0.4,2.266,0.104,173.6,154.0,4,154.0,153.44
chicago,p1041,774,3803,0.696,2.334,0.284,172.6,157.0,9,159.1,157.94
chicago,p1041,798,4694,0.812,2.476,0.041,221.0,205.0,24,210.2,211.81
chicago,p1041,804,4100,0.593,2.73,0.076,208.4,197.5,23,200.9,197.78
chicago,p1041,834,3212,0.619,4.61,1.296,305.2,261.0,16,264.6,261.19
chicago,p1051,346,454,1.904,17.373,13.211,150.0,144.0,4,148.6,127.47
chicago,p1051,348,580,1.811,13.201,9.028,142.5,138.0,4,137.2,120.81
chicago,p1051,537,1429,2.206,5.157,0.617,126.2,131.0,8,126.9,124.75
chicago,p1051,555,931,1.927,5.948,0.789,105.4,99.0,7,101.9,86.77
chicago,p1051,561,1216,0.302,3.388,0.096,76.6,74.0,3,83.3,71.59
chicago,p1051,567,1043,0.998,4.278,2.686,96.2,80.0,9,108.8,92.35
chicago,p1051,577,817,2.043,9.653,4.258,141.6,141.0,7,132.2,121.53
chicago,p1051,581,1043,0.859,4.822,0.282,87.8,90.0,11,88.3,84.72
chicago,p1051,582,820,0.58,6.33,1.196,87.0,93.0,10,88.9,77.74
chicago,p1051,583,867,0.859,5.537,0.983,90.6,86.0,6,92.5,82.53
chicago,p1051,586,1123,0.58,4.482,0.415,91.8,90.0,8,93.0,77.03
chicago,p1051,588,1211,0.488,4.581,0.907,91.3,99.0,11,94.7,88.49
chicago,p1051,590,1122,2.554,5.903,0.852,104.1,118.0,14,109.6,103.47
chicago,p1051,592,927,2.879,6.764,5.843,105.9,112.0,16,118.9,103.83
chicago,p1051,593,909,2.322,9.492,5.214,135.3,154.0,18,136.8,133.14
chicago,p1051,748,2132,2.275,7.045,2.075,264.4,265.4,31,260.5,259.19
chicago,p1051,1159,2394,1.416,6.08,0.046,259.8,257.0,26,248.9,247.75
chicago,p1051,1207,2069,2.391,5.713,0.176,214.0,209.0,14,211.9,212.71
chicago,p1140,10,499,3.397,22.024,11.613,194.4,204.0,25,202.3,206.61
chicago,p1140,12,178,1.501,49.742,31.127,204.9,212.0,22,212.1,210.74
chicago,p1140,302,144,6.267,21.24,1.811,47.7,58.0,0,,82.4
chicago,p1140,304,214,0.211,22.379,4.466,139.4,90.0,0,,91.11
chicago,p1140,715,510,5.003,24.95,2.57,226.2,239.1,23,235.3,244.98
chicago,p1140,808,266,3.081,31.918,0.075,145.4,167.5,1,136.1,174.25
chicago,p1140,809,281,2.37,32.271,0.353,199.1,179.2,6,169.9,175.88
chicago,p1140,952,454,1.633,22.861,4.247,226.4,193.6,25,208.0,202.72
chicago,p1140,953,313,2.37,27.904,0.04,144.7,167.5,1,174.3,176.78
chicago,p1140,955,327,1.922,28.435,0.531,170.9,179.2,4,186.1,178.57
chicago,p1140,1149,344,3.213,23.987,2.747,178.7,155.0,0,,152.19
chicago,p1140,1204,262,13.535,34.482,0.072,188.9,182.0,4,180.6,191.88
chicago,p1160,50,1762,1.464,5.413,1.238,170.0,169.0,20,169.3,173.64
chicago,p1160,334,2489,0.201,2.783,0.1,158.1,123.0,1,109.7,126.4
chicago,p1160,335,2356,0.494,4.707,1.262,234.8,196.0,22,206.4,197.26
chicago,p1160,341,2079,0.604,4.812,0.248,186.3,177.0,19,169.1,181.31
chicago,p1160,343,2123,1.025,3.773,0.081,129.7,142.0,1,144.4,153.34
chicago,p1160,627,2295,2.068,4.287,1.222,100.9,174.0,13,166.7,173.69
chicago,p1160,634,2577,0.677,3.929,0.237,189.3,179.0,5,173.8,185.63
chicago,p1160,745,2438,1.665,3.51,0.001,188.9,151.5,3,170.1,159.04
chicago,p1160,748,3355,0.403,4.489,0.798,204.0,265.4,31,261.1,259.19
chicago,p1160,769,3165,0.988,3.262,0.263,161.9,182.4,1,179.6,166.0
chicago,p1160,802,1830,0.586,5.214,0.024,175.2,169.0,15,168.6,164.86
chicago,p1160,803,1821,0.293,5.145,0.077,175.7,166.0,6,167.9,164.98
chicago,p1160,963,1834,1.208,3.526,0.076,59.3,115.0,1,6.8,117.15
chicago,p1160,1146,1950,0.293,4.106,0.598,138.8,142.0,4,152.3,160.54
chicago,p1160,1159,3194,0.311,4.564,0.399,272.9,257.0,26,248.9,247.75
chicago,p1160,1210,3039,0.201,3.446,0.349,196.9,185.0,4,185.9,183.49
chicago,p1160,1231,3199,0.293,2.999,0.322,162.3,169.6,1,174.6,166.05
chicago,p1197,99,330,7.528,20.922,15.882,147.6,128.0,3,64.9,131.58
chicago,p1197,364,2413,1.273,0.95,0.016,67.1,42.0,1,31.5,37.74
chicago,p1197,374,2639,0.609,0.934,0.934,80.2,45.0,1,41.4,52.48
chicago,p1197,380,785,1.329,2.918,2.918,20.2,42.0,0,,42.02
chicago,p1197,632,519,3.321,5.721,0.374,26.5,54.0,0,,53.86
chicago,p1197,705,2369,2.104,0.967,0.967,18.1,42.0,1,38.8,37.7
chicago,p1197,732,512,1.661,15.081,5.542,202.0,140.0,7,140.7,140.99
chicago,p1197,1098,542,0.83,5.853,4.402,40.5,57.6,0,,54.8
chicago,p1197,1099,214,10.13,16.918,2.237,73.7,67.2,1,103.8,62.39
chicago,p1197,1100,165,17.714,19.663,14.579,53.3,60.8,4,71.3,60.94
chicago,p1197,1199,739,4.262,8.493,0.106,42.8,112.4,1,85.3,114.37
chicago,p1197,1214,223,11.957,18.53,1.512,105.8,76.8,1,91.9,77.03
chicago,p1227,5,942,3.259,7.26,0.183,119.3,122.0,10,115.3,122.42
chicago,p1227,12,2109,0.588,5.688,1.022,211.6,212.0,22,212.1,210.74
chicago,p1227,63,1480,1.177,4.752,0.231,96.3,125.0,2,154.1,154.74
chicago,p1227,69,1457,0.83,6.734,1.166,179.7,174.0,5,177.9,173.6
chicago,p1227,94,1660,0.196,4.134,0.083,133.3,122.0,2,161.7,122.82
chicago,p1227,617,1728,0.287,4.666,0.257,163.4,143.0,2,129.2,145.93
chicago,p1227,729,1318,1.871,10.642,0.374,256.6,249.6,26,244.5,250.75
chicago,p1227,748,3252,0.8,4.631,0.952,244.8,265.4,31,261.1,259.19
chicago,p1227,818,2237,0.392,4.193,0.059,175.5,166.0,1,157.9,167.72
chicago,p1227,834,3051,0.241,4.853,0.53,287.0,261.0,16,264.6,261.19
chicago,p1227,955,2124,0.302,4.77,0.157,171.5,179.2,4,186.1,178.57
chicago,p1227,986,1168,3.998,8.572,2.823,178.4,178.0,26,175.3,177.92
chicago,p1227,1015,917,0.558,11.16,1.442,183.6,183.0,27,189.3,188.0
chicago,p1227,1137,1669,1.901,10.125,0.391,270.8,300.0,29,265.5,264.96
chicago,p1227,1156,1609,2.882,9.734,3.393,183.0,278.0,25,272.2,176.51
chicago,p1227,1159,2987,0.211,4.879,0.0,229.1,257.0,26,252.8,247.75
chicago,p1227,1179,1565,2.746,6.92,0.164,184.7,192.0,27,177.9,192.3
chicago,p1227,1184,1790,0.785,4.694,0.17,146.4,149.0,6,152.1,134.95
chicago,p1227,1224,1653,0.498,6.042,0.158,158.7,177.0,20,164.0,166.38
chicago,p1266,12,2818,0.476,4.263,1.23,218.9,212.0,22,211.8,210.74
chicago,p1266,106,2042,1.74,5.148,0.894,124.6,186.0,8,197.6,201.43
chicago,p1266,142,2144,1.719,4.48,0.655,171.8,170.0,3,211.0,153.01
chicago,p1266,353,2032,1.367,4.979,1.104,183.8,179.0,5,180.1,182.88
chicago,p1266,439,1904,0.891,3.007,0.32,146.5,102.0,0,,101.78
chicago,p1266,441,1789,0.725,3.71,0.072,105.6,118.0,2,130.8,109.59
chicago,p1266,447,1276,2.61,4.08,0.25,119.3,93.0,1,97.5,82.11
chicago,p1266,466,1380,1.036,3.111,0.884,24.5,77.0,1,127.9,74.45
chicago,p1266,512,1524,0.932,3.417,0.306,100.3,93.0,2,101.9,85.22
chicago,p1266,518,1974,1.574,3.738,0.798,128.8,131.0,3,124.1,117.95
chicago,p1266,530,1902,0.497,3.881,1.273,119.4,131.0,4,120.7,122.94
chicago,p1266,535,1796,2.402,3.696,1.469,134.0,118.0,7,107.6,104.01
chicago,p1266,708,3389,0.911,4.384,0.559,260.8,261.8,25,257.8,256.24
chicago,p1266,748,2092,0.58,7.177,0.951,325.6,265.4,31,260.5,259.19
chicago,p1266,795,3539,0.828,3.638,0.238,201.1,227.0,24,237.9,232.98
chicago,p1266,834,2374,0.29,6.225,0.622,244.2,261.0,16,269.1,261.19
chicago,p1266,1137,3352,0.953,5.08,0.374,274.2,300.0,29,265.5,264.96
chicago,p1266,1156,3352,0.746,4.707,0.444,266.9,278.0,25,272.2,176.51
chicago,p1266,1159,2227,1.636,6.532,0.094,278.3,257.0,26,248.9,247.75
chicago,p1266,1207,1891,2.402,6.246,0.122,247.5,209.0,14,210.7,212.71
chicago,p1266,1211,2413,0.58,5.186,0.022,271.2,221.0,25,229.7,223.24
chicago,p1266,1227,1697,0.373,5.603,0.576,183.4,168.5,15,175.1,169.25
chicago,p1266,1239,2431,0.891,4.586,0.106,193.4,197.0,7,195.8,197.18
chicago,p1266,1254,1432,0.186,5.027,0.0,165.1,128.0,4,145.3,109.64
chicago,p1321,5,610,3.4,11.138,3.472,116.8,122.0,10,116.6,122.42
chicago,p1321,10,1568,0.66,7.342,0.037,206.5,204.0,25,200.9,206.61
chicago,p1321,19,1343,1.32,8.304,2.234,188.6,198.0,7,201.1,197.66
chicago,p1321,40,1374,1.684,6.147,0.492,134.4,150.0,8,137.6,149.25
chicago,p1321,66,1617,0.891,6.703,1.339,207.8,192.0,11,209.8,190.73
chicago,p1321,75,566,0.891,5.655,2.436,85.4,58.0,5,60.3,70.41
chicago,p1321,79,570,0.495,5.914,0.259,57.5,61.0,1,53.1,49.59
chicago,p1321,87,765,9.804,4.634,0.315,90.2,64.0,7,72.7,65.63
chicago,p1321,88,881,2.905,8.522,1.18,146.2,134.0,8,139.8,134.38
chicago,p1321,254,1170,2.113,7.549,1.893,158.1,157.0,16,155.4,161.77
chicago,p1321,715,1850,0.99,7.305,0.602,232.8,239.1,23,235.3,244.98
chicago,p1321,729,876,2.641,15.789,0.579,259.4,249.6,26,244.5,250.75
chicago,p1321,740,567,0.495,4.319,2.163,62.3,44.8,3,64.8,48.35
chicago,p1321,918,1470,2.74,11.193,0.287,326.3,292.9,28,306.4,292.38
chicago,p1321,926,991,0.627,10.016,1.801,153.3,177.0,8,153.8,173.03
chicago,p1321,952,1476,1.452,7.396,0.435,220.4,193.6,25,208.0,202.72
chicago,p1321,982,1000,1.915,10.095,0.079,160.1,180.0,18,178.1,174.78
chicago,p1321,986,777,7.526,12.765,2.335,172.1,178.0,26,175.9,177.92
chicago,p1321,990,883,0.528,15.209,6.131,200.5,242.0,9,244.7,238.88
chicago,p1321,1015,655,6.14,15.455,6.037,187.2,183.0,27,189.3,188.0
chicago,p1321,1131,1103,2.41,9.372,1.187,154.1,184.0,28,169.5,157.7
chicago,p1321,1140,1456,2.443,11.571,0.05,347.1,300.0,30,281.9,269.7
chicago,p1321,1167,1427,0.858,9.079,3.045,178.9,230.0,18,227.1,226.59
chicago,p1321,1179,1080,1.023,9.975,0.305,111.5,192.0,27,178.6,192.3
chicago,p1321,1241,1164,2.245,12.493,0.117,230.7,260.0,33,257.1,258.23
chicago,p1343,5,629,5.381,10.801,3.253,113.2,122.0,10,118.0,122.42
chicago,p1343,10,1605,1.452,7.171,0.009,202.3,204.0,25,200.9,206.61
chicago,p1343,19,1377,0.99,8.102,2.264,201.1,198.0,7,192.9,197.66
chicago,p1343,40,1378,1.981,6.131,0.509,147.2,150.0,8,134.1,149.25
chicago,p1343,66,1653,0.396,6.556,1.337,215.5,192.0,11,209.5,190.73
chicago,p1343,75,569,1.023,5.623,0.515,50.6,58.0,5,79.6,70.41
chicago,p1343,87,759,5.942,4.668,0.341,79.3,64.0,7,72.7,65.63
chicago,p1343,88,919,2.641,8.171,1.0,139.9,134.0,8,141.2,134.38
chicago,p1343,254,1171,2.377,7.542,3.214,173.0,157.0,16,155.4,161.77
chicago,p1343,630,2009,0.264,6.446,0.278,207.3,229.0,11,225.4,227.9
chicago,p1343,715,1887,1.122,7.163,0.606,234.6,239.1,23,235.3,244.98
chicago,p1343,729,911,2.377,15.206,0.556,256.4,249.6,26,244.5,250.75
chicago,p1343,740,566,0.99,4.327,2.169,83.5,44.8,3,62.3,48.35
chicago,p1343,918,1476,3.004,11.149,0.296,359.8,292.9,28,306.4,292.38
chicago,p1343,926,1013,0.528,9.8,2.175,151.3,177.0,8,153.9,173.03
chicago,p1343,952,1515,0.858,7.206,0.502,223.2,193.6,25,208.0,202.72
chicago,p1343,982,1022,0.561,9.877,0.077,158.8,180.0,18,178.1,174.78
chicago,p1343,986,806,6.866,12.322,3.568,170.0,178.0,26,175.9,177.92
chicago,p1343,990,918,0.495,14.65,5.784,240.0,242.0,9,244.7,238.88
chicago,p1343,1015,667,6.239,15.175,5.861,189.3,183.0,27,188.4,188.0
chicago,p1343,1131,1110,2.344,9.314,1.245,159.8,184.0,28,169.5,157.7
chicago,p1343,1140,1472,0.462,11.442,0.053,198.5,300.0,30,287.2,269.7
chicago,p1343,1179,1121,5.018,9.621,0.288,195.7,192.0,27,177.9,192.3
chicago,p1343,1224,1185,0.792,8.403,0.051,151.5,177.0,20,164.0,166.38
chicago,p1343,1241,1192,3.004,12.216,0.12,240.0,260.0,33,257.1,258.23
chicago,p1345,13,984,3.265,11.821,0.825,175.2,208.0,14,209.4,210.52
chicago,p1345,274,242,6.987,10.072,0.147,61.2,45.0,1,27.5,53.38
chicago,p1345,376,875,0.342,8.834,0.012,127.6,138.0,4,142.1,171.15
chicago,p1345,612,1787,1.633,4.957,0.434,206.3,157.0,4,147.8,140.63
chicago,p1345,630,1257,2.354,10.238,0.392,219.3,229.0,11,225.4,227.9
chicago,p1345,718,947,0.683,11.813,1.731,277.4,200.0,0,,206.54
chicago,p1345,730,629,3.835,12.367,2.257,192.8,140.0,5,128.7,141.22
chicago,p1345,732,745,2.886,10.496,0.923,127.2,140.0,7,144.7,140.99
chicago,p1345,733,679,2.392,11.483,1.372,183.6,140.0,6,128.5,140.9
chicago,p1345,736,1502,1.519,4.301,0.741,124.6,115.0,2,113.0,115.53
chicago,p1345,737,1529,1.709,4.672,0.491,113.1,127.0,2,105.0,128.42
chicago,p1345,738,1752,0.835,3.561,0.0,148.6,111.0,0,,113.32
chicago,p1345,1043,323,2.278,7.546,3.523,54.1,44.8,0,,58.71
chicago,p1345,1099,909,0.304,4.102,0.247,103.8,67.2,1,73.7,62.39
chicago,p1345,1100,953,1.291,3.531,0.151,63.7,60.8,4,71.3,60.94
chicago,p1345,1140,1088,4.708,15.313,0.092,270.7,300.0,30,287.2,269.7
chicago,p1345,1171,754,6.873,13.494,0.422,170.8,183.0,7,172.1,175.2
chicago,p1345,1187,1034,3.493,11.216,0.107,200.5,207.0,7,189.5,208.91
chicago,p1345,1194,1449,1.633,4.302,0.771,122.1,111.0,1,93.0,116.98
chicago,p1345,1195,1752,0.532,3.561,0.03,103.1,111.0,1,131.7,112.97
chicago,p1345,1197,601,1.633,9.821,0.0,90.8,106.0,3,119.7,105.2
chicago,p1345,1214,946,0.683,4.523,0.342,91.9,76.8,1,105.8,77.03
chicago,p1346,5,563,5.748,12.031,1.549,113.9,122.0,10,118.0,122.42
chicago,p1346,10,1535,1.928,7.497,0.059,187.7,204.0,25,202.3,206.61
chicago,p1346,19,1306,1.122,8.534,2.193,184.4,198.0,7,201.1,197.66
chicago,p1346,40,1324,1.718,6.377,0.177,122.6,150.0,8,137.9,149.25
chicago,p1346,66,1583,0.421,6.846,1.338,217.7,192.0,11,209.5,190.73
chicago,p1346,75,516,0.981,6.2,0.361,60.3,58.0,5,79.6,70.41
chicago,p1346,87,715,10.41,4.954,0.219,90.3,64.0,7,72.7,65.63
chicago,p1346,88,849,3.049,8.837,1.341,144.5,134.0,8,139.8,134.38
chicago,p1346,246,1257,0.876,5.273,0.571,140.9,118.0,2,155.4,109.52
chicago,p1346,254,1120,2.313,7.882,1.682,156.0,157.0,16,156.4,161.77
chicago,p1346,715,1816,1.227,7.438,0.592,205.6,239.1,23,235.3,244.98
chicago,p1346,729,840,2.734,16.42,0.606,261.7,249.6,26,244.5,250.75
chicago,p1346,740,517,0.526,4.734,2.513,64.8,44.8,3,62.3,48.35
chicago,p1346,918,1420,2.804,11.575,0.304,323.7,292.9,28,306.4,292.38
chicago,p1346,926,946,0.561,10.482,2.57,153.0,177.0,8,153.9,173.03
chicago,p1346,952,1445,0.981,7.552,0.371,229.3,193.6,25,208.0,202.72
chicago,p1346,982,955,1.227,10.559,0.077,156.2,180.0,18,178.1,174.78
chicago,p1346,986,736,7.816,13.452,4.123,173.6,178.0,26,175.9,177.92
chicago,p1346,990,847,0.561,15.813,6.504,248.3,242.0,9,244.1,238.88
chicago,p1346,1015,606,6.52,16.631,6.659,188.0,183.0,27,189.3,188.0
chicago,p1346,1131,1053,2.664,9.806,0.938,151.3,184.0,28,169.5,157.7
chicago,p1346,1140,1408,0.526,11.948,0.055,383.7,300.0,30,281.9,269.7
chicago,p1346,1179,1051,1.753,10.244,0.327,151.8,192.0,27,178.6,192.3
chicago,p1346,1241,1122,2.944,12.946,0.129,230.4,260.0,33,257.1,258.23
chicago,p1347,277,930,2.316,4.183,1.131,89.4,70.0,0,,57.52
chicago,p1347,278,698,4.443,5.076,0.276,76.1,64.0,0,,57.46
chicago,p1347,279,581,5.81,6.675,6.675,69.5,70.0,1,105.7,57.34
chicago,p1347,404,638,1.974,6.97,1.71,77.2,80.0,4,70.5,17.61
chicago,p1347,405,561,4.139,7.911,0.942,96.1,80.0,3,72.5,74.22
chicago,p1347,408,1113,0.532,4.009,1.161,90.3,80.0,4,101.7,73.16
chicago,p1347,409,1027,2.088,5.063,1.52,81.4,93.0,4,78.0,80.34
chicago,p1347,410,944,1.709,4.12,0.111,88.6,70.0,1,93.1,64.5
chicago,p1347,609,2280,0.342,2.211,0.45,129.3,90.0,8,93.1,101.63
chicago,p1347,610,810,2.696,4.8,0.617,103.3,70.0,0,,57.38
chicago,p1347,703,1879,0.532,1.585,0.021,102.0,54.0,1,56.2,60.62
chicago,p1347,1010,3524,0.532,3.657,0.204,147.5,227.2,18,219.9,225.25
chicago,p1347,1059,1973,0.721,3.284,0.852,118.2,115.2,3,119.3,136.11
chicago,p1347,1060,1973,0.608,4.302,1.018,105.9,150.4,9,139.9,136.31
chicago,p1347,1198,3514,0.721,2.916,0.037,169.5,181.0,16,194.1,183.52
chicago,p1347,1255,1757,5.81,1.565,0.068,49.4,50.0,1,50.9,39.87
chicago,p1454,119,2373,0.291,3.592,0.208,152.8,151.0,0,,150.69
chicago,p1454,142,2317,0.388,4.146,0.239,129.6,170.0,3,211.0,153.01
chicago,p1454,359,2603,0.501,4.241,0.019,207.8,195.0,5,198.3,169.03
chicago,p1454,502,1962,0.582,2.917,0.26,92.8,102.0,0,,14.55
chicago,p1454,627,3369,0.291,2.923,0.025,220.7,174.0,13,166.6,173.69
chicago,p1454,708,3520,0.194,4.222,1.03,244.9,261.8,25,258.3,256.24
chicago,p1454,716,3030,0.501,2.627,0.109,192.2,141.0,0,,144.89
chicago,p1454,747,2477,1.698,3.673,0.288,167.4,161.0,4,193.6,161.19
chicago,p1454,748,2424,0.728,6.203,1.266,261.8,265.4,31,260.5,259.19
chicago,p1454,769,2528,0.194,4.082,0.175,179.6,182.4,1,161.9,166.0
chicago,p1454,795,3650,0.615,3.528,0.229,266.7,227.0,24,235.8,232.98
chicago,p1454,822,2742,1.261,3.922,0.15,202.2,190.0,8,198.4,193.64
chicago,p1454,834,2687,1.31,5.507,0.116,275.6,261.0,16,264.6,261.19
chicago,p1454,1137,3441,1.019,4.95,0.342,278.3,300.0,29,265.5,264.96
chicago,p1454,1156,3425,1.552,4.608,1.075,270.5,278.0,25,272.2,176.51
chicago,p1454,1159,2493,1.569,5.84,0.082,255.6,257.0,26,248.9,247.75
chicago,p1454,1201,2753,0.598,3.285,0.169,188.9,160.0,1,174.1,142.51
chicago,p1454,1204,2730,0.307,3.772,0.239,169.7,182.0,4,184.9,191.88
chicago,p1454,1209,2481,1.973,4.38,0.073,186.5,192.0,7,204.3,182.61
chicago,p1454,1210,2608,0.776,4.013,0.018,191.8,185.0,4,188.5,183.49
chicago,p1454,1211,2676,0.792,4.679,1.03,186.3,221.0,25,236.4,223.24
chicago,p1454,1227,2042,1.957,4.66,0.006,179.0,168.5,15,175.1,169.25
chicago,p1454,1230,2231,0.291,3.069,0.485,147.1,121.6,0,,115.55
chicago,p1454,1231,2454,0.388,3.908,0.539,174.6,169.6,1,162.3,166.05
chicago,p1454,1235,2525,1.666,3.58,0.167,149.8,160.0,1,213.6,149.69
chicago,p1454,1239,2613,1.666,4.269,0.064,197.3,197.0,7,193.4,197.18
chicago,p1455,10,2893,0.727,3.994,1.175,196.7,204.0,25,202.3,206.61
chicago,p1455,11,2209,1.223,4.246,0.271,170.2,166.0,12,183.6,172.12
chicago,p1455,12,2932,1.256,4.097,0.449,204.8,212.0,22,212.1,210.74
chicago,p1455,46,2420,0.297,3.546,0.01,170.4,152.0,5,148.4,152.39
chicago,p1455,50,2237,0.694,4.269,0.068,200.2,169.0,20,169.3,173.64
chicago,p1455,69,2380,0.562,4.134,0.628,177.9,174.0,5,179.4,173.6
chicago,p1455,254,2213,0.364,4.007,0.351,165.1,157.0,16,155.4,161.77
chicago,p1455,335,2922,0.76,3.798,0.492,209.5,196.0,22,206.4,197.26
chicago,p1455,341,2796,0.595,3.582,0.667,202.6,177.0,19,169.1,181.31
chicago,p1455,668,2549,0.496,5.2,1.066,197.0,234.0,22,216.4,233.91
chicago,p1455,708,2459,1.454,6.032,0.808,270.9,261.8,25,257.8,256.24
chicago,p1455,715,3173,0.264,4.273,0.279,221.0,239.1,23,235.3,244.98
chicago,p1455,717,2670,0.364,5.52,2.136,283.2,260.0,8,288.1,269.37
chicago,p1455,723,2657,0.331,5.545,0.853,199.0,260.0,9,284.1,270.25
chicago,p1455,729,2195,1.124,6.435,0.216,240.1,249.6,26,247.4,250.75
chicago,p1455,741,2837,0.43,3.811,3.811,232.8,191.0,22,185.9,197.35
chicago,p1455,748,3946,1.289,3.819,0.282,260.5,265.4,31,261.1,259.19
chicago,p1455,751,3032,0.297,2.915,0.38,198.0,156.4,20,158.8,158.84
chicago,p1455,795,2269,1.553,5.662,0.378,249.7,227.0,24,235.8,232.98
chicago,p1455,798,2246,0.727,5.165,0.081,232.8,205.0,24,210.2,211.81
chicago,p1455,801,2165,0.958,4.385,0.116,188.6,168.0,17,168.5,169.19
chicago,p1455,802,2238,0.496,4.267,0.054,178.4,169.0,15,168.6,164.86
chicago,p1455,804,2850,0.76,3.924,0.113,243.0,197.5,23,200.9,197.78
chicago,p1455,809,2970,0.264,3.414,0.062,169.2,179.2,6,184.9,175.88
chicago,p1455,918,2541,2.016,6.53,0.167,290.5,292.9,28,307.9,292.38
chicago,p1455,952,2805,1.025,3.907,0.487,191.4,193.6,25,208.2,202.72
chicago,p1455,986,2072,2.611,4.854,0.633,170.8,178.0,26,175.9,177.92
chicago,p1455,1015,1864,2.181,5.547,1.029,187.5,183.0,27,189.3,188.0
chicago,p1455,1042,1471,0.958,3.656,0.543,114.6,96.0,9,108.8,105.73
chicago,p1455,1131,2218,1.752,4.692,0.422,165.0,184.0,28,169.5,157.7
chicago,p1455,1137,2429,1.454,6.994,0.365,261.6,300.0,29,266.2,264.96
chicago,p1455,1140,2644,2.247,6.431,0.027,263.5,300.0,30,287.2,269.7
chicago,p1455,1156,2375,1.95,6.628,0.812,177.8,278.0,25,272.2,176.51
chicago,p1455,1179,2411,2.082,4.506,0.064,166.6,192.0,27,178.6,192.3
chicago,p1455,1211,3544,0.264,3.536,0.183,253.1,221.0,25,229.7,223.24
chicago,p1455,1224,2472,0.727,4.05,0.106,159.6,177.0,20,164.0,166.38
chicago,p1455,1241,2443,2.479,6.029,0.049,249.0,260.0,33,257.1,258.23
chicago,p1457,50,3304,0.698,2.893,0.306,152.5,169.0,20,170.0,173.64
chicago,p1457,335,3995,0.398,2.78,0.486,223.4,196.0,22,206.4,197.26
chicago,p1457,341,3856,0.497,2.599,0.437,102.7,177.0,19,170.2,181.31
chicago,p1457,627,3839,0.098,2.565,0.108,231.0,174.0,13,166.6,173.69
chicago,p1457,708,3536,0.817,4.203,0.66,245.7,261.8,25,258.3,256.24
chicago,p1457,714,3290,0.098,2.802,0.021,180.7,163.0,4,155.0,164.83
chicago,p1457,751,4091,0.321,2.162,0.195,158.7,156.4,20,158.9,158.84
chicago,p1457,798,3323,0.502,3.496,0.056,159.0,205.0,24,212.6,211.81
chicago,p1457,801,3234,0.802,2.938,0.045,176.2,168.0,17,168.5,169.19
chicago,p1457,802,3309,0.398,2.889,0.042,168.6,169.0,15,172.1,164.86
chicago,p1457,803,3297,0.103,2.847,0.042,160.4,166.0,6,174.6,164.98
chicago,p1457,1211,4620,0.404,2.714,0.24,216.9,221.0,25,236.4,223.24
chicago,p1647,106,2175,1.981,4.836,0.241,194.4,186.0,8,187.7,201.43
chicago,p1647,107,1754,0.789,2.97,0.085,106.5,93.0,3,103.4,88.38
chicago,p1647,112,1730,0.202,4.595,0.031,141.4,141.0,12,130.4,127.47
chicago,p1647,134,1838,1.65,3.332,0.172,112.6,109.0,6,110.2,102.59
chicago,p1647,347,3637,0.477,1.638,0.113,96.9,106.0,2,162.1,96.83
chicago,p1647,348,3565,0.99,2.185,0.5,118.2,138.0,4,140.0,120.81
chicago,p1647,353,2217,1.082,4.564,1.125,180.1,179.0,5,183.8,182.88
chicago,p1647,435,1667,0.202,3.878,0.141,126.0,115.0,2,125.0,122.14
chicago,p1647,452,2677,0.385,1.605,0.171,76.1,77.0,0,,70.58
chicago,p1647,460,2414,0.972,1.85,0.16,71.9,80.0,1,110.5,73.31
chicago,p1647,476,2703,0.293,1.526,0.025,82.5,74.0,0,,65.48
chicago,p1647,512,2754,0.183,1.893,0.288,84.1,93.0,2,110.0,85.22
chicago,p1647,518,2274,1.064,3.247,0.277,121.8,131.0,3,128.8,117.95
chicago,p1647,535,2478,1.65,2.68,1.14,56.7,118.0,7,107.9,104.01
chicago,p1647,536,2542,0.293,2.05,0.059,97.9,93.0,1,118.4,97.03
chicago,p1647,537,2609,1.559,2.831,0.453,129.7,131.0,8,126.2,124.75
chicago,p1647,554,3084,0.202,1.69,0.027,58.7,93.0,2,69.4,81.1
chicago,p1647,567,2930,0.495,1.525,0.144,106.8,80.0,9,108.8,92.35
chicago,p1647,574,4361,0.293,0.526,0.526,62.9,42.0,0,,43.62
chicago,p1647,575,4454,0.917,1.08,0.317,79.9,86.0,0,,76.55
chicago,p1647,577,3348,0.202,2.378,0.649,115.4,141.0,7,132.4,121.53
chicago,p1647,580,3002,0.697,1.679,0.154,110.0,90.0,4,73.4,79.16
chicago,p1647,581,2991,0.293,1.685,0.185,84.4,90.0,11,88.3,84.72
chicago,p1647,588,2817,0.293,1.972,0.463,99.2,99.0,11,93.5,88.49
chicago,p1647,590,2861,1.265,2.321,0.103,116.3,118.0,14,106.8,103.47
chicago,p1647,592,3025,0.697,2.083,0.371,121.3,112.0,16,117.3,103.83
chicago,p1647,593,3073,0.807,2.832,0.749,143.0,154.0,18,136.1,133.14
chicago,p1647,594,4278,1.009,0.696,0.696,72.5,54.0,0,,59.6
chicago,p1647,595,4215,0.202,1.712,1.712,123.2,128.0,4,136.4,114.94
chicago,p1647,596,4404,0.202,0.976,0.331,63.2,77.0,0,,60.71
chicago,p1647,601,4708,0.403,1.144,0.439,88.9,96.0,0,,86.07
chicago,p1647,604,4893,0.312,0.691,0.037,85.7,61.0,1,71.7,59.2
chicago,p1647,606,4963,0.202,1.085,0.394,93.0,96.0,2,223.5,87.56
chicago,p1647,621,2322,0.844,3.033,0.522,143.2,125.0,1,259.5,122.56
chicago,p1647,692,4940,0.202,0.684,0.003,86.1,61.0,1,60.1,6.81
chicago,p1647,747,2128,2.091,4.272,1.357,151.8,161.0,4,193.6,161.19
chicago,p1647,748,2158,0.403,6.959,3.081,242.2,265.4,31,261.1,259.19
chicago,p1647,834,1883,1.742,7.831,2.805,259.1,261.0,16,269.1,261.19
chicago,p1647,1002,4867,0.624,1.144,0.0,105.4,99.2,2,221.4,88.28
