{"north": 90.0, "south": -90.0, "east": 180.0, "west": -180.0, "vmin": -9578.7890625, "vmax": 5914.94189453125}